/*
SQLyog Professional v12.09 (64 bit)
MySQL - 8.0.13 : Database - dblegal
*********************************************************************
*/


/*!40101 SET NAMES utf8 */;

/*!40101 SET SQL_MODE=''*/;

/*!40014 SET @OLD_UNIQUE_CHECKS=@@UNIQUE_CHECKS, UNIQUE_CHECKS=0 */;
/*!40014 SET @OLD_FOREIGN_KEY_CHECKS=@@FOREIGN_KEY_CHECKS, FOREIGN_KEY_CHECKS=0 */;
/*!40101 SET @OLD_SQL_MODE=@@SQL_MODE, SQL_MODE='NO_AUTO_VALUE_ON_ZERO' */;
/*!40111 SET @OLD_SQL_NOTES=@@SQL_NOTES, SQL_NOTES=0 */;
CREATE DATABASE /*!32312 IF NOT EXISTS*/`dblegal` /*!40100 DEFAULT CHARACTER SET utf8 COLLATE utf8_unicode_ci */;

USE `dblegal`;

/*Table structure for table `attachment` */

DROP TABLE IF EXISTS `attachment`;

CREATE TABLE `attachment` (
  `attachment_id` int(11) NOT NULL AUTO_INCREMENT,
  `expire` datetime DEFAULT NULL,
  `temp_id` varchar(255) CHARACTER SET utf8 COLLATE utf8_unicode_ci DEFAULT '',
  `item_class` varchar(255) CHARACTER SET utf8 COLLATE utf8_unicode_ci DEFAULT '',
  `item_id` int(11) DEFAULT '0',
  `item_org_id` int(11) DEFAULT '0',
  `contents_data` longblob,
  `contents_mimetype` varchar(255) CHARACTER SET utf8 COLLATE utf8_unicode_ci DEFAULT NULL,
  `contents_filename` varchar(255) CHARACTER SET utf8 COLLATE utf8_unicode_ci DEFAULT NULL,
  PRIMARY KEY (`attachment_id`),
  KEY `temp_id` (`temp_id`),
  KEY `item_class_item_id` (`item_class`,`item_id`),
  KEY `item_org_id` (`item_org_id`)
) ENGINE=InnoDB DEFAULT CHARSET=utf8 COLLATE=utf8_unicode_ci;

/*Data for the table `attachment` */

/*Table structure for table `award` */

DROP TABLE IF EXISTS `award`;

CREATE TABLE `award` (
  `Award_PK` int(11) NOT NULL AUTO_INCREMENT,
  `Officer_Id` int(50) NOT NULL,
  `Award_name` varchar(200) NOT NULL,
  `award_marks` int(50) NOT NULL,
  `ForPromotionto` int(50) NOT NULL,
  PRIMARY KEY (`Award_PK`)
) ENGINE=InnoDB DEFAULT CHARSET=latin1;

/*Data for the table `award` */

/*Table structure for table `case` */

DROP TABLE IF EXISTS `case`;

CREATE TABLE `case` (
  `CaseId` int(11) NOT NULL AUTO_INCREMENT,
  `DeptRelevantOther` varchar(200) CHARACTER SET latin1 COLLATE latin1_swedish_ci DEFAULT 'NULL',
  `DeptId` int(32) NOT NULL,
  `CourtId` int(100) NOT NULL,
  `CaseCityId` int(200) NOT NULL,
  `CaseNatureId` int(100) NOT NULL,
  `InvolovedAmount` varchar(100) CHARACTER SET latin1 COLLATE latin1_swedish_ci DEFAULT 'NULL',
  `CaseTitleAndSubjectMatter` varchar(200) NOT NULL,
  `Remarks` varchar(200) NOT NULL,
  `FileNos` varchar(200) NOT NULL,
  `CaseNumber` varchar(250) NOT NULL,
  `InitialDate` date NOT NULL,
  `RecordSatus` tinyint(1) NOT NULL DEFAULT '1',
  `LandCompensation` int(200) unsigned DEFAULT '0',
  `nature` varchar(50) CHARACTER SET latin1 COLLATE latin1_swedish_ci DEFAULT 'NULL',
  `pdesc` text,
  `rsought` text,
  PRIMARY KEY (`CaseId`)
) ENGINE=InnoDB AUTO_INCREMENT=750 DEFAULT CHARSET=latin1;

/*Data for the table `case` */

insert  into `case`(`CaseId`,`DeptRelevantOther`,`DeptId`,`CourtId`,`CaseCityId`,`CaseNatureId`,`InvolovedAmount`,`CaseTitleAndSubjectMatter`,`Remarks`,`FileNos`,`CaseNumber`,`InitialDate`,`RecordSatus`,`LandCompensation`,`nature`,`pdesc`,`rsought`) values (66,'1',1,5,1,3,'100000','NTDC VS Khalid Hussain & Muhammad Ramzan, theves regarding bail before arrest involved in theft of braces of towers','--','6089','12343','2018-01-01',0,0,NULL,NULL,NULL),(67,'',1,9,4,8,'','WAPDA VS Muhammad Rizwan Ex-DD','','221','Appeal No.85/2006','2012-08-13',1,0,'local','Civil suit for recovery was filed against defendants Ex-Dy. Director for recovery of Rs.245,510/- on account of misappropriation, that suit was decreed against Wapda/NTDC ,being aggrieved Appellant filed appeal.','Prayed that the Judgment dated vide 03-02-2010 by Honourable Addl. District Judge Hyderabad may kindly be set-aside in the interest of justice.'),(68,'1',1,10,3,5,'','Muhammad Sharif, Telecom Supervisor VS CE (Telecom) NTDC','Pending in the Court','363','WP No. MN-3473/2010','2011-06-01',0,0,NULL,NULL,NULL),(69,'1',1,5,3,5,'','Muhammad Sharif Telecom Supervisor Vs Chairman WAPDA etc','Pending','363','Case No.12T(      )L','2016-02-11',0,0,NULL,NULL,NULL),(70,'1',1,7,1,8,'372906.12','Filing of appeal against Judgment dated 20.06.2012 of Senior Civil Judge, Lahore in case of Imtiaz Ahmad Ex. Divisional Accountant.','Pending','582','Nil','2012-07-20',0,0,NULL,NULL,NULL),(71,'1',1,11,1,9,'','Muhammad Usman Khan, telex operator VS NTDC','Case transferred from Labour Court No.1 Lahore','283','Case No.7A(129)/15-L out of Old Appeal No. 62/2010','2010-05-21',0,0,NULL,NULL,NULL),(72,'1',1,12,1,9,'','Muhammad Usman Khan, telex operator VS NTDC','Case is adjourned Sine die on 28.10.2013 as LHC stayed proceedings of cases of NTDC employees in Labour Court','283','Contempt Appeal No. 39/2012','2010-05-21',0,0,NULL,NULL,NULL),(73,'1',1,13,2,10,'','NTDC Vs Muhammad Akram Ex. Junior Engineer against decision of FST Lahore Bench dated 17.03.2017','Status quo','1132','CP No.1419/2017','2017-04-18',0,0,NULL,NULL,NULL),(74,'1',1,14,1,10,'','Muhammad Akram Ex. Junior Engineer (Telecom) Vs NTDC etc for not implementation of order dated 17.03.2017','Pending','1132','Appeal No.841(l)CS-02','2017-05-30',0,0,NULL,NULL,NULL),(75,'1',1,14,1,11,'','Mr. Atif Mehmood S/o Irshad Ahmad Ex. Jnior Clerk (Telecom) vs NTDC','Pending','1382','CRL. Org. No.98/2017 in Appeal No.518/l/2016','2017-05-22',0,0,NULL,NULL,NULL),(76,'',4,9,4,5,'','Mr. Mustafa Kamal Panhwar & Syed Farooq Hussain Asstt. Engrs. VS WAPDA/PEPCO','Pending in the Court','791','CP No. D-1143/2011','2012-03-21',1,0,'local','Writ Petition was filed to consider the petitioner to be appointed under Employees son quota and petitioner is a son of Ex-Mali (Late)','Prayed that delay that petitioner may be appointed under Children Quota and delay in appointment of the Petitioner may be death according to law.'),(77,'1',1,15,4,12,'57,140','Recovery Suit filed by NTDC VS Mr. Ali Ahmad Haleemi, Ex Jr. Engr. for surety bond','Pending','830','Nil','2012-09-13',0,0,NULL,NULL,NULL),(78,'1',1,18,4,12,'69,200','Execution Application for recovery of surity bond by NTDCL Vs Altaf Ahmad Nizamani Ex. Junior Engineer','Pending','99','Nil','2013-01-24',0,0,NULL,NULL,NULL),(79,'1',1,19,5,12,'116,000','Execution petition in Suit No.01/2007 filed by NTDCL VS Allah Wasayo s/o Qadir Buksh ex-Jr. Engr. For recovery of surety bond.','Pending','99','Nil','2013-02-02',0,0,NULL,NULL,NULL),(80,'1',1,9,4,13,'16554000','NTDC/WAPDA vs SITE Associate Ltd. Hyderabad','Pending','682','Appeal No. 40/1975','1975-08-11',1,0,NULL,NULL,NULL),(81,'',1,9,4,14,'','NTDC regarding non lodging FIR on attempt of Land grabbing of Plot No. B-12','Pending','892 & 1076','Criminal Misc. Application No. 163/2015','2015-03-04',1,0,'local','FIR was lodged against Illegal land gamblers who tried to get possession on gun point of the land  plot no-12  T.M Khan Road Hyderabad of the WAPDA/NTDC  .','Prayed that the culprits be punished for the better interest of state.'),(82,'1',1,20,4,14,'','NTDC VS Land Grabbers named M/s Mukhtar, Afzal Shah and Amjad Khan','Pending','892 & 1076','FIR No. 29/2013','2013-04-25',0,0,NULL,NULL,NULL),(83,'',4,9,4,14,'','NTDC Vs Land Grabbers regarding illegal grabbing of Plot No. B-12','Pending','892 & 1076','CP No.2246/2014','2014-11-06',1,0,'local','NTDC the petitioner filed Writ Petition against Illegal land gamblers who tried to get possession on gun point of the land  plot no-12  T.M Khan Road Hyderabad of the WAPDA/NTDC  .','Prayed that the respondents be restrained from possession attempts at the land of the petitioners.'),(84,'',1,9,4,14,'','Mr. Sarfraz Ahmad Qureshi (Factory owner) VS NTDC  & others','Pending','892 & 1076','Criminal Miscellaneous Application No. 750/2014','2015-02-27',1,0,'local','The petitioner filed Writ Petition against Illegal land gamblers who tried to get possession on gun point of the land  plot no-12  T.M Khan Road Hyderabad of the WAPDA/NTDC  .','Prayed that the respondents be restrained from possession attempts at the land of the petitioners.'),(85,'1',1,21,6,13,'687360','Zahir-ul-Islam SSK SEPCO vs NTDC','Pending','1316','Petition No. 4B(21)2016-S 24(34)2016-S','2016-11-25',0,0,NULL,NULL,NULL),(86,'1',1,22,4,11,'','Mr. Mansoor Mian S/o Ghulam Rabbani vs Chief Executive Officer, NTDC Lahore and others','Pending','680','Case No. 4B(427)/2014-K','2012-10-13',0,0,NULL,NULL,NULL),(87,'',1,9,4,5,'','Mr. ROSHAN DIN ASSA VS FOP/NTDC ETC','Pending','1309','CP No. D-2457/2016','2016-10-14',1,0,'local','Writ Petition was filed by the petitioner against cancellation of his promotion order in Bps-14 acquired on 5% quota basis.','Prayed that the order of cancellation of his promotion be set aside and he may be allowed for Continuation of Service as SSO_II(BPS-14) .'),(88,'1',1,18,1,3,'0002222','edddd','nil','922','121','2018-07-31',0,5555,NULL,NULL,NULL),(89,'',1,9,4,11,'','Mr. Nek Muhammad VS WAPDA & others','Pending','922','CP No. D-1343 of 2013','2013-07-09',1,0,'local','Writ Petition was filed by the petitioner employee as Security guard against termination of contract of his service.','Prayed that respondents action of cancellation of Termination of contract be declared illegal void and they may be directed to Re-instate in Service  as Security Guard'),(90,'1',1,9,4,11,'Nil','Mr. Nek Muhammad VS WAPDA & others','Nil','922','CP No. D-1343 of 2013','2013-07-09',0,0,NULL,NULL,NULL),(91,'',1,23,6,7,'','Mr. Asim Hussain Qazi VS NTDCL','Pending','1231','CP No. D-2513/2015','2015-11-30',1,0,'local','Writ Petition was filed by the petitioner against non -consideration of recruitment under employees children quota.','prayed that the respondents be directed for issuance of appointment order to the petitioner under 20% employees son quota.'),(92,'1',1,24,8,15,'','Mr. Jamal Nasir AM (L&IR) Vs SE GSO Quetta','Pending','1204','CASE No. 4A (07)/2015-Q','2015-10-06',0,0,NULL,NULL,NULL),(93,'1',1,24,8,15,'','Mr. Jamal Nasir AM (L&IR) Vs SE GSO Quetta','Pending','1204','CASE No. 4A (07)/2015-Q','2015-10-06',0,0,NULL,NULL,NULL),(94,'1',1,24,8,15,'','Mr. Jamal Nasir AM (L&IR) Vs SE GSO Quetta','Pending','1204','CASE No. 4A (07)/2015-Q','2015-10-06',0,0,NULL,NULL,NULL),(95,'1',1,24,8,15,'','Mr. Jamal Nasir AM (L&IR) Vs SE GSO Quetta','Pending','1204','CASE No. 4A (07)/2015-Q','2015-10-06',0,0,NULL,NULL,NULL),(96,'1',1,24,8,15,'','Mr. Jamal Nasir AM (L&IR) Vs SE GSO Quetta','Pending','1204','CASE No. 4A (07)/2015-Q','2015-10-06',0,0,NULL,NULL,NULL),(97,'1',1,24,8,15,'','Mr. Jamal Nasir AM (L&IR) Vs SE GSO Quetta','Pending','1204','CASE No. 4A (07)/2015-Q','2015-10-06',0,0,NULL,NULL,NULL),(98,'1',1,24,8,15,'','Mr. Jamal Nasir AM (L&IR) Vs SE GSO Quetta','Pending','1204','CASE No. 4A (07)/2015-Q','2015-10-06',0,0,NULL,NULL,NULL),(99,'1',1,24,8,15,'','Mr. Jamal Nasir AM (L&IR) Vs SE GSO Quetta','Pending','1204','CASE No. 4A (07)/2015-Q','2015-10-06',0,0,NULL,NULL,NULL),(100,'1',1,24,8,15,'','Mr. Jamal Nasir AM (L&IR) Vs SE GSO Quetta','Pending','1204','CASE No. 4A (07)/2015-Q','2015-10-06',0,0,NULL,NULL,NULL),(101,'1',1,24,8,15,'','Mr. Jamal Nasir AM (L&IR) Vs SE GSO Quetta','Pending','1204','CASE No. 4A (07)/2015-Q','2015-10-06',0,0,NULL,NULL,NULL),(102,'1',1,24,8,15,'','Mr. Jamal Nasir AM (L&IR) Vs SE GSO Quetta','Pending','1204','CASE No. 4A (07)/2015-Q','2015-10-06',0,0,NULL,NULL,NULL),(103,'1',1,24,8,15,'','Mr. Jamal Nasir AM (L&IR) Vs SE GSO Quetta','Pending','1204','CASE No. 4A (07)/2015-Q','2015-10-06',0,0,NULL,NULL,NULL),(104,'1',1,24,8,15,'','Mr. Jamal Nasir AM (L&IR) Vs SE GSO Quetta','Pending','1204','CASE No. 4A (07)/2015-Q','2015-10-06',0,0,NULL,NULL,NULL),(105,'1',1,24,8,15,'','Mr. Jamal Nasir AM (L&IR) Vs SE GSO Quetta','Pending','1204','CASE No. 4A (07)/2015-Q','2015-10-06',0,0,NULL,NULL,NULL),(106,'1',1,24,8,15,'','Mr. Jamal Nasir AM (L&IR) Vs SE GSO Quetta','Pending','1204','CASE No. 4A (07)/2015-Q','2015-10-06',0,0,NULL,NULL,NULL),(107,'1',1,24,8,15,'','Mr. Jamal Nasir AM (L&IR) Vs SE GSO Quetta','Pending','1204','CASE No. 4A (07)/2015-Q','2015-10-06',0,0,NULL,NULL,NULL),(108,'1',1,24,8,15,'','Mr. Jamal Nasir AM (L&IR) Vs SE GSO Quetta','Pending','1204','CASE No. 4A (07)/2015-Q','2015-10-06',0,0,NULL,NULL,NULL),(109,'1',1,24,8,15,'','Mr. Jamal Nasir AM (L&IR) Vs SE GSO Quetta','Pending','1204','CASE No. 4A (07)/2015-Q','2015-10-06',0,0,NULL,NULL,NULL),(110,'1',1,24,8,15,'','Mr. Jamal Nasir AM (L&IR) Vs SE GSO Quetta','Pending','1204','CASE No. 4A (07)/2015-Q','2015-10-06',0,0,NULL,NULL,NULL),(111,'1',1,24,8,15,'','Mr. Jamal Nasir AM (L&IR) Vs SE GSO Quetta','Pending','1204','CASE No. 4A (07)/2015-Q','2015-10-06',0,0,NULL,NULL,NULL),(112,'1',1,25,4,6,'Nil','Syed Fawad Ali Zaidi S/o Jaffar Hussain Zaidi VS F.O.P etc;','nil','798','MA No. 13449/2015 in CP No. D-150/2012','2015-06-05',0,0,NULL,NULL,NULL),(113,'1',1,25,4,6,'Nil','Syed Fawad Ali Zaidi S/o Jaffar Hussain Zaidi VS F.O.P etc;','nil','798','MA No. 13449/2015 in CP No. D-150/2012','2015-06-05',0,0,NULL,NULL,NULL),(114,'1',1,25,4,6,'Nil','Syed Fawad Ali Zaidi S/o Jaffar Hussain Zaidi VS F.O.P etc;','nil','798','MA No. 13449/2015 in CP No. D-150/2012','2015-06-05',1,0,NULL,NULL,NULL),(115,'1',1,25,4,6,'Nil','Syed Fawad Ali Zaidi S/o Jaffar Hussain Zaidi VS F.O.P etc;','nil','798','MA No. 13449/2015 in CP No. D-150/2012','2015-06-05',0,0,NULL,NULL,NULL),(116,'1',1,25,4,6,'Nil','Syed Fawad Ali Zaidi S/o Jaffar Hussain Zaidi VS F.O.P etc;','nil','798','MA No. 13449/2015 in CP No. D-150/2012','2015-06-05',0,0,NULL,NULL,NULL),(117,'1',1,25,4,6,'Nil','Syed Fawad Ali Zaidi S/o Jaffar Hussain Zaidi VS F.O.P etc;','nil','798','MA No. 13449/2015 in CP No. D-150/2012','2015-06-05',0,0,NULL,NULL,NULL),(118,'1',1,25,4,6,'Nil','Syed Fawad Ali Zaidi S/o Jaffar Hussain Zaidi VS F.O.P etc;','nil','798','MA No. 13449/2015 in CP No. D-150/2012','2015-06-05',0,0,NULL,NULL,NULL),(119,'',4,25,4,5,'','Mr. Dasrat Kella AM VS PEPCO & others','Nil','762','CP No. D-1155/2010','2011-10-04',1,0,'local','Petitioner was not promoted to the rank of Dy. Manager. He has filed CP for his promotion as he fulfils the criteria of promotion.','Prayed the learned court to issue direction to respondent NTDC to consider his pending case of his promotion immediately.'),(120,'1',1,27,4,16,'nil','Magazine & Rounds against FIR No.45/99 dated  already registered','Pending','1208','Case filed for release of SMG Refle','2014-12-04',0,0,NULL,NULL,NULL),(121,'1',1,28,1,17,'7700000','M/s Saleem Shamim & Co. for his recovery claim regarding executed works.','Pending','1066','Civil Suit No. 398/2014','2014-10-15',0,0,NULL,NULL,NULL),(122,'',1,9,4,18,'','Mr. Jalal-ud-din & others vs Govt of Sindh/HESCO etc','Nil','1417','CP No.D-1167 of 2013','2017-02-22',1,0,'local','Writ Petition was filed by the residents against demolishing of Boundary wall of NTPS & existing Electric Poles of HESCO alongside road being used by the public.','Prayed that the Boundary wall of NTPS may be demolished & Electric Poles of HESCO may be shifted for convenience of Public at large.'),(123,'1',1,24,8,11,'nil','MR. MAZHAR ALI S/O BAGH ALI EX- SUB ENGINEER VS NTDC','Pending','236','CASE NO. 4B(08)/2016-Q','2017-12-05',0,0,NULL,NULL,NULL),(124,'',1,26,6,11,'nil','Abdul Fateh Jatoi ex-LM-I VS Federation of Pakistan/WAPDA/NTDC etc.','nil','679','CP No. D-2037/10','2010-10-27',1,0,'local','Writ Petition was filed by the petitioner employee as LM-I against termination of contract of his service.','Prayed that respondents action of cancellation of Termination of contract be declared illegal void and they may be directed to Re-instate in Service as LM-I.'),(125,'1',1,29,4,19,'nil','Abdul Hameed Shopkeeper Vs NTDC','nil','461','First Rent Appeal No.102 OF 2017','2017-12-05',0,0,NULL,NULL,NULL),(126,'',1,9,4,20,'','KHAN MUHAMMAD & OTHERS VS FOP/NTDC ETC','nil','1452','CP NO.D-3722/2017','2018-02-26',1,0,'local','Civil suit was filed by the residents of T.P.S Jamshoro which is a Coal Power Project for Providing of Welfare benefits of  jobs and drinking water owing to second largest coal mining field in district Jamshoro and people facing disaster in the name of development.','Prayed that the  Welfare benefits of  jobs and drinking water to the residents of T.P.S Jamshoro may be provided in the interest of justice.'),(127,'1',1,31,8,5,'','Mr. Bakhat Ali S/o Muzaffar Ali Domki Relay Mechanic VS NTDC','nil','921','CP No.574/2015','2017-09-20',1,0,NULL,NULL,NULL),(128,'1',1,9,4,20,'','MUHAMMAD IRSHAD KHAN S/O MUHAMMAD ISRAR KHAN VS FOP/NTDC ETC','nil','1479','CP NO.D-632/2018','2018-04-12',1,0,NULL,NULL,NULL),(129,'1',1,32,9,21,'','AQEEL AHMED S/O JALEEL AHMED VS FOP/NTDC ETC','nil','1514','CP NO.D-4577/2018','2018-06-12',1,0,NULL,NULL,NULL),(130,'1',1,25,4,22,'','M/s Shahid Brothers Hyd VS NTDCL & others','Nil','626','Suit No. D-990/2009','2009-12-16',1,0,NULL,NULL,NULL),(131,'1',1,34,10,23,'','Mumtaz Khashkheli & others Vs NTDC','Nil','580','Complaint No.571/2013','2012-01-01',0,0,NULL,NULL,NULL),(132,'1',1,9,4,24,'1949000','M/s Crescent Enterprises Hyderabad VS WAPDA etc','Nil','376','Appeal No. 32/2011','2012-03-12',1,0,NULL,NULL,NULL),(133,'',9,23,6,3,'','Ashfaq Ahmad Tagar VS FOP etc','Nil','1179','Const. Petition No. D-2060/2015','2015-07-15',1,0,'local','',''),(134,'1',1,23,6,3,'','Niaz Hussain Solangi & Others VS NTDCL against Installatin of Heavy Transmission Line','Nil','1257','C.P No. D-507/2016','2016-03-01',1,0,NULL,NULL,NULL),(135,'',9,32,9,25,'','KESC VS NEPRA/NTDC etc regarding installation Tuwariqi Steel Karachi','Nil','396','CP No. D-493 of 2007','2007-05-22',1,0,'local','Subject writ petition was filed by KESC against decision of NEPRA regarding electricity generation production agreement with the M/s Tuwariqi Steel Karachi with collaboration of NTDC & HESCO .','Prayed that respondents be directed to restrain form indulging any power purchase agreement with other company with in the territory of KESC.'),(136,'1',1,28,1,26,'14873175.95','Civil Suit Filed by M/s MIA Traders (Pvt) Ltd etc; VS WAPDA etc','Nil','966','Nil','2014-04-16',0,0,NULL,NULL,NULL),(137,'1',1,35,11,3,'','Suit filed by NTDC for cancellation of Fake Documents in Vs Gul Muhammad, Kareem Bukhsh land owners etc','Nil','789 & 857','Nil','2014-06-09',0,0,NULL,NULL,NULL),(138,'1',1,35,11,3,'','Court Case Filed by NTDCL Vs Gul Muhammad, Kareem Bukhsh Land Owner and others etc','Nil','789 & 857','Nil','2014-06-09',0,0,NULL,NULL,NULL),(139,'1',1,36,11,3,'','Court Case Filed by NTDCL Vs Gul Muhammad, Kareem Bukhsh Land Owner and others etc','Nil','789 & 857','Nil','2014-06-09',0,0,NULL,NULL,NULL),(140,'1',1,36,11,3,'','Gul Muhammad, Kareem Bukhsh & Sher Baz Khan Vs M/s I.C.C Pvt. Ltd (Contractor /WAPDA/NTDCL etc','Nil','789 & 857','Nil','2014-04-04',0,0,NULL,NULL,NULL),(141,'',9,37,3,3,'','Mian Munir Ahmad etc Vs Province of Punjab etc','Nil','1217','RFA-97/2012','2015-10-22',1,0,'local','Reference Appeal  filed by the land owners against the decision of the Reference Court whereby  claim for enhancement of compensation for the acquired land was dismissed.','Prayed for set aside the decree of Learned Referee court to enhance the compensation of Award according to the current Market Price of the Land in question.'),(142,'',9,9,4,27,'','against Judgment dated 27-03-2014 of Sindh Labour Appealt Tribunel (SLAT) in appeal No.HYD-19/2013 of Muhammad Sabir Ex. Driver','Nil','607','CP No.D-4773/2014','2014-08-12',1,0,'local','CP is filed by NTDC vs Ex. driver against decision f SLAT dated 27.03.2014 in the matter of determination of Date of Birth.','Prayed the Honable court to set aside the judgment of SLAT on the Legal as well as factual grounds because the respondent has been granted relief by the SLAT on grounds based on misrepresentation.'),(143,'',9,32,9,28,'','Barqaab Consulting Services Pvt. Ltd Vs Province of Sindh / NTDC etc','Nil','1348','CP No.D-430/2017','2017-02-07',1,0,'local','Through the subject Writ petition the petitioner MS.BURQAAB consultancy firm challenged the Imposition of provincial sales tax on services.','Prayed that action of recovery of the Tax department regarding sales tax may please be declared illegal.'),(144,'',9,38,9,6,'','Syed Tahir Hussain LAC (Retd) Vs PEPCO/NTDCL etc against Judgement dated 10.11.2015 in Appeal No. 65(K)CS/2012 Passed by FST','Nil','691','Civil Petition No. 29(K)/2016','2016-03-16',1,0,'local','CP No.29(k)2016 petitioner (Employee) challenged the decision of FST dated 10.11.2015 on different grounds regarding his Promotion /up gradation from BPS-17 to BPS-18 because the learned FST did not accept the request of the petitioner.','prayed that the leave may kindly be granted resultantly the judgment of Learned FST be set aside and the petitioner be granted move over in BPS-19 after readjusting his seniority of BPS-17 & BPS-18.'),(145,'1',1,39,1,3,'','NTDC against Judgement dated 09.02.2012 of Lahore High Court Lahore  VS Abdul Hameed etc land owners regarding land acqusition of 500KV G/S Gatti Fasialabad','Nil','423','Civil Appeal No. 305-L/2012','2012-03-20',1,0,NULL,NULL,NULL),(146,'',8,13,2,3,'','Muhammad Waris S/o Zardad land owner VS NTDC etc against Judgement dated 11.11.2015 in WP No. 804-A/2015 of Peshawar High Court Abbotabad Bench','Nil','1174','CP No. 184/2016','2016-04-07',1,0,'local','Land owner filed Writ Petition No.804-A/2015 against Wapda/NTDC against construction work of high tension T/L which was decided in favor of NTDC on 11.11.2015. Appellant has challenged the adverse order of high court by way of filing civil petition for leave to appeal','Prayed the apex court to set aside the order dated 11.11.2015 of high court and direct respondent to make payment of compensation of the effected land'),(147,'1',1,13,2,3,'','WAPDA/NTDC against Judgment of Peshawar High Court dated 20-05-2016 in WP No. 2860/2013 titled as Mst. Akbaro wife of Gul Badshahd etc land owners of 500KV G/S Sheikh Muhammad Ali Peshawar','Nil','1152','Civil Petition No.948/2016','2016-04-25',1,0,NULL,NULL,NULL),(148,'',8,13,2,3,'','NTDC Vs Ajmal etc S/o Haji Taj  against judgment dated 23.12.2015 of Pshawar High Court Peshawar','Nil','379','Civil Petition No.438/2016','2016-03-14',1,1734631,'local','Wapda acquired a piece of land measuring 223 canal land for construction of 220KV G/S Shahi Bagh during 1997. the award was challenged by some of the land owners for enhancement of compensation . Civil Judge Peshawar vide order dated 14.05.2015 enhance the rate of compensation. NTDC has filed civil petition before Supreme court of Pakistan against the judgment of Peshawar High Court Peshawar','By filing of Appeal NTDC prayed the Apex court to set aside the judgment of Peshawar High Court Peshawar dated 08.10.2015 to safeguard the interest of company'),(149,'',8,13,2,3,'','NTDC vs Inayat land owner etc against Judgement Dated 15.01.2016 of Lahore High Court Lahore regarding land of 220-KV G/S Nishatabad Faisalabad','Nil','969','CP NO.928/16','2016-04-04',1,0,'local','Civil Suit was filed against acquisition proceeding done by WAPDA/NTDC for acquiring land on low compensation price, however the case was decided against respondents, WAPDA filed appeals that were dismissed, Landowners later on moved contempt application before Lahore High Court ,vide order dated 15-01-2016 LHC decided enhanced compensation in favour of petitioner, NTDC filed CPLA before Supreme Court of Pakistan.','Prayed that the Judgment dated 15-01-2016 may please be set aside in the interest of Justice.'),(150,'',8,13,2,3,'','NTDC vs Sher Muhammad land owner etc against Judgement Dated 15.01.2016 of Lahore High Court Lahore regarding land of 220-KV G/S Nishatabad Faisalabad','Nil','969','CP NO.929/16','2018-04-04',1,0,'local','Civil Suit was filed against acquisition proceeding done by WAPDA/NTDC for acquiring land on low compensation price, however the case was decided against respondents, WAPDA filed appeals that were dismissed, Landowners later on moved contempt application before Lahore High Court vide order dated 15-01-2016 LHC decided enhanced compensation in favour of petitioner. NTDC filed CPLA before Supreme Court of Pakistan.','Prayed that the Judgment dated 15-01-2016 may please be set aside in the interest of Justice.'),(151,'',8,13,2,3,'','NTDC vs Nawab Din S/o Bhullah land owner etc against Judgement Dated 15.01.2016 of Lahore High Court Lahore regarding land of 220-KV G/S Nishatabad Faisalabad','Nil','969','CP NO.930/16','2016-04-04',1,0,'local','Civil Suit was filed against acquisition proceeding done by WAPDA/NTDC for acquiring land on low compensation price, however the case was decided against respondents, WAPDA filed appeals that were dismissed, Landowners later on moved contempt application before Lahore High Court ,vide order dated 15-01-2016 LHC decided enhanced compensation in favour of petitioner, NTDC filed CPLA before Supreme Court of Pakistan.','Prayed that the Judgment dated 15-01-2016 may please be set aside in the interest of Justice.'),(152,'',8,13,2,3,'','NTDC vs Misri Khan land owner etc against Judgement Dated 15.01.2016 of Lahore High Court Lahore regarding land of 220-KV G/S Nishatabad Faisalabad','Nil','969','CP NO.931/16','2016-04-04',1,0,'local','Civil Suit was filed against acquisition proceeding done by WAPDA/NTDC for acquiring land on low compensation price, however the case was decided against respondents, WAPDA filed appeals that were dismissed, Landowners later on moved contempt application before Lahore High Court ,vide order dated 15-01-2016 LHC decided enhanced compensation in favour of petitioner, NTDC filed CPLA before Supreme Court of Pakistan.','Prayed that the Judgment dated 15-01-2016 may please be set aside in the interest of Justice.'),(153,'',8,13,2,3,'','NTDC vs Fazal Kareem land owner etc against Judgement Dated 15.01.2016 of Lahore High Court Lahore regarding land of 220-KV G/S Nishatabad Faisalabad','Nil','969','CP NO.932/16','2016-04-04',1,0,'local','Civil Suit was filed against acquisition proceeding done by WAPDA/NTDC for acquiring land on low compensation price, however the case was decided against respondents, WAPDA filed appeals that were dismissed, Landowners later on moved contempt application before Lahore High Court ,vide order dated 15-01-2016 LHC decided enhanced compensation in favour of petitioner, NTDC filed CPLA before Supreme Court of Pakistan.','Prayed that the Judgment dated 15-01-2016 may please be set aside in the interest of Justice.'),(154,'',8,13,2,3,'','NTDC vs Tufail Muhammad land owner etc against Judgement Dated 15.01.2016 of Lahore High Court Lahore regarding land of 220-KV G/S Nishatabad Faisalabad','Nil','969','CP NO.933/16','2016-04-04',1,0,'local','Civil Suit was filed against acquisition proceeding done by WAPDA/NTDC for acquiring land on low compensation price, however the case was decided against respondents, WAPDA filed appeals that were dismissed, Landowners later on moved contempt application before Lahore High Court ,vide order dated 15-01-2016 LHC decided enhanced compensation in favour of petitioner, NTDC filed CPLA before Supreme Court of Pakistan.','Prayed that the Judgment dated 15-01-2016           may please be set aside in the interest of Justice.'),(155,'',8,13,2,3,'','NTDC vs Miss. Anwar Bibi land owner etc against Judgement Dated 15.01.2016 of Lahore High Court Lahore regarding land of 220-KV G/S Nishatabad Faisalabad','Nil','969','CP NO.934/16','2016-04-04',1,0,'local','Civil Suit was filed against acquisition proceeding done by WAPDA/NTDC for acquiring land on low compensation price, however the case was decided against respondents, WAPDA filed appeals that were dismissed, Landowners later on moved contempt application before Lahore High Court ,vide order dated 15-01-2016 LHC decided enhanced compensation in favour of petitioner, NTDC filed CPLA before Supreme Court of Pakistan.','Prayed that the Judgment dated 15-01-2016           may please be set aside in the interest of Justice.'),(156,'',1,13,2,3,'','Muhammad Sharif land owner etc against Judgement Dated 15.01.2016 of Lahore High Court Lahore regarding land of 220-KV G/S Nishatabad Faisalabad','Nil','969','CP NO.935/16','2016-04-04',1,0,'local','Civil Suit was filed against acquisition proceeding done by WAPDA/NTDC for acquiring land on low compensation price, however the case was decided against respondents, WAPDA filed appeals that were dismissed, Landowners later on moved contempt application before Lahore High Court ,vide order dated 15-01-2016 LHC decided enhanced compensation in favour of petitioner, NTDC filed CPLA before Supreme Court of Pakistan.','Prayed that the Judgment dated 15-01-2016           may please be set aside in the interest of Justice.'),(157,'',8,13,2,3,'','NTDC vs Wali Muhammad land owner etc against Judgement Dated 15.01.2016 of Lahore High Court Lahore regarding land of 220-KV G/S Nishatabad Faisalabad','Nil','969','CP NO.936/16','2016-04-04',1,0,'local','Civil Suit was filed against acquisition proceeding done by WAPDA/NTDC for acquiring land on low compensation price, however the case was decided against respondents, WAPDA filed appeals that were dismissed, Landowners later on moved contempt application before Lahore High Court ,vide order dated 15-01-2016 LHC decided enhanced compensation in favour of petitioner, NTDC filed CPLA before Supreme Court of Pakistan.','Prayed that the Judgment dated 15-01-2016           may please be set aside in the interest of Justice.'),(158,'',8,13,2,3,'','NTDC vs Ali Ahmad land owner etc against Judgement Dated 15.01.2016 of Lahore High Court Lahore regarding land of 220-KV G/S Nishatabad Faisalabad','Nil','969','CP NO.937/16','2016-04-04',1,0,'local','Civil Suit was filed against acquisition proceeding done by WAPDA/NTDC for acquiring land on low compensation price, however the case was decided against respondents, WAPDA filed appeals that were dismissed, Landowners later on moved contempt application before Lahore High Court ,vide order dated 15-01-2016 LHC decided enhanced compensation in favour of petitioner, NTDC filed CPLA before Supreme Court of Pakistan.','Prayed that the Judgment dated 15-01-2016           may please be set aside in the interest of Justice.'),(159,'',8,13,2,3,'','NTDC vs Noor Muhammad land owner etc  against Judgement Dated 15.01.2016 of Lahore High Court Lahore regarding land of 220-KV G/S Nishatabad Faisalabad','Nil','969','CP No.799/16','2016-04-04',1,0,'local','Civil Suit was filed against acquisition proceeding done by WAPDA/NTDC for acquiring land on low compensation price, however the case was decided against respondents, WAPDA filed appeals that were dismissed, Landowners later on moved contempt application before Lahore High Court ,vide order dated 15-01-2016 LHC decided enhanced compensation in favour of petitioner, NTDC filed CPLA before Supreme Court of Pakistan.','Prayed that the Judgment dated 15-01-2016           may please be set aside in the interest of Justice.'),(160,'',8,13,2,3,'','NTDC vs Bulanda land owner etc  against Judgement Dated 15.01.2016 of Lahore High Court Lahore regarding land of 220-KV G/S Nishatabad Faisalabad','Nil','969','CP No.800/16','2016-04-04',1,0,'local','Civil Suit was filed against acquisition proceeding done by WAPDA/NTDC for acquiring land on low compensation price, however the case was decided against respondents, WAPDA filed appeals that were dismissed, Landowners later on moved contempt application before Lahore High Court ,vide order dated 15-01-2016 LHC decided enhanced compensation in favour of petitioner, NTDC filed CPLA before Supreme Court of Pakistan.','Prayed that the Judgment dated 15-01-2016           may please be set aside in the interest of Justice.'),(161,'',8,13,2,3,'','NTDC vs Tufail Muhammad land owner etc  against Judgement Dated 15.01.2016 of Lahore High Court Lahore regarding land of 220-KV G/S Nishatabad Faisalabad','Nil','969','CP No.801/16','2016-04-04',1,0,'local','Civil Suit was filed against acquisition proceeding done by WAPDA/NTDC for acquiring land on low compensation price, however the case was decided against respondents, WAPDA filed appeals that were dismissed, Landowners later on moved contempt application before Lahore High Court ,vide order dated 15-01-2016 LHC decided enhanced compensation in favour of petitioner, NTDC filed CPLA before Supreme Court of Pakistan.','Prayed that the Judgment dated 15-01-2016           may please be set aside in the interest of Justice.'),(162,'',8,13,2,3,'','NTDC vs Nawab Din land owner etc  against Judgement Dated 15.01.2016 of Lahore High Court Lahore regarding land of 220-KV G/S Nishatabad Faisalabad','Nil','969','CP No.802/16','2016-04-04',1,0,'local','Civil Suit was filed against acquisition proceeding done by WAPDA/NTDC for acquiring land on low compensation price, however the case was decided against respondents, WAPDA filed appeals that were dismissed, Landowners later on moved contempt application before Lahore High Court ,vide order dated 15-01-2016 LHC decided enhanced compensation in favour of petitioner, NTDC filed CPLA before Supreme Court of Pakistan.','Prayed that the Judgment dated 15-01-2016           may please be set aside in the interest of Justice.'),(163,'',8,13,2,3,'','NTDC vs Alam Bibi land owner etc  against Judgement Dated 15.01.2016 of Lahore High Court Lahore regarding land of 220-KV G/S Nishatabad Faisalabad','Nil','969','CP No.803/16','2016-04-04',1,0,'local','Civil Suit was filed against acquisition proceeding done by WAPDA/NTDC for acquiring land on low compensation price, however the case was decided against respondents, WAPDA filed appeals that were dismissed, Landowners later on moved contempt application before Lahore High Court ,vide order dated 15-01-2016 LHC decided enhanced compensation in favour of petitioner, NTDC filed CPLA before Supreme Court of Pakistan.','Prayed that the Judgment dated 15-01-2016           may please be set aside in the interest of Justice.'),(164,'',8,13,2,3,'','NTDC vs Ali Muhammad land owner etc  against Judgement Dated 15.01.2016 of Lahore High Court Lahore regarding land of 220-KV G/S Nishatabad Faisalabad','Nil','969','CP No.804/16','2016-04-04',1,0,'local','Civil Suit was filed against acquisition proceeding done by WAPDA/NTDC for acquiring land on low compensation price, however the case was decided against respondents, WAPDA filed appeals that were dismissed, Landowners later on moved contempt application before Lahore High Court ,vide order dated 15-01-2016 LHC decided enhanced compensation in favour of petitioner, NTDC filed CPLA before Supreme Court of Pakistan.','Prayed that the Judgment dated 15-01-2016 may please be set aside in the interest of Justice.'),(165,'',8,13,2,3,'','NTDC vs Mst. Hasni land owner etc  against Judgement Dated 15.01.2016 of Lahore High Court Lahore regarding land of 220-KV G/S Nishatabad Faisalabad','Nil','969','CP No.805/16','2018-04-04',1,0,'local','Civil Suit was filed against acquisition proceeding done by WAPDA/NTDC for acquiring land on low compensation price, however the case was decided against respondents, WAPDA filed appeals that were dismissed, Landowners later on moved contempt application before Lahore High Court ,vide order dated 15-01-2016 LHC decided enhanced compensation in favour of petitioner, NTDC filed CPLA before Supreme Court of Pakistan.','Prayed that the Judgment dated 15-01-2016           may please be set aside in the interest of Justice.'),(166,'',8,13,2,3,'','NTDC vs Ahmad Ali land owner etc  against Judgement Dated 15.01.2016 of Lahore High Court Lahore regarding land of 220-KV G/S Nishatabad Faisalabad','Nil','969','CP No.806/16','2016-04-04',1,0,'local','Civil Suit was filed against acquisition proceeding done by WAPDA/NTDC for acquiring land on low compensation price, however the case was decided against respondents, WAPDA filed appeals that were dismissed, Landowners later on moved contempt application before Lahore High Court ,vide order dated 15-01-2016 LHC decided enhanced compensation in favour of petitioner, NTDC filed CPLA before Supreme Court of Pakistan.','Prayed that the Judgment dated 15-01-2016           may please be set aside in the interest of Justice.'),(167,'',14,13,2,29,'','M/s ZADA & Co. VS IESCO & others against order of Islamabad High Court dated 23-05-2013 in ICA No.81/2009 in WP No.74/2006','Nil','953','Civil Appeal No. 1503/2013 out of Civil Petition No. 1049/2013','2013-11-08',1,0,'local','Civil Appeal is filed vs NTDC by contractor against black listing due to poor performance.','Order dated 07.12.2006 may be set aside & restore the license & clearing the bills of petitioner, order for remand the inquiry and to decide the case afresh by NTDC on merits after hearing the petitioner.'),(168,'',1,13,2,30,'','FOP through Ministry W&P VS Flying Cement Company Ltd','Nil','1026 & 1168','CA No. 551/2015 out of Civil Petition No. 1078/2015','2015-07-09',1,0,'local','NTDC challenged decision of High Court dated 02.06.2015 regarding wavier of various surcharges impost by Federal Govt on electricity bills of respondents.','Prayed the court to set aside decision of High Court. The Honrable court has granted stay in the Civil Appeal filed by NTDC..'),(169,'1',1,13,2,31,'','NTDC against Judgement Dated 19.01.2016 of FST Lahore Bench in MP No.205/2016 in Appeal No. 70(L)/2008 by NTDC VS Shafiq-ur-Rehman Dy. Manager NTDC','Nil','601','CP No.883-L/2016','2017-03-28',1,0,NULL,NULL,NULL),(170,'',1,14,1,6,'','Petition No.543/17 in Appeal No. 841(L)/CS-2002/MP-34/15 filed by Mr. Muhammad Akram, Assistant Director Telecom','','1132','Petition No.543/17','2002-03-23',1,0,'local','Writ Petition was filed by the employee for re-instatement in service as junior engineer ,case was decided in favour of the petitioner, and respondents were directed to re-instate him, being aggrieved NTDC filed Appeal against order of Federal Service Tribunal. Whereas decree holder filed contempt appeal to comply orders of the court.','Prayed that respondents be directed for  Compliance of the order of Re-Instatement in the interest of justice.'),(171,'',8,40,12,3,'','Mr. Noor Alam Khan land owners etc. Vs GoP/ NTDC etc. against order passed by Peshawar High court dated 08.03.2017','Nil','527','Direct Civil appeal No.16-P/2017','2017-05-24',1,0,'local','Wapda/NTDC acquired land for construction of 220KV G/S Shahibagh during 1996/97 and paid entire amount of compensation to Mr. Atta Muhammad holding General POA on behalf of other landowners. Later on Mr. Noor Alam and others filed civil suits before Civil judge Peshawar vs. GOP/NTDC which were dismissed in favor of NTDC on 18.02.2010. Later on he filed RFA-163/2010 before Peshawar high court which was partially accepted and judgment of civil court was set aside. The suit was decree against Mr. Atta Muhammad but no adverse remarks were passed against NTDC vide judgment dated 08.03.2017 now reference is pending before trial court','Prayed the court to direct respondents Wapda/NTDC to make payment of compensation to the petitioners as they were the genuine owners of the property'),(172,'1',1,13,2,32,'13,51,889.00   1,18,51,519.00','NTDC Vs CDA etc against decision dated 31.05.2017 passed by Islamabad High Court Islamabad in WP No.3271/2012','Nil','783','CP No.3061/2017','2017-08-21',1,0,NULL,NULL,NULL),(173,'1',1,13,2,33,'','M/S Royal Textiles Mills Ltd Peshawar Vs M/O W&P & Others against Judgment Of Peshawar High Court dated 07.04.2016 & 19.04.2016','Nil','1202','Civil Appeal No.969/2017','2017-05-02',1,0,NULL,NULL,NULL),(174,'1',1,13,2,33,'','Tariq Cold  Storage (Pvt) Ltd. Vs M/o W&P & others against judgment of Peshawar High Court dated 07.04.2016 & 19.04.2016','Nil','1202','Civil Appeal No.970/2017','2017-05-02',1,0,NULL,NULL,NULL),(175,'1',1,13,2,33,'','By M/S Kohat Textile Mills Ltd & Others Vs M/O W&P & Others Against Judgment Of Peshawar High Court Dated 07.04.2016 & 19.04.2016','Nil','1202','Civil Appeal No.971/2017','2017-05-02',1,0,NULL,NULL,NULL),(176,'1',1,13,2,33,'','A.J Textile Mills Ltd. Vs M/o W&P & others against Judgment of Peshawar High Court dated 07.04.2016 & 19.04.2016','Nil','1202','Civil Appeal No.972/2017','2017-05-02',1,0,NULL,NULL,NULL),(177,'1',1,13,2,33,'','Sarhad Textile Mills Ltd Vs M/O W&P & Others Against Judgment Of Peshawar High Court Dated 07.04.2016 & 19.04.2016','Nil','1202','Civil Appeal No.973/2017','2017-05-02',1,0,NULL,NULL,NULL),(178,'1',1,13,2,33,'','M/S Syntron Limited Vs M/O W&P & Others Against Judgment Of Peshawar High Court Dated 07.04.2016 & 19.04.2016','Nil','1202','Civil Appeal No.974/2017','2017-05-02',1,0,NULL,NULL,NULL),(179,'1',1,13,2,33,'','vii. M/s Cherat Cement Co. Ltd & Others Vs M/O W&P & Others against Judgment of Peshawar High Court Dated 07.04.2016 & 19.04.2016','Nil','1202','Civil Appeal No.975/2017','2017-05-02',1,0,NULL,NULL,NULL),(180,'1',1,13,2,33,'','vii. M/s Cherat Cement Co. Ltd & Others Vs M/O W&P & Others against Judgment of Peshawar High Court Dated 07.04.2016 & 19.04.2016','Nil','1202','Civil Appeal No.976/2017','2017-05-02',1,0,NULL,NULL,NULL),(181,'1',1,13,2,33,'','M/S Frontier Green Wood Industries (Pvt) Ltd & Others Vs M/O W&P & Others against Judgment Of Peshawar High Court Dated 07.04.2016 & 19.04.2016','Nil','1202','Civil Appeal No.977/2017','2017-05-02',1,0,NULL,NULL,NULL),(182,'',9,38,9,34,'','Compensation claim of University of Sindh Vs NTDC etc','Nil','380','Civil Misc. Application No.46-K/2017 in CRL. ORG. Petition No.4-K/2014 in Crl Org. No.11-K/2017','2017-04-03',1,0,'local','University of Sindh filed proceedings against installation of towers and laying the wires over the property of university. The University contested the case up to the Honourable Supreme Court and their main plea was that HESCO & NTDCL should pay  the amount to the University for corridor over which the wires are crossing through, besides the payment of PYLONS  erected for the towers. The University of Sindh could not get favorable decision up to the Honourable Supreme Court, finally Supreme Court remanded the case to LAC for announcement of Award, LAC after hearing all the Stakeholders decided that the title of land for which the University is claiming for is not vest with University. Therefore no award can be announced in favour of University. Against that decision University filed reference u/s 18 of Land Revenue Act before the Distt. Judge Matiari which is under process.','Prayed the finding of LAC may kindly be quashed and compensation of the land claimed may be  awarded to University of Sindh.'),(183,'',1,13,2,35,'','M/s Atlas Power etc vs FOP/NTDC etc','Nil','1089','CP NO.1820/2017','2018-03-29',1,0,'local','Petitioner has filed petition against CPPA-G/NTDC regarding non payment of pending dues for supply of electricity to respondents.','Petitioners have prayed the Honrable court to direct respondents to bear all their liabilities expeditiously.'),(184,'1',1,13,2,36,'','CPLA FILED BY MR. SHAHID MEHMOOD CHOHAN SECURITY OFFICER ETC VS FOP/NTDC ETC AGAINST JUDGMENT DATED 21-03-2018 IN WP NO.2341/2016 PASSED BY ISLAMABAD HIGH COURT ISLAMABAD','Nil','1294','Nil','2018-03-21',1,0,NULL,NULL,NULL),(185,'1',1,13,2,36,'','CPLA FILED BY MR. GHAZANFER MEHMOOD SECURITY OFFICER ETC VS FOP/NTDC ETC AGAINST JUDGMENT DATED 21-03-2018 IN WP NO.2341/2016 PASSED BY ISLAMABAD HIGH COURT ISLAMABAD','Nil','1294','Nil','2018-03-21',0,0,NULL,NULL,NULL),(186,'',1,204,1,5,'','APPLICATION NO. 7A(243)19-L IN APPEAL NO. 12T(609)16-L FILED BY MUHAMMAD SHARIF TELECOM SUPERVISOR VS WAPDA/NTDC ETC BEFORE FULL BENCH NIRC LAHORE','Nil','363','APPEAL NO. 12T(609)16-L','2016-02-11',1,0,'local','Petition  was filed by the employee petitioner regarding their  promotion into Bps-17,like promotion granted to other Engineers of their cadres.','Prayed that petitioner may  kindly  be considered for promotion into Junior engineer as per seniority list with all back benefits.'),(187,'1',1,11,1,9,'','Muhammad Usman Khan, telex operator VS NTDC','Nil','283','Case No.7A(129)/15-L out of Old Appeal No. 62/2010','2010-05-21',0,0,NULL,NULL,NULL),(188,'',1,21,6,8,'687360','Zahir-ul-Islam SSK SEPCO vs NTDC','Nil','1316','Petition No. 4B(21)2016-S 24(34)2016-S','2016-11-25',1,0,'local','Writ Petition was filed against recovery amount of outstanding house rent of Rs.687360/-House  acquired by the petitioner In NTPS colony .','Prayed that the letter dated 07-09-2016 and Recovery of Rs.6,87,360/ in lieu of standard rent Bills Due to NTDCL be declared unlawful.'),(189,'',1,22,4,11,'','Mr. Mansoor Mian S/o Ghulam Rabbani vs Chief Executive Officer, NTDC Lahore and others','Nil','680','Case No. 4B(427)/2014-K','2012-10-13',1,0,'local','Writ Petition was filed by the petitioner employee as ex-Fitter-II, was dismissed from service on account of willful absence from duty. Petition was dismissed in favour of NTDC being aggrieved filed Appeal against 10-05-2012.','Prayed that the letter dated 07-09-2016 and Recovery of Rs.6,87,360/ in lieu of standard rent Bills Due to NTDCL be declared unlawful.'),(190,'1',1,24,8,15,'','Mr. Jamal Nasir AM (L&IR) Vs SE GSO Quetta','Nil','1204','NIRC CASE No. 4A (07)/2015-Q dated 19.09.2015','2015-10-06',1,0,NULL,NULL,NULL),(191,'',1,24,8,11,'','MR. MAZHAR ALI S/O BAGH ALI EX- SUB ENGINEER VS NTDC','Nil','236','CASE NO. 4B(08)/2016-Q','2017-12-05',1,0,'local','Petition was filed by the petitioner employee ex-Sun Engineer Civil against removal from service on account of willful absent for a long period of time was challenged period was challenged.','Prayed for Re-instatement in Service and further prayed that the removal from service order may be cancelled.'),(192,'',1,24,8,15,'','CASE NO. 4A(28)/2018-Q FILED BY MR. SAGHAR HUSSAIN JUNIOR CLERK VS NTDC','Nil','1520','CMA NO.24(32)/2018-Q','2018-07-12',1,0,'local','Petition was filed by the petitioner working as Junior Clerk 220 Kv G/S Quetta  was transferred , instead for joining he filed Writ Petition and  Claim for restoration of petitioner on his duty station and cancel posting /transfer order.','Prayed that Stay against transfer order may be granted .'),(193,'',1,24,8,11,'','MR. SARFRAZ HUSSAIN ASSA VS NTDC','Nil','1522','CMA NO.24(87)/2018-Q IN CASE NO. 4A(33)/2018-Q','2018-07-09',1,0,'local','Petition was filed by the petitioner against Removal from service on fake documents of appointment .','Prayed that the order of  Removal from service on fake documents on appointment was cancelled and Stay may be granted to continue service.'),(194,'',1,41,12,5,'','Jamal Akhtar Assistant (Retd) Vs NTDC for Proforma Promotion from the post of Assistant to Sr. Suptt.','Nil','1367','Grievance Petition No.4B(12)/2017-P','2017-04-06',1,0,'local','Prayed that the respondents be directed to allow the petitioner to Performa promotion with retrospective date.','The case is at the stage of petitioner official evidence and the question of maintainability is also involved, which is likely to be decided in favour of NTDC at NIRC Islamabad Bench at Peshawar'),(195,'1',1,5,3,5,'','Mr.Sajid Hussain LM-II Vs NTDC','Nil','1125','Case No.4B(87)16-M','2017-01-31',1,0,NULL,NULL,NULL),(196,'',1,11,1,38,'141504.4','Mr. Abdul Wahid, JSK against recovery of store material.','Nil','1143','Case No. 4B (77)/15-L','2015-04-20',1,0,'local','Writ petition was filed on misappropriation of the WAPDA store shortage of material and notice was served for recovery of Rs.1,14,504.40/-proposed by Inquiry committee.','Prayed that the alleged amount imposed on the petitioner may kindly be absolved and order of the inquiry committee dated 09-07-2014 be set-aside.'),(197,'',1,11,1,38,'120741','Mr. Muhammad Aslam, JSK VS NTDC etc;','Nil','945','Case No. 4B(445)/13-L','2014-01-23',1,0,'local','Enquiry Committee awarded punishment to employee of recovery Rs.120741/-on involvement of embezzlement in Chico ki Malain Ware House, being aggrieved with the order Petitioner filed Writ Petition before NIRC ,Lhr','Prayed that the alleged charges against Petitioner are unlawful ,and he is innocent and impugned Order dated 04-10-2013 may be declared illegal, void without lawful authority.'),(198,'1',1,11,1,38,'62700','Arshad Mehmood, Senior Clerk VS NTDC','Nil','894','Case No. 4B(375)/13-L','2013-12-12',1,0,NULL,NULL,NULL),(199,'',1,22,4,11,'','QURBAN ALI BROHI S/O GHULAM RASOOL BROHI EX.JSK VS NTDC','Nil','427','PETITION NO.07(22)/2016-S','2016-12-01',1,0,'local','case no 4B (438 /2014 filed by Qurban Ali ex JSK Ware House Jamshoro was decided by NIRC bench at Hyderabad in Favour of NTDC vide Judgment dated 19-03-2015.Being aggrieved above named official filed Petition before NIRC Sukkur .','Prayed that the Judgment vide order dated 19-03-2015 may be recalled .'),(200,'',1,11,1,11,'','Muhammad Latif Qaiser JSK Vs NTDC','Nil','856','Grievance Petition No.4B(291)/16-L','2016-12-01',1,0,'local','',''),(201,'',3,11,1,39,'','Muhammad Latif Qaiser JSK (Retd) Vs NTDC','Nil','856','Petition No.4B(43)/2017-l','2017-02-28',1,0,'local','placed under Suspension vide order dated 15-09-2016 .','Case is being defended by NTDC through appointed lawyer before NIRC Lahore.'),(202,'',11,11,1,11,'','Muhammad Latif Qaiser JSK vs NTDC','Nil','856','Contempt Petition No.7(08)/2017-L in case No.4B(291)/2016-L','2017-08-15',1,0,'local','',''),(203,'',1,11,1,40,'','Mr. Nabi Ahmad Store Helper VS NTDC','Nil','1207','Case No. 4B(411)/2015-L','2015-11-04',1,0,'local','Complainant filed Grievance petition against his verbal termination order and regularization of his service as store helper and release of his salaries, which were seized after his termination','Prayed the commission to direct NTDC to suspend alleged termination order and allow the petitioner to join his duty and to give him same place and job'),(204,'',1,11,1,40,'','Mr. Nazam Ali Store Helper VS NTDC','Nil','1205','Case No. 4B(410)/2015-L','2015-11-04',1,0,'local','Complainant filed Grievance petition against his verbal termination order and regularization of his service as store helper and release of his salaries, which were seized after his termination','Prayed the commission to direct NTDC to suspend alleged termination order and allow the petitioner to join his duty and to give him same place and job'),(205,'',1,11,1,40,'','Mr. Tariq Hussain Store Helper VS NTDC','Nil','1206','Case No. 4B(409)/2015-L','2015-11-04',1,0,'local','Petitioner was appointed as Store Helper in NTDC Warehouse Gatti Faisalabad and was due to be regularized in service after completion of 3 years satisfactory period. He was terminated from service on verbal order of Incharge store officer.','Prayed the Honrable commission to accept his complaint grievance petition and direct respondent (NTDC) to take him back on duty and relieve the salaries'),(206,'1',1,11,1,10,'','Shahid Iqbal Sheikh, Ex-Test Inspector VS NTDC etc','Nil','516','Grievance Petition No.4B(592)/14-L','2015-01-22',0,0,NULL,NULL,NULL),(207,'',3,11,1,41,'','Mr. Majid Latif, ASSA VS NTDC','Nil','1128','Case No. 4B(667)/14-L','2015-05-27',1,0,'local','Petitioner filed petition vs NTDC for not promoting him as SSO-II being senior as per his original seniority list .','By filing petition, petitioner prayed the court to issue direction to respondent (NTDC) to promote him as  SSO-II as per his actual seniority.'),(208,'',3,11,1,39,'','Muhammad Latif Qaiser Vs NTDC etc','Nil','856','Petition No.4B(103)/2016-L','2016-05-10',1,0,'local','',''),(209,'',3,11,1,5,'','Mr. Muhammad Jamshaid Khan S/o Taj ul Haq Khan Crane Operator Vs NTDC','Nil','1289','CMA No. 2B(85)/2016-L in petition No. 4B(180)/2016-L','2016-08-01',1,0,'local','Writ Petition was filed  by the employee appointed as Lorry Driver initially where as working on the post of crane Operator. Petitioner raised the issue of not upgrading him  on the post of Bucket Crane operator on regular basis in bps-11 however he is performing duties on the said post since a long period of time till date.','Prayed that the petitioner may kindly be promoted in BPS-11 Bucket Crane Operator on regular basis and is entitled to be paid against said post as a matter of right.'),(210,'1',1,11,1,6,'','NTDC Vs Sheikh Shahid Iqbal S/o Sheikh Muhammad Haleem Ex-Test Inspector 220KV G/S Sialkot Against Order Dated 01.02.2017 Passed By Member NIRC Bench Lahore In Case No.4b(592)/14-L','Nil','516','Appeal No.12(28)/2017','2017-04-06',1,0,NULL,NULL,NULL),(211,'',3,11,1,11,'','MR. ALTAF HUSSAIN S/O MUHAMMAD ALAM EX. SENIOR CLERK VS NTDC','Nil','1451','PETITION NO.4A(28)/2018-L','2018-03-19',1,0,'local','Petition was filed by the petitioner against compulsory retirement form service vide order dated 07-08-2015 on account of bogus allegation.','Prayed that the order of compulsory retirement from service may be cancelled and respondents be directed for re-instatement of the ex. employee.'),(212,'1',1,42,2,42,'','Mr. Muhammad Irshad  S/o Noor Din T.T Driver Vs NTDC','Nil','972','CMA No. 24B(112)/2014 in case No.4A(73)/2014','2014-07-08',1,0,NULL,NULL,NULL),(213,'1',1,42,2,27,'','MR. MUHAMMAD IRSHAD S/O NOOR DIN T.T FOREMAN VS NTDC','Nil','972','MA NO.24(84)/2018 IN PETITION NO.4A(55)/2018','2018-03-22',1,0,NULL,NULL,NULL),(214,'',1,11,1,5,'','Mr. Azmat Ullah Lodhi JSK Vs NTDC','Nil','1147','Case No.4A(63)/2015-L','2015-04-08',1,0,'local','Civil Petition was filed against the departmental action of determining seniority ,and discrimination to the petitioner.','Prayed that respondents be directed to act according to seniority list and letter of fixation of seniority be declared illegal, unlawful.'),(215,'',8,11,1,40,'','Syed Basharat Ali & Sana ullah Chowkidars VS NTDC','Nil','1259','Case No. 4B(28)/2016-L','2016-03-30',1,0,'local','Writ Petition was filed  by the employee appointed on Daily wages ,after 5 years of service they have been  removed rather to regularized.','Prayed that the impugned order vide dated 06-07-2010 may be declared illegal, unlawful and without just and may be set aside.'),(216,'',1,42,2,43,'','Mr. Muhammad Irshad  S/o Noor Din T.T Driver Vs NTDC','Nil','972','Petition No. 4B(161)/2017','2017-11-27',1,0,'local','Ex. T.T Driver has filed petition vs NTDC against release of previous salary/ Annual Increments.','Prayed the court to direct respondent (NTDC) to release his previous salary annual/increments, which were held due to an Audit Para.'),(217,'',1,42,2,44,'','Khalid Mehmood S/o Abbas Khan VS NTDC','Nil','775','Case No. 4B (220)/2011','2013-08-07',1,0,'local','Writ Petition was filed by the employee for giving him equal treatment of House requisition assessment rent as of his colleague living in the same locality of Wah Cantt, equal to Islamabad /Rawalpindi.','Prayed that the discrimination  regarding house requisition allowance be removed in the interest of justice.'),(218,'',31,11,1,45,'','Arshad Mehmood, Senior Clerk VS NTDC','Nil','894','Case No. 4B(614)/14-L (LC 66/2013)','2014-11-10',1,0,'local','Writ Petition filed by the Petitioner who joined service as junior Clerk bps-5 ,on 02-02-2008 he was served with show cause notice of misappropriation and penalty of recovery Rs.62,700/- was imposed against him.','Prayed that the impugned order vide dated 20-08-2013 be declared illegal, unlawful and void.'),(219,'1',1,11,1,46,'','Mr. Liaqat Ali Khan, Security Inspector & others vs NTDC for grant of special allownce Rs. 10,000','Nil','1183','Case No. 4B(346)/2015-L','2016-05-02',1,0,NULL,NULL,NULL),(220,'',1,11,1,15,'','Mr. Mehmood Ahmad s/o Muhammad Yaqoob Vs NTDC','Nil','1067','Petition No. 4B-305/2015-L','2015-09-14',1,0,'local','Petitioner was transferred from Media & PR Deptt. of NTDC to TSG Center NKLP Lahore. He has filed petition before NIRC against his Transfer/posting.','Prayed the Commission that operation of impugned order 19.08.2015 passed by DG (HR) NTDC to the extent of petitioner may be suspended till the final disposal of the main petition.'),(221,'',31,11,1,47,'','Ayub Malik Vs NTDC etc','Nil','1235','Case No. 4B(452)/2015-L','2015-12-18',1,0,'local','Official has filed petition vs NTDC against refusal to allow him 20% H/Q Allowance.','Prayed the Commission to issue direction to the Deptt. (NTDC) to allow him 20% Head Office Allowance with all consequential benefits.'),(222,'',31,11,1,5,'','Rana Muhammad Afzal ALAO (Retd) Vs NTDC','Nil','1177','Case No.7A(08)/2016-L','2016-03-17',1,0,'local','',''),(223,'',31,11,1,5,'','Rana Muhammad Afzal VS NTDC etc','Nil','1177','Case No. 4B(297)/2015-L','2015-10-13',1,0,'local','Retired employee filed Grievance petition','Prayed the Commission to direct respondent (NTDC) to grant him 2 Step Time Scale Up-Gradation in BPS-16 with all consequential benefits.'),(224,'1',1,42,2,6,'','Zafar Iqbal (Sub Engineer Civil) VS NTDC','Nil','1266','Case No. 4B(67)/2016','2016-04-21',1,0,NULL,NULL,NULL),(225,'1',1,11,1,48,'','Mr. Liaqat Ali Khan Vs NTDC etc','Nil','1160','WP No.4B(168)/2016-L','2016-08-29',1,0,NULL,NULL,NULL),(226,'',1,24,8,15,'','Mr. Abdul Qadir AM (O) VS NTDCL','Nil','1276','Case No. 4A(09)/2015-Q','2016-05-10',1,0,'local','Petition was filed by the petitioner employee as AE(Shift) against transfer order from Quetta to Khuzdar  circulated  during Hajj Leave.','Prayed that Transfer order carried out while performing Hajj be cancelled, and stay may be granted to continue service of the petitioner.'),(227,'',1,5,3,40,'','Mr. Tanveer Ahmad, Security Guard VS NTDC for regularization of his contract service','Nil','491','Case No 4B(153)/13-L','2013-08-05',1,0,'local','He has filed contempt petition against NTDC officers for not allowing him to perform his duties at his present place of posting at Multan.','Prayed the court to initiate legal proceeding against officer violating the court order & allow him to perform his duty at 500 KV G/S Multan.'),(228,'',1,5,3,49,'','Tanveer Ahmad Ex-Security Guard Vs NTDC','Nil','491','Contempt Petition No.7(47)/2014-L','2016-07-27',1,0,'local','He has filed contempt petition against NTDC officers for not allowing him to perform his duties at his present place of posting at Multan.','Prayed the court to initiate legal proceeding against officer violating the court order & allow him to perform his duty at 500 KV G/S Multan.'),(229,'',16,5,3,50,'','Tanveer Ahmad Ex-Security Guard Vs NTDC','Nil','491','Contempt Petition No. 7(15)/2016-l','2016-07-27',1,0,'local','He has challenged the termination order passed by CSO NTDC.','Prayed the court operation of order dated 13.01.2016 maybe suspended & punish them in accordance with law. Respondents maybe directed to allow him to continue his duty at Multan.'),(230,'',16,5,3,15,'','Tanveer Ahmad Ex- Security Guard Vs NTDC etc','Nil','491','Case No. 4B(89)/2016-L','2016-05-10',1,0,'local','Petitioner was appointed as Security Guard on contract basis for one year, which was extended from time to time. During 2016 his contract service was terminated by CSO NTDC on disciplinary grounds.','Prayed the court to initiate legal proceeding against officer violating the court order & allow him to perform his duty at 500 KV G/S Multan.'),(231,'',16,11,1,11,'','Ahmad Nawaz ex Security Sergent VS NTDC','Nil','971','Greivance Petition No. 4B (40) 14-L','2014-04-28',1,0,'local','Petitioner was appointed as Security Sergeant on contract basis for one year, which was extended for another period of 2 years. His contract service was terminated by CSO on unsatisfactory  performance.','Prayed the Commission to set aside the termination order & reinstate him into service with all back benefits.'),(232,'1',1,42,2,51,'','Pervaiz Akhtar, ex Security Guard VS NTDC against termination of his service','Nil','1113','Case No. 4B(04)/2015','2015-01-22',1,0,NULL,NULL,NULL),(233,'1',1,11,1,11,'','Muhammad Hafeez Ex. Security Guard Vs NTDC','Nil','1297','Petition No.4B(202)/2016','2016-09-21',0,0,NULL,NULL,NULL),(234,'',1,11,1,15,'','Muhammad Hafeez Ex. Security Guard Vs NTDC','Nil','1297','Petition No.4B(202)/2016','2015-07-28',0,0,'local','',''),(235,'1',1,11,1,15,'','against the Impugned transfer order dated 08.03.2017 titled Anwaar-Ul-Haq Security Officer Vs NTDC','Nil','1390','Petition No.4A(73)/2017-L alongwith CMA No.24b(69)/2017-L','2017-06-15',1,0,NULL,NULL,NULL),(236,'',16,11,1,15,'','against Transfer/Posting Order titled Muhammad Ramzan Security Guard Vs NTDC','Nil','1394','Petition No.4B(120)/2017-L Alongwith CMA No.24B(83)/2017-L','2017-06-21',1,0,'local','Official has filed petition for stay against his transfer from NKLP Lahore to Shikarpur.','Prayed the Commission to set aside/cancel the operation of transfer order of the petitioner.'),(237,'',16,11,1,15,'','Muhammad Ramzan Security Guard Vs NTDC against Transfer/Posting','Nil','1394','Contempt Application No.7A(103)/2017-L in Petition No.4B(120)/2017-L','2017-08-22',1,0,'local','Official has filed contempt petition against NTDC officers for relieving him from duty forcibly.','Prayed the court to take action against responsible officer for violation & set aside relieving order dated 20.06.2017.'),(238,'1',1,11,1,15,'','Abdul Jabbar S/o Taj Din Security officer Vs NTDC','Nil','1444','Petition No.4B(02)/2018-L','2018-02-06',0,0,NULL,NULL,NULL),(239,'1',1,11,1,15,'','Abdul Jabbar S/o Taj Din Security officer Vs NTDC','Nil','1444','Contempt Petition No.7(04)/18-L in Petition No.4B(02)/2018-L','2018-02-06',1,0,NULL,NULL,NULL),(240,'1',1,43,9,15,'','MR. AMIR LATIF S/O ABDUL LATIF SECURITY INSPECTOR VS NTDC','Nil','1489','CMA NO.24(179)/18-L IN PETITION NO.4A(180)/2018-L','2018-05-02',1,0,NULL,NULL,NULL),(242,'',1,8,4,5,'245510','ukyuyuiyuiy','8888','99999','trtrtrtrt','2019-03-20',0,999,NULL,NULL,NULL),(243,'npcc',1,10,4,3,'245510','checkingcasetitle','testing','791','checking','2019-03-20',0,999,NULL,NULL,NULL),(244,'',1,5,2,5,'10','checking','','221','Appeal No.85/2006154','2019-08-09',0,5,'foreign','a','M'),(245,'',11,33,9,17,'68,318,825.00','WAPDA VS M/s Quality Steel Works, Karachi','','510','Suit No. 1413/04','2008-10-22',1,0,'local','Civil suit filed against M/S Quality Steel works by NTDC for recovery of Rs.8,672,872,287,.76/- The contractor filed counter claim of Rs.8,672,872,287.76/-','Prayed that the Loss sustained may be recovered by payment of the recovery amount from  M/S Quality Steel Works as soon as possible in the interest of justice.'),(246,'',1,7,1,8,'372,906.12','Appeal filed by NTDC against Judgment dated 20.06.2012 of Senior Civil Judge, Lahore in case of Imtiaz Ahmad Ex. Divisional Accountant.','','582','Appeal filed by NTDC against Judgment dated 20.06.2012','2012-07-20',1,0,'local','Civil suit was filed by the plaintiff department against recovery of Rs.372906/- from the defendant employee recoverable on account of embezzlement & other irregularities. Case was decided against plaintiff ,being aggrieved  Department filed Appeal .whereas decree holder filed contempt petition for enforcement of the order .','Prayed that the judgment dated 20-06-2012 be declared illegal and set-aside and Recovery of NTDC  Rs.3,72,906.12/- may kindly be ensured.'),(247,'',29,45,12,33,'','Sawat Ceramic Co. (Pvt) Ltd. VS FOP & others','','1202','WP No. 3877/2014','2015-10-20',1,0,'local','The Appellant have filed WP before Peshawar High Court Peshawar regarding imposition of different surcharges on electricity bills of consumers to generate revenue.','By filing WP before Peshawar High Court Peshawar petitioner have prayed the court to  direct respondents to allow them relief regarding illegal imposition of surcharges.'),(248,'',16,11,1,11,'','Muhammad Hafeez Ex. Security Guard Vs NTDC','','1297','Petition No.4B(202)/2016','2016-10-02',1,0,'local','The petitioner was serving a security Guard and during service he applied for leave that was sanctioned by the competent authority on expiry of leave he applied further leave that was not granted and he was terminated from service. Being aggrieved he filed subject petition.','Prayed that the honrable court may directed to cancel the termination order in interest of justice.'),(249,'',4,16,4,12,'57,140.00','NTDC VS Mr. Ali Ahmad Haleemi, Ex Jr. Engr','','830','Recovery Suit','2012-09-13',1,0,'local','',''),(250,'',4,16,4,12,'116,000.00','NTDCL VS Allah Wasayo s/o Qadir Buksh ex-Jr. Engr','','99','Execution petition in Suit No.01/2007','2013-02-02',1,0,'local','Civil Suit was filed for the Recovery of Surety Bond Rs.1,12,100/- from defendant who was appointed as Junior Engineer on contract basis and he left service without fulfilling departmental procedure.','Prayed the court to decide the decree for  recovery of liquidated damages from the absconder Jr. Engineer.'),(251,'',4,30,4,12,'69,200.00','NTDCL Vs Altaf Ahmad Nizamani Ex. Junior Engineer','','95','Execution Application for recovery','2013-01-24',1,0,'local','Civil Suit was filed for the Recovery of Surety Bond Rs.1,12,100/- from defendant who was appointed as Junior Engineer on contract basis and he left service without fulfilling departmental procedure. Case was decided in favour of department hence filed Execution petition.','Prayed that recovery of Surety Bond /liquidated damages for left service before contract period expired be recovered in the interest of the department.'),(252,'',4,20,4,14,'','NTDC VS Land Grabbers named M/s Mukhtar, Afzal Shah and Amjad Khan','','892&1076','FIR No. 29/2013','2013-04-25',1,0,'local','FIR was lodged against Illegal land gamblers who tried to get possession on gun point of the land  plot no-12  T.M Khan Road Hyderabad of the WAPDA/NTDC  .','Prayed that the culprits be punished for the better interest of state.'),(253,'',4,27,4,16,'','Case filed for release of SMG Refle, Magazine & Rounds against FIR No.45/99 dated  already registered','','1208','FIR No.45/99','2014-12-04',1,0,'local','Case was filed for Release of SMG Rifle ,Magazine & Round in Police custody since 1999 when incident of murder was took place  by the driver of Department .','Prayed for Release of SMG Rifle ,Magazine & Round in Police custody since 1999 as the case property of Department.'),(254,'',4,46,4,19,'','Abdul Hameed Shopkeeper Vs NTDC','','461','First Rent Appeal No.102 OF 2017','2017-12-05',1,0,'local','Civil Suit was filed against cancellation of rent agreement by the defendants NTDC where by a shop was tented by the plaintiff. Suit was dismissed in favour of the NTDC, being aggrieved Appellant (tenants )filed Appeal.','Prayed that the order dated 15-01-2010 be set-aside  being illegal, unlawful.'),(255,'',4,15,4,17,'','NTDC VS SYED ANWAR HUSSAIN EX. TEST INSPECTOR','','343','RECOVERY SUIT','2019-08-20',1,0,'local','',''),(256,'',4,9,4,20,'','GHULAM MOHYUDIN S/O ABDUL HAMEED VS NTDC AND OTHERS','','1629','CP NO.990/2018','2019-04-03',1,0,'local','The petitioner filed petition against not considering him for appointment on in service deceased quota .His father Mr. Abdul Hameed was expired while working security Guard at 220 Kv grid Station  NTDC T.M.K Road Hyderabad. He applied on SSA of Lineman but his request was not considered.','Prayed that the respondent (NTDC) may be directed to issue appointment order against any post of Lineman ,SSA Clerk ,etc being eligible'),(257,'',4,47,4,52,'','To contest the remand and defend the bail petitions filed by accuseds regarding FIR No.03/19 lodged by NTDC.','','1663','FIR No.03/19','2019-05-16',1,0,'local','Some anti state elements were found involved in theft of tower material braces of NTDC at different localities in Sindh Province for which FIR was lodged against the accused by NTDC. Culprit has applied bail petition before court.','Accused filed Bail Petition for his release before the court of law, which is being defended by NTDC to safeguard its interest.'),(258,'',4,47,4,52,'','To contest the remand and defend the bail petitions filed by accuseds regarding FIR No.119/19 lodged by NTDC.','','1663','FIR No.119/19','2019-05-16',1,0,'local','Some anti state elements were found involved in theft of tower material braces of NTDC at different localities in Sindh Province for which FIR was lodged against the accused by NTDC. Culprit has applied bail petition before court.','Accused filed Bail Petition for his release before the court of law, which is being defended by NTDC to safeguard its interest.'),(259,'',4,47,4,52,'','To contest the remand and defend the bail petitions filed by accuseds regarding FIR No.20/19 lodged by NTDC.','','1663','FIR No.20/19','2019-05-20',1,0,'local','Some anti state elements were found involved in theft of tower material braces of NTDC at different localities in Sindh Province for which FIR was lodged against the accused by NTDC. Culprit has applied bail petition before court.','Accused filed Bail Petition for his release before the court of law, which is being defended by NTDC to safeguard its interest.'),(260,'',4,47,4,52,'','To contest the remand and defend the bail petitions filed by accuseds regarding FIR No.21/19 lodged by NTDC.','','1663','FIR No.21/19','2019-05-22',1,0,'local','Some anti state elements were found involved in theft of tower material braces of NTDC at different localities in Sindh Province for which FIR was lodged against the accused by NTDC. Culprit has applied bail petition before court.','Accused filed Bail Petition for his release before the court of law, which is being defended by NTDC to safeguard its interest.'),(261,'',4,47,4,52,'','To contest the remand and defend the bail petitions filed by accuseds regarding FIR No.22/19 lodged by NTDC.','','1663','FIR No.22/19','2019-05-24',1,0,'local','Some anti state elements were found involved in theft of tower material braces of NTDC at different localities in Sindh Province for which FIR was lodged against the accused by NTDC. Culprit has applied bail petition before court.','Accused filed Bail Petition for his release before the court of law, which is being defended by NTDC to safeguard its interest.'),(262,'',4,47,4,52,'','To contest the remand and defend the bail petitions filed by accuseds regarding FIR No.72/19 lodged by NTDC.','','1663','FIR No.72/19','2019-05-24',1,0,'local','Some anti state elements were found involved in theft of tower material braces of NTDC at different localities in Sindh Province for which FIR was lodged against the accused by NTDC. Culprit has applied bail petition before court.','Accused filed Bail Petition for his release before the court of law, which is being defended by NTDC to safeguard its interest.'),(263,'',4,9,4,8,'','GHULAM ABBAS CHEEMA COS VS FOP/NTDC ETC','','1672','CP NO.D-1135/2019','2019-06-20',1,0,'local','An high powered inquiry was conducted against petitioner and others to probe into the matter of duplicate work done against same location at Tower of 500 KV T/L Daddu. Inquiry help the responsible for loss of national Ex. chequer and amount in question was to be recovered from the petitioner. Competent Authority passed order to affect recovery from the petitioner. He filed CP against the recovery order dated .','Petitioner has Prayed the Court that to set aside the impugned inquiry report and operation of the same.'),(264,'',5,24,8,53,'','MR. USMAN ALI ASSA, MR. GHULAM NABI SSO-II & MR. RIZWAN AHMED SSO-II VS NTDC','','1554','CMA NO.24(103)/2018-Q IN CASE NO. 4A(45)/2018-Q','2018-09-27',1,0,'local','Petitioners filed petition against announcement of DPE result for which they were appeared conducted at Hyderabad. Officials also moved stay application vs NTDC before NIRC Quetta Bench.','Prayed the Commission of NIRC Bench Quetta to issue stay  order against the result of said DPE.'),(265,'',5,209,156,192,'','APPEAL FILED BY MR. MUHAMMAD ZAMAN S/O MUHAMMAD AKBAR VS NTDC ETC AGAINST ORDER  DATED 04.09.2018 PASSED BY CIVIL JUDGE LORALAI','','1473','APPEAL','2018-12-24',1,0,'local','Suit for specific performance was filed by the pathidar of village Dargi Khudzai dist Loralai against appointments of the class-iv staff and the plaintiffs son was not considered for appointment, however a verbal agreement was made to appoint residents while constructing 220 kv G/S Loralai.','Prayed that defendants NTDC may be directed  not to advertise further appointments till the final disposal of the instant suit.'),(266,'',5,48,8,54,'','REPRESENTATION AGAINST COMPLAINT NO.WHS-ONL/0009519/2018 FILED BY MR. ZAHID HUSSAIN ALM VS NTDC ETC','','1603','REPRESENTATION','2019-01-21',1,0,'local','Complainant Mr. Zahid Hussain ALM filed complain vs General Manager (AM) South NTDC  Jamshoro on account of nonpayment of his monthly salaries.','Prayed the learned Court to issue direction for release of his salaries that are due'),(267,'',5,31,8,55,'','FILED BY MR. BAKHAT ALI S/O MUZAFFAR ALI DOMKI RELAY MECHANIC VS NTDC','','1409','CP NO.574/2015','2017-09-20',1,0,'local','Petition was filed by the petitioner employee against discriminatory proceeding adopted for promotion of the petitioner, whereas his other colleagues were promoted with due course of action.','Prayed that the petitioner may be considered for promotion from Bps-5 to Bps-11 as his other colleagues.'),(268,'',5,28,1,17,'','FILED BY M/S. SALEEM SHAMEEM & CO. LAHORE VS NTDC FOR IMPLEMENTATION OF JUDGMENT/DECREE DATED 22-11-2018','','1066','EXECUTION PETITION','2019-07-08',1,0,'local','Petition was filed by the petitioner employee against discriminatory proceeding adopted for promotion of the petitioner, whereas his other colleagues were promoted with due course of action.','Prayed that the petitioner may be considered for promotion from Bps-5 to Bps-11 as his other colleagues.'),(269,'',9,28,1,26,'14,873,175.95','M/s MIA Traders (Pvt) Ltd etc; VS WAPDA etc','','966','Civil Suit','2014-04-16',1,0,'local','Civil suit was filed by the contractors for the recovery of outstanding amount Rs.14,873,175,95/- on account of amount payable against work order awarded by the Wapda/NTDC.','Prayed that the defendants be directed to pay the outstanding amount in the interest of justice.'),(270,'',9,35,11,3,'','Suit filed by NTDC for cancellation of Fake Documents in Vs Gul Muhammad, Kareem Bukhsh land owners etc','','789&857','Suit','2014-06-09',1,0,'local','NTDC filed Civil suit against land owners for claiming compensation   by making fake documents of award and agreement of the land acquired by the NTDC.','Prayed for  cancellation of Fake Documents and claimed stay order against claimed amount  Rs.22,25,000/ out of that fake documents.'),(271,'',9,36,11,3,'','Gul Muhammad, Kareem Bukhsh & Sher Baz Khan Vs M/s I.C.C Pvt. Ltd (Contractor /WAPDA/NTDCL etc','','789&857','Court Case','2014-04-04',1,0,'local','NTDC filed Civil suit against land owners for claiming compensation   by making fake documents of award and agreement of the land acquired by the NTDC.','Prayed for  cancellation of Fake Documents and claimed stay order against claimed amount  Rs.22,25,000/ out of that fake documents.'),(272,'',9,9,4,56,'38,20,000.00','filed by M/s Al-Abdullah Contractor VS WAPDA & others','','444','Suit No. 819/1995','2008-01-24',1,0,'local','Subject Civil suit filed by M/S Al Abdullah Contractors against WAPDA claiming that notice of recovery of Rs.3.9 Million PKR from the plaintiff is not justified therefore they the defendants are not entitled to recover such amount.','prayed that the leave may kindly be granted resultantly the judgment of Learned FST be set aside and the petitioner be granted move over in BPS-19 after readjusting his seniority of BPS-17 & BPS-18.'),(273,'',9,9,4,3,'','FILED BY MR. GHULAM MUSTAFA LAND OWNER VS FOP/NTDC ETC','','1472','CP NO.1999/18','2018-04-03',1,0,'local','Writ Petitioner filed by the petitioner claiming that NTDC is constructing the transmission line and 01 Pole  falls within  the commercial land of the petitioner so he requested the department that his valuable commercial property may not be used for construction of tower. But the department is adamant  to construct the tower over the valuable property of the petitioner.','Prayed that the action of erection of tower by the department may please be declared illegal unlawful and interference to the rights of the petitioner.'),(274,'',9,9,4,3,'','Filed By Ameer Bux & Others Land Owners Vs FOP / NTDC etc Regarding Compensation Against Land Of Matiari Convertor Station','','1381','CP No.D-1061/2017','2017-05-10',1,0,'local','Petitioner filed subject CP alleging that the acquisition of their land for construction of HVDC converter station at Matiari that  is not in accordance with the settled rules and laws of the land.','Prayed that the respondents may kindly be directed to act with accordance with law and acquired the land of the petitioners on prevalent market rates.'),(275,'',9,32,4,57,'8980337','FILED BY GHULAM MURTAZA OF M/S PUB CORPORATION ETC VS NTDC ETC','','508','EXECUTION NO.31/18 IN SUIT NO.1556/97','2018-09-10',1,0,'local','Matter is initially belong to WAPDA subsequently shifted to NTDC, The local of the area was claiming Octari Tax from the WAPDA/NTDC authorities arising dispute both the parties preferred the file court proceedings. The local govt of the area got succeeded to convince the court even up to the Supreme Court, therefore the matter decided against NTDC, thereafter they filed execution petition for implementation of the judgment to recover the decretal amount from the NTDC.','Prayed that the Judgment of High Court of Sindh which is even endorsed by honourable Supreme Court may kindly be get implemented and decretal amount be recovered from NTDCL.'),(276,'',9,23,6,3,'','FILED BY GHULAM AKBAR BURIRO VS FOP ETC','','1542','CP NO. D-774/2018','2018-08-16',1,0,'local','Petitioner filed writ petition narrating that WAPDA authorities are going to cross the transmission line over the lease property of the society which will be serious replications being high tension wires that are a big danger to  life of the human beings who are inhabitants of the area. Actually the case pertains to SEPCO  but the petitioner also impleaded as party to the proceedings.','Prayed that the respondents be directed not to construct the transmission line over the property of the society being dangerous for human life.'),(277,'',9,23,6,3,'','FILED BY JUNAID AKBAR VS FOP ETC','','1542','CP NO. D-2400/2017','2018-08-16',1,0,'local','Petitioner filed writ petition narrating that WAPDA authorities are going to cross the transmission line over the leased property of the society which will be serious replications being high tension wires for life of the human beings who are inhabitants of the area. Actually the case pertains to SEPCO  but the petitioner also impleaded as party to the proceedings.','Prayed that the respondents be directed not to construct the transmission line over the property of the society being dangerous for human life.'),(278,'',9,34,10,3,'','Filed by Mumtaz Khashkheli & others Vs NTDC','','580A','Complaint No.571/2013','2012-01-01',1,0,'local','Wapda acquired land for construction of 132 KV G/S. During extension of the area of grid & construction of boundary wall labourer gathered at site to demolish the house of plaintiff. He filed complain against NTDC/contractor before the court.','Prayed the court to issue permanent injunction against the defendants restraining from demolishing of his house being illegal.'),(279,'',9,37,3,3,'','FILED BY NTDC VS MUHAMMAD SIDDIQUE LAND OWNER AGAINST JUDGMENT DATED 06.11.2018 OF SENIOR CIVIL JUDGE VEHARI','','174','RFA NO. 38/2019','2019-02-07',1,0,'local','Appeal filed against decision of Senior Civil judge ,Vehari regarding the issue of compensation amount accepted by the court as per desired by the land owners for the land acquired by the NTDC for 220 kv Grid Station Vehari.','Prayed that the decision of the Court regarding enhancing Compensation rate of Rs.500,000/- per Acre along with 15% Compulsory acquisition charges and 8% Compound that is against the logic of the LAC, should be set-aside in the interest of justice.'),(280,'',9,37,3,3,'','FILED BY NTDC VS MUHAMMAD SIDDIQUE LAND OWNER AGAINST JUDGMENT DATED 06.11.2018 OF SENIOR CIVIL JUDGE VEHARI','','174','RFA NO. 38/2019','2019-02-07',1,0,'local','Appeal filed against decision of Senior Civil judge ,Vehari regarding the issue of compensation amount accepted by the court as per desired by the land owners for the land acquired by the NTDC for 220 kv Grid Station Vehari.','Prayed that the decision of the Court regarding enhancing Compensation rate of Rs.500,000/- per Acre along with 15% Compulsory acquisition charges and 8% Compound that is against the logic of the LAC, should be set-aside in the interest of justice.'),(281,'',9,37,3,3,'','FILED BY NTDC VS MUHAMMAD RASHID LAND OWNER AGAINST JUDGMENT DATED 06.11.2018 OF SENIOR CIVIL JUDGE VEHARI','','174','RFA NO.39/2019','2019-02-07',1,0,'local','Appeal filed against decision of Senior Civil judge ,Vehari regarding the issue of compensation amount accepted by the court as per desired by the land owners for the land acquired by the NTDC for 220 kv Grid Station Vehari.','Prayed that the decision of the Court regarding enhancing Compensation rate of Rs.500,000/- per Acre along with 15% Compulsory acquisition charges and 8% Compound that is against the logic of the LAC, should be set-aside in the interest of justice.'),(282,'',9,37,3,3,'','FILED BY NTDC VS MUHAMMAD RASHID LAND OWNER AGAINST JUDGMENT DATED 06.11.2018 OF SENIOR CIVIL JUDGE VEHARI','','174','RFA NO.39/2019','2019-02-07',1,0,'local','Appeal filed against decision of Senior Civil judge ,Vehari regarding the issue of compensation amount accepted by the court as per desired by the land owners for the land acquired by the NTDC for 220 kv Grid Station Vehari.','Prayed that the decision of the Court regarding enhancing Compensation rate of Rs.500,000/- per Acre along with 15% Compulsory acquisition charges and 8% Compound that is against the logic of the LAC, should be set-aside in the interest of justice.'),(283,'',9,37,3,3,'','FILED BY NTDC VS AZIZ AHMAD SHAH LAND OWNER AGAINST JUDGMENT DATED 06.11.2018 OF SENIOR CIVIL JUDGE VEHARI','','174','RFA NO. 40/2019','2019-02-07',1,0,'local','',''),(284,'',9,37,3,3,'','FILED BY NTDC VS IJAZ AHMAD SHAH LAND OWNER AGAINST JUDGMENT DATED 06.11.2018 OF SENIOR CIVIL JUDGE VEHARI','','174','RFA NO.41/2019','2019-02-07',1,0,'local','Appeal filed against decision of Senior Civil judge ,Vehari regarding the issue of compensation amount accepted by the court as per desired by the land owners for the land acquired by the NTDC for 220 kv Grid Station Vehari.','Prayed that the decision of the Court regarding enhancing Compensation rate of Rs.500,000/- per Acre along with 15% Compulsory acquisition charges and 8% Compound that is against the logic of the LAC, should be set-aside in the interest of justice.'),(285,'',9,23,6,3,'','MUHAMMAD YOUSAF VS. FEDERATION OF PAKISTAN/NTDC AND OTHERS','','1623','CONSTITUTIONAL PETITION','2019-04-03',1,0,'local','Writ Petition was filed by the petitioner for the recovery of  compensation amount that is due from the respondents. NTDC acquired land for transmission line in Tapo Layari Taluka District Khairpur that is passing through Date Palm Garden. Petitioner has claimed Rs.20000/- per date tree loss compensation.',''),(286,'',9,37,3,3,'','FILED BY AZIZ AHMAD SHAH LAND OWNER (DECEASED) THROUGH LRS VS LAC (EHV) AND OTHERS AGAINST JUDGMENT DATED 06.11.2018 OF SENIOR CIVIL JUDGE VEHARI','','174','RFA NO.42/2019','2018-02-24',1,0,'local','RFA was filed by the land owners against decision of the Senior Civil Judge Vehari regarding compensation of the 4 acres of land that was acquired for the construction of 220 KV Grid station Vehari through LAC Award which was challenged.',''),(287,'',9,37,3,3,'','FILED BY EJAZ AHMAD SHAH LAND OWNER (DECEASED) THROUGH LRS VS LAC (EHV) AND OTHERS AGAINST JUDGMENT DATED 06.11.2018 OF SENIOR CIVIL JUDGE VEHARI','','174','RFA NO.43/2019','2018-02-24',1,0,'local','RFA was filed by the land owners against decision of the Senior Civil Judge Vehari regarding compensation of the 4 acres of land that was acquired for the construction of 220 KV Grid station Vehari through LAC Award which was challenged.',''),(288,'',9,23,6,11,'','MR.SANJAR KHAN S/O MUHAMMAD KHAN EX. MATERIAL CHECKER VS MD NTDC','','1438','C.M.A NO.1887/2019 IN CP NO. D-2306/2017','2019-01-23',1,0,'local','CMA filed by the petitioner for not allowing him to submit report for duty in NTDC.As a background Writ Petition was filed by the petitioner employee against termination from service ,he was serving as daily wages, he filed suit against this termination that was decided in his favour ,whereby department was directed to re-instate him, however the department could not reinstate him and he filed Writ petition to comply the orders of the honourable court.','Prayed that the order of Honourable Court be complied and respondents be directed to act accordingly in the interest of justice.'),(289,'',9,36,11,3,'','CIVIL SUIT FOR ISSUANCE OF DECREE/ INJUNCTIVE ORDER FILED BY HAJI GHULAM SARWAR S/O ALLAH WASAYA LAND OWNER VS WAPDA/NTDC AND OTHERS','','1659','CIVIL SUIT','2019-04-06',1,0,'local','',''),(290,'',2,44,2,5,'','filed by Mr. Fazal Elahi VS NTDC','','978','WP No. 4089/2013','2014-05-12',1,0,'local','Filed Writ Petition challenging the impugned order dated 22-10-2012 of department whereby the petitioner had been denied the promotion as foreman from the back date.','Prayed that the writ petition be accepted by directing the department to promote the petitioner with other benefits.'),(291,'',2,41,12,37,'','Filed by Muhammad Aslam Security Officer & Others Vs NTDC','','1074','Case No. 4B(92)/15','2016-02-10',1,0,'local','Filed Petition before NIRC claiming that 40% terrorist affected area be allowed to the petitioner working in that area on the analogy that PESCO has allowed the same to its employees.','prayed that 40% terrorist attack area allowance be granted to the petitioner.'),(292,'',2,54,2,58,'','filed by Naseer Gulzar Contractor Vs NTDC','','1260','Civil suit','2016-03-30',1,0,'local','Suit for declaration ,permanent injunction filed by the plaintiff claiming that the notice of cancellation issued by the department dated 15-01-2016 is illegal and issued with malafide intention. Besides that  he claimed the payment of  running bills is outstanding which is ordered to be prayed to the plaintiff.','Prayed that suit be decreed by directing the defendants not to cancel the agreement and direct the respondents to pay current billon Rs.1500000/- to the plaintiff.'),(293,'',2,56,1,59,'','Order Of Senior Advisor O/O Wafaqi Mohtasib Dated 02.01.2017 filed by NTDC Vs Muhammad Zahid Ali Khan S/O Muhammad Sarwar','','1344','Writ Petition No.2180/2017','2017-01-18',1,0,'local','Writ petition filed against order dated 16-01-2014 of Wafaqi Mohtasib whereby the Wafaqai Mohtasib directed the department to appoint the aggrieved as ASSA','Prayed that the order dated16-01-2014 passed by Wafaqai Mohtasib may please declare illegal having issue without jurisdiction.'),(294,'',2,57,2,8,'50,000.00','Recovery suit for liquidated damges filed by NTDC Vs Mr. Fateh Ullah Ex. Assistant Engineer T/L Maintenance','','522','Recovery suit','2009-01-22',1,0,'local','NTDC filed recovery suit against Ex. officer for liquidated damages to left job during contractual period.','Prayed that the  Respectable court  to decide/decree suit in favour of NTDC for recovery of bond money from the absconder officer.'),(295,'',4,57,2,61,'59000','FILED TO IMPEMENT ORDER DATED 28.11.2013 IN THE MATTER RECOVERY OF RS.59280/- BY NTDC VS BAKHT TAJ KHAN EX. ASSISTANT ENGINEER','','477','PETITION','2018-09-10',1,0,'local','NTDC filed a suit for recovery of 59,280/- against Muhammad Ali Ex-Am Operation .Suit was decreed in favour of NTDC but judgment debtor did not deposit the decreed amount to the department hence NTDC has filed execution petition to implement the judgment and decree.','Prayed that the decree dated 28-11-2013 may please be implemented by taking coercive measures against the judgment debtor including issuance of warrant of arrest and attachment of property.'),(296,'',2,57,2,61,'59000','EXECUTION PETITION FILED TO IMPEMENT ORDER DATED 28.11.2013 IN THE MATTER RECOVERY OF RS.59280/- BY NTDC VS MUHAMMAD ALI EX. ASSISTANT ENGINEER','','476','PETITION','2018-09-10',1,0,'local','NTDC filed a suit for recovery of 59,280/- against Bakht Taj Khan Ex-Am Operation .Suit was decreed in favour of NTDC but judgment debtor did not deposit the decreed amount to the department hence NTDC has filed execution petition to implement the judgment and decree.','Prayed that the decree dated 28-11-2013 may please b implemented by taking coercive measures against the judgment debtor including issuance of warrant of arrest and attachment of property.'),(297,'',2,59,12,62,'','SUIT FOR DECLARATION/PERMANENT INJUNCTION & MODIFICATION OF NOTIFICATION DATED 11.10.2012 FILED BY MR. SHABAN ALI SSO-I VS WAPDA/TESCO ETC','','1526','SUIT','2018-07-30',1,0,'local','Filed suit for declaration permanent injunction claiming that the plaintiff is entitled to be appointed as SSO-1 with effect from 06-01-2004 with all back benefit.','Prayed that the suit be decreed in favour of the plaintiff against the defendants declaring that the petitioner is entitled to granted BPS-16 from 2004'),(298,'',2,57,2,61,'50000','Recovery suit filed by NTDC VS Muhammad Rizwan Saleem S/o Muhammad Saleem Assistant Manager Operation 220KV G/S Mianwali','','523','Recovery suit','2009-01-22',1,0,'local','Officer absconded from duty during contractual period & was dismissed from service. As per contract of employment NTDC has filed recovery suit for LDs amounting to Rs.50000/-.','Prayed the learned court to decide/decree the suit to get recovered bond money from the absconded officer.'),(299,'',2,44,2,39,'172,476.00','FILED BY MR. MUHAMMAD IQBAL EX FOREMAN VS NTDC AGAINST DECISION OF FULL BENCH NIRC DATED 23.04.2018','','701','WP NO.2455/2018','2018-12-05',1,0,'local','Writ Petition was filed before Lahore High Court Lahore by the ex-employee Muhammad Iqbal ex-Forman being compulsory retired from the service as major penalty on account of involvement in theft at 220 Kv G/S NTDCL.','Prayed that the impugned order of his compulsory retirement from service may be set-aside.'),(300,'',2,49,17,3,'','FOR DECLARATION FILED BY MR. FAREED BAKHSH LAND OWNER VS NTDC','','1662','CIVIL SUIT','2019-04-23',1,0,'local','Plaintiff file Suit vs. NTDC against execution of Civil works of erection/testing of 500KV T/L (Guddu-Muzaffargarh) at location of Tower No. 319 at this Suit property for declaration and created hurdles in the way of works at site.','Prayed the learned court to issue decree/permanent injective orders in his favor and against respondents (NTDC)'),(301,'',2,71,18,14,'','Suit Filed by NTDC VS Muhammad Akhtar against illegal installation of crush machine under transmission line','','715','Suit','2011-02-21',1,0,'local','NTDC filed suit against respondent for Illegal installation of crush machine under High Tension T/L.','Prayed the court to decide/decree case with cost against respondent & in favour of plaintiff.'),(302,'',2,53,13,60,'','filed by NTDC regarding Mob Attack at 220 KV Grid Station NTDC Mardan','','1197','Case No.13/08 of 2017 FIR No.292','2016-06-06',1,0,'local','Case was filed against Mob attack at 220 kv Grid Station Mardan in protest against load shedding .','Prayed that the strong action should be taken by police against responsible of abating Mob attack.'),(303,'',2,41,12,64,'','Grievance Petition No.4B(12)/2017-P titled Jamal Akhtar Assistant (Retd) Vs NTDC for Proforma Promotion from the post of Assistant to Sr. Suptt.','','1367','Petition No.4B(12)/2017-P','2017-04-06',1,0,'local','',''),(304,'',2,72,19,60,'','CASE FILED BY MR. ASGHAR NAWAZ ADVOCATE BANNU VS PESCO / NTDC ETC','','1496','CASE','2018-05-16',1,0,'local','Suit for declaration and permanent injunction was filed by the plaintiff with the different metering dispute with the PESCO however later on NTDC also been impleaded as party to the suit.','Prayed that the suit be decreed with the direction to the respondents not to disconnect the electricity connection and removing the meter from the property of the plaintiff.'),(305,'',2,73,14,65,'','FILED BY MR. ABID HUSSAIN S/O ALLAH DWAYA ETC VS CHAIRMAN WAPDA / NTDC ETC','','1416','SUIT NO.190/1 OF 2018','2018-06-19',1,0,'local','Suit for declaration filed by plaintiff claiming that the parents of the plaintiff were NTDC employees and retired from the service as per rules. However as per appointment against children quota they are entitled to be appointed in NTDC but they have not been offered the job under said policy.','Prayed that suit be decreed by directing the respondents to consider the plaintiff against Children quota and cancel the appointment made on the basis of political influence.'),(306,'',2,60,16,63,'1,698,000.00','Civil Suit Filed by NTDC VS Malik Muhammad Zaman Ex. SSO-I','','84','Civil Suit','2008-08-29',1,0,'local','Officer was found involved in misappropriation of copper conductor of Rs.1698127/- . Recovery suit is filed by NTDC to make good the loss of company.','Prayed the learned court to decide/decree the suit against respondent & in f/o plaintiff to get recovered the amount of misappropriated material.'),(307,'',2,68,13,66,'575000','SUIT FOR RELEASE OF SECURITY FILED BY M/S SOHAIL CONST. COMPANY MARDAN VS NTDC','','1575','SUIT','2018-11-15',1,0,'local','Civil suit was filed by the Sohail Cont. Company for releasing of amount Rs.575000/- against completed work with 10% monthly profit. The amount demanded for release was held by the department due to delayed work as penalty.','Prayed that the Concerned department may be directed to release the amount in the interest of justice.'),(308,'',2,45,12,5,'','W.P.NO. 358-D/2016 RUSTAM KHAN VS. CHAIRMAN  WAPDA AND OTHERS','','1369','W.P.NO. 358-D/2016','2019-05-06',1,0,'local','Petitioner was appointed as SSA in WAPDA during 1963 and promoted as SSO-II and further as SSO-I and was allowed selection grade in March,1985. Respondent 10 Junior to him was shown as senior in the seniority list. FST dismissed his cases . Supreme Court vide order 21.05.2003 order to restore the seniority, to promotion and selection grade to the appellant','Prayed the Peshawar High Court to accept the Petition and direct respondents to implement the order  of Supreme Court dated 21.05.2003 in letter and spirit.'),(309,'',10,75,22,61,'50,000.00','Petition for Execution of decree dated 07.09.2006  filed by NTDC VS Syed Tassaduq Hussain Shah, Ex-Jr. Engr.for recovery of L.Ds','','106','Petition','2007-11-27',1,0,'local','Recovery suit filed by NTDC decreed, execution filed for implementation of judgment and decree','Prayed that judgment and decree passed in favour of NTDC may please be realized by issuing warrant of arrest and attachment of property.'),(310,'',10,28,1,67,'198,470.00','Petition for Execuation of decree dated 01.12.2009 of Civil Judge 1st Class Lahore filed by NTDC VS Mr. Akram Sohail S/o Fazal Hussain Ex- Assistant Manager , Recovery of bond money Rs. 100,000','','188','Petition','2006-01-24',1,0,'local','Recovery suit filed by NTDC decreed, execution filed for implementation of judgment and decree','Prayed that judgment and decree passed in favour of NTDC may please be realized by issuing warrant of arrest and attachment of property.'),(311,'',10,28,1,68,'','Recovery Suit filed by NTDC vs Mr. Muhammad Akram Sohail Ex. Junior Engineer for  of Lds & Leave Salary','','188','Recovery Suit','2017-04-14',1,0,'local','Recovery suit filed by NTDC decreed, execution filed for implementation of judgment and decree','Prayed that judgment and decree passed in favour of NTDC may please be realized by issuing warrant of arrest and attachment of property.'),(312,'',11,76,9,70,'','Judicial Misc Pitition No. 03/2009 (Winding up Quailty Steel Works Karachi) filed by Registrar of Companies/NTDC VS Quality Steel Works','','510','Pitition No. 03/2009','2008-10-22',1,0,'local','Civil suit filed against M/S Quality Steel works by NTDC for recovery of Rs.8,672,872,287,.76/- The contractor filed counter claim of Rs.8,672,872,287.76/-','Prayed that the Loss sustained may be recovered by payment of the recovery amount from  M/S Quality Steel Works as soon as possible in the interest of justice.'),(313,'',11,28,1,71,'23,933,000.00','Civil Suit filed by M/s Metropolitan Steel Corporation Ltd. Karachi VS WAPDA etc LAN 375/98','','328','Civil Suit','2006-12-12',1,0,'local','Plaintiff filed suit for damages for non Award of Contract of procurement/supply of material.','Prayed the learned court to decide/decree the suit in their favour & against respondents Wapda/NTDC to cover the loss.'),(314,'',11,28,1,63,'1,256,375.00','WAPDA VS Muhammad Yousaf ex-foreman (Late) & Muhammad Irshad ex-JSK FIR No. 408/91 for recovery regarding misappropriation of 9.5 KM Rail Conductor','','317&1091','FIR No. 408/91','2006-11-04',1,0,'local','Suit for recovery was filed against respondent on account of misappropriation of store material Rs.12,56,375/- meanwhile respondent died whereas his legal hairs filed counter claim .','Prayed that recovery of the amount as loss sustained to NTDC may be recovered from the defendants.'),(315,'',11,28,1,72,'3,103,726.00','Civil suit filed by Mr. Farhan Yousaf and others legal heirs of Mr. Muhammad Yousaf ex foreman (died) VS NTDC','','1091','Civil suit','2014-12-15',1,0,'local','Suit for recovery was filed against respondent on account of misappropriation of store material Rs.12,56,375/- meanwhile respondent died whereas his legal hairs filed counter claim .','Prayed that  decree for recovery of the claim of Rs.1,32,83,726/- may kindly be passed with costs to meet the ends of justice.'),(316,'',11,77,1,17,'1,409,025.00','NTDC VS M/s North East Electric Transmission and Transformation Equipment Group I&E Corp Shenyang, China (Supplier of material), Mr. Irshad Ullah Bhalli, the then CE (STG), Mr. Muhammad Aslam Kundi','','734','Suit for Recovery','2011-05-31',1,0,'local','NTDC has to pay over payment due to over invoicing by supplier on imported material as pointed out by Audit party. Company filed recovery suit vs supplier & NTDC officers, who were declared responsible for loss of National Ex. chequer.','Prayed that the Honrable court to decided decree the suit in favour of plaintiff along with cost of case to make good the loss of company dues.'),(317,'',11,78,9,11,'','Mr. Ashraf Ali Sheikh, JSK VS NTDC','','75','Appeal No. HYD-354/2010','2011-09-22',1,0,'local','',''),(318,'',11,9,4,63,'100,189,537.16','Appeal filed by NAB etc VS Abdul Majeed Khatri Ex- XEN Ware House against Judgment dated 12.11.2012 of Accountability Court No.III, Sindh Karachi','','863','Appeal','2012-12-21',1,0,'local','Appeal was  filed against Judgment dated 12.11.2012 of Accountability Court No.III, Sindh Karachi by the National Accountability Bureau whereby decision of the honourable court of acquittal of the respondent  from all charges was challenged.','Prayed that the impugned  Judgment dated 12.11.2012 passed by Accountability Court No.III, Sindh Karachi may kindly be set-aside being illegal, unlawful.'),(319,'',11,9,4,63,'100,189,537.16','Appeal filed by NAB etc VS Abdul Majeed Khatri Ex- XEN Ware House against Judgment dated 12.11.2012 of Accountability Court No.III, Sindh Karachi','','863','Appeal','2012-12-21',1,0,'local','Appeal was  filed against Judgment dated 12.11.2012 of Accountability Court No.III, Sindh Karachi by the National Accountability Bureau whereby decision of the honourable court of acquittal of the respondent  from all charges was challenged.','Prayed that the impugned  Judgment dated 12.11.2012 passed by Accountability Court No.III, Sindh Karachi may kindly be set-aside being illegal, unlawful.'),(320,'',11,8,3,77,'4,941,061.00','WAPDA/NTDC VS Farooq Ahmad Khan Ex. SSK Ware House Multan against Judgement of Civil Judge Multan dated 31.10.2011','','266','RFA No. 335/2011','2016-08-12',1,0,'local','Civil Suit  was filed on misappropriation of the WAPDA store shortage of material in Multan Ware House and  notice was served for the recovery of Rs.4887599/-proposed by Inquiry committee. The learned Special Judge acquit the Ex-employee of the alleged charged .Resultantly NTDC Filed appeal against decision dated 05-09-2015','Prayed that the Recovery Amount in favour of the appellant be ensured with costs, if amount not recoverable ,attachment of property be ordered and decision of Learned Court dated 05-09-2015 be set-aside.'),(321,'',11,56,1,58,'','filed by Mr. Ahmad Hassan Sheraz Director (O) of M/s Alamdar Engineering Pvt. Ltd vs FOP / NTDC','','420','WP No.24908/2017','2017-06-07',1,0,'local','Writ Petition was filed to challenge the impugned order dated 17.12.2014 where by NTDC called in question the work done by the petitioner and turned down the petitioners  BID being a blacklisted Company declared by ADB.','Prayed that opportunity of being heard be provided to the petitioner and order dated 17-12-2014 of NTDC be set aside.'),(322,'',11,56,1,86,'','FILED BY M/S J.I ENTERPRISES VS FOP/NTDC ETC','','1502','WP NO.210792/18','2018-09-17',1,0,'local','Writ Petition was filed by M/S Enterprises a prospective bidder on account of new clauses of blacklisting of Bidders in Bidding documents of  NTDC','Prayed that the addition of the alleged clauses in NTDC Bidding documents be declared Illegal unlawful and unjustifiable.'),(323,'',11,80,1,87,'','REGULAR FIRST APPEAL NO.932-13 FILED BY M/S ATLAS CABLES PVT. LTD ETC VS WAPDA/NTDC ETC','','1517','APPEAL NO.932-13','2018-06-12',1,0,'local','Civil Suit was filed against demand of encashment of performance Bond and further claimed for permanent injunction against this demand. Case was dismissed later on Appeal was filed.','Prayed that the order dated 06-02-2018 passed by Learned Civil Judge 1st class be set aside.'),(324,'',11,80,1,87,'','REGULAR FIRST APPEAL NO.933-13 FILED BY M/S ATLAS CABLES PVT. LTD ETC VS WAPDA/NTDC ETC','','1517','APPEAL NO.933-13','2018-06-12',1,0,'local','Civil Suit was filed against demand of encashment of performance Bond and further claimed for permanent injunction against this demand. Case was dismissed later on Appeal was filed','Prayed that the order dated 06-02-2018 passed by Learned Civil Judge 1st class be set aside.'),(325,'',11,56,1,88,'','WRIT PETITION NO.33410/2017 FILED BY M/s M.R ELECTRIC CONCERN PVT LTD VS PROVINCE OF PUNJAB ETC','','897','PETITION NO.33410/2017','2017-09-19',1,0,'local','NTDC awarded contract for supply of material. Deduction of Sales Tax as imposed by PRA has been effected from their invoices. Supplier has filed WP vs NTDC etc against above recovery & challenge the constitution of PRA.','Prayed the court to pass order against illegal deduction of sales tax & direct the respondents to release the amount in their favour.'),(326,'',11,81,28,89,'345,757.50','Suit No. 52-P/2014 by Mr. Liaqat Ali, Junior Store Keeper against imposition of penalty of shortage of NTDC Material upon him VS NTDC etc;','','963','Suit No. 52-P/2014','2014-02-18',1,0,'local','JSK was found involved in misappropriation of store material & penalty for recovery of Rs.345757/50 plus stoppage of 2 increments for 2 years. Official has filed grievance petition vs NTDC against above decision.','Petitioner challenged the decision of competent authority & prayed the court to set aside the orders passed against him with cost of the case & exonerate him from charges leveled against him.'),(327,'',11,56,1,90,'','M/S ASLAM METAL SCRAP VS. FOP AND OTHERS','','1083','WRIT PETITION NO. 2476/2019','2019-02-27',1,0,'local','Writ Petition was filed before High Court regarding fresh re-bidding for Neelum Jhelum Project by NTDC vs. Engineering Development Board (EDB) etc as per instructions of MD NTDC. Matter was decided against company. Management decided to file ICA against the adverse judgment before Lahore High Court to seek relief.','Through filing above ICA it has been prayed the court to set aside the order passed in writ petition and decide the ICA in favor of NTDC'),(328,'',11,80,1,91,'','CIVIL APPEAL NO.5169/2018 FILED BY M/S LION STEEL INDUSTRIES (PVT) LTD VS WAPDA/NTDC ETC AGAINST JUDGMENT/DECREE DATED 13.12.2018 PASSED BY CIVIL JUDGE CLASS-II LAHORE','','942','APPEAL NO.5169/2018','2019-01-09',1,0,'local','M/S Lion Steel Industries (Pvt) LTD filed civil suit due to termination of contract awarded to them on basis of violation of the contract. Case was decided in favour of the NTDC by  Civil Judge Lahore dated 13-12-2018 .Being aggrieved with the decision the Appellant filed appeal against order dated 13-12-2018','Prayed that the order passed dated 13-12-2018 by the Civil Judge must be set aside and fresh order with clear verdict may kindly passed.'),(329,'',11,82,1,90,'','CIVIL SUIT TITLED M/S POWERLINE CONSTRUCTION COMPANY (PVT) LTD. VS. WAPDA/NTDC AND OTHERS','','1599','CIVIL SUIT','2019-02-01',1,0,'local','M/S Powerline Construction Company entered into contract with NTDC for construction of 500 Kv Double circuit Transmission line at Neelum Jhelum LOT-I and was awarded contract being lowest bidder. Later on the company filed a civil suit for Compensation when NTDC  alleged that the contract was not completed in time and NTDC imposed compensation vide letter dated 14-01-2019.. The Court did not grant relief to the plaintiff and request of the plaintiff was turned Down vide order dated 08-02-2019.Against the said order the Plaintiff/Appellant has filed Appeal.','Prayed to the Court that the order dated 08-02-2019 may kindly be suspended.'),(330,'',11,7,1,90,'','APPEAL FILED AGAINST ORDER DATED 08.02.2019 PASSED BY CIVIL JUDGE CLASS II, LAHORE IN THE CASE TITLED M/S POWERLINE CONSTRUCTION COMPANY (PVT) LTD. VS. WAPDA/NTDC AND OTHERS','','1599','APPEAL','2019-02-14',1,0,'local','M/S Powerline Construction Company entered into contract with NTDC for construction of 500 Kv Double circuit Transmission line at Neelum Jhelum LOT-I and was awarded contract being lowest bidder. Later on the company filed a civil suit for Compensation when NTDC  alleged that the contract was not completed in time and NTDC imposed compensation vide letter dated 14-01-2019.. The Court did not grant relief to the plaintiff and request of the plaintiff was turned Down vide order dated 08-02-2019.Against the said order the Plaintiff/Appellant has filed Appeal.','Prayed to the Court that the order dated 08-02-2019 may kindly be suspended.'),(331,'',17,37,3,93,'','Syed Muhammad Raza Divisional Accounts Officer (Rtd) Vehari VS NTDC etc','','1270','WP No. 4877/2016','2016-04-01',1,0,'local','Writ petition was filed to challenged the Departmental order of Finance Director regarding reduction of pensionery benefits to the Petitioner.','Prayed that the order dated 29-10-2015 of Finance Director be declared as illegal ,unlawful and all pensioner benefits may be allowed to the petitioner.'),(332,'',17,76,9,94,'','Special Sale Tax Reference (Appeal) No.1133/2015 by NTDC against judgment of Appellate Tribunal Sindh Revenue Board regarding non deposit of the Sindh Sales Tax','','1198','Appeal No.1133/2015','2015-09-11',1,0,'local','Appeal filed by NTDC on demand of FBR for payment of 1.2Billion out of which Rs.600Million paid ,FBR pressed hard for remaining payment and Blocked NTDC Accounts.','Prayed for suspension of orders of Attachment of accounts. Eventually Account de-attached and proceeding are continued .'),(333,'',17,85,1,95,'12,64,504,978','Appeal No.2125/LB/2016 alongwith Stay Order No.1683/LB/2016 filed by NTDC Vs FOP etc regarding Income Tax Case for the Year 2010','','1164','Appeal No.2125/LB/2016','2016-09-22',1,0,'local','Appeal filed by NTDC on demand of FBR for payment of 1.2Billion out of which Rs.600Million paid ,FBR pressed hard for remaining payment and Blocked NTDC Accounts.','Prayed that operation of coercive steps may kindly be stayed and  appellant  may be given appropriate time to deal the matter.'),(334,'',17,85,1,94,'12,64,504,978','Appeal No.1099/LB/2016 alongwith Stay Order No.1644/LB/2016 filed by NTDC Vs Fop etc regarding Sales Tax Case for the Year 2010','','1164','Appeal No.1099/LB/2016','2016-09-19',1,0,'local','Appeal filed by NTDC on demand of FBR for payment of 1.2Billion out of which Rs.600Million paid ,FBR pressed hard for remaining payment and Blocked NTDC Accounts.','Prayed that operation of coercive steps may kindly be stayed and  appellant  may be given appropriate time to deal the matter.'),(335,'',17,86,1,88,'','Filing of appeal by NTDC against order dated 18.05.2017 passed by Punjab Revenue Authority Regarding Imposition Of Sales Tax On Services','','888','appeal','2017-02-06',1,0,'local','NTDCL challenged the order by filling way of Appeal against order dated 18.05.2017 passed by Punjab Revenue Authority Regarding Imposition Of Sales Tax On Services','Prayed that order dated 18.05.2017 passed by Punjab Revenue Authority Regarding Imposition Of Sales Tax On Services may kindly be set-aside.'),(336,'',17,56,1,96,'','WP No.8215/2017 filed by NTDC Vs FOP Etc against Show Cause Notice U/S 122(5A) of Income Tax Ordinance 2011 for Tax year 2014','','1164','WP No.8215/2017','2017-10-03',1,0,'local','Appeal filed by NTDC on demand of FBR for payment of 1.2Billion out of which Rs.600Million paid ,FBR pressed hard for remaining payment and Blocked NTDC Accounts.','Prayed that operation of coercive steps may kindly be stayed and  appellant  may be given appropriate time to deal the matter.'),(337,'',16,56,1,88,'','filed by NTDC Vs POP/Punjab Revenue Authority (PRA) Etc','','888','WP No.48639/2017','2017-07-05',1,0,'local','NTDCL filed Writ petition against the attachment of account by PRA authorities by contending that since the PRA has no jurisdiction to tax the NTDC therefore the impugned action of attachment of account by PRA is not justified.','Prayed that the Notice of recovery by PRA and action of attachment of account may kindly be declared illegal unlawful and without jurisdiction.'),(338,'',17,56,1,88,'','ITR No.23283/17 Filed by Commissioner Inland Revenue Zone-VI, CRTO Lahore Vs NTDC against the decision of A.T.I.R Lahore Bench On 25.01.2017','','1164','ITR No.23283/17','2017-10-09',1,0,'local','Appeal filed by NTDC on demand of FBR for payment of 1.2Billion out of which Rs.600Million paid ,FBR pressed hard for remaining payment and Blocked NTDC Accounts.','Prayed that operation of coercive steps may kindly be stayed and  appellant  may be given appropriate time to deal the matter.'),(339,'',17,56,1,88,'','filed by Commissioner Inland Revenue Zone-VI, CTRO Lahore Vs NTDC against the decision of A.T.I.R Lahore Bench On 25.01.2017','','1164','ITR No.23273/17','2017-10-09',1,0,'local','Appeal filed by NTDC on demand of FBR for payment of 1.2Billion out of which Rs.600Million paid ,FBR pressed hard for remaining payment and Blocked NTDC Accounts.','Prayed that operation of coercive steps may kindly be stayed and  appellant  may be given appropriate time to deal the matter.'),(340,'',17,56,1,97,'','WRIT PETITION NO.82015-2017 FILED BY NTDC VS FOP ETC AGAINST PROVISIONAL ORDER DATED 16.05.2017 PASSED BY DY. COMMISSIONER INLAND REVENUE','','888','PETITION NO.82015-2017','2017-10-03',1,0,'local','Writ petition filed by the nodal against recovery of NTDCL against the demand the FBR on account of order dated 16-05-2015 u/s 122 C of the ITO-2001 passed by the Assistant Commissioner Inland Revenue','Prayed that the order dated 16-05-2017 passed by the FBR authorities may kindly be set aside being illegally passed.'),(341,'',17,56,1,98,'','Writ Petition No.33790/2017 filed by M/s Potential Engineers (Pvt) Ltd Vs Province of Punjab Etc','','888','Petition No.33790/2017','2017-06-09',1,0,'local','Petitioner filed Writ Petition challenging the  Forced registration of petitioner for D-registration by the PRA moreover contended that the order of PRA to  NTDC to deduct the tax and deposit PRA may kindly be restrained.','Prayed that the firm of the petitioner be D-registered being not false in the category for which PRA is meant for.'),(342,'',17,56,1,98,'','Writ Petition No.7956/2017 Filed by M/s M.R Electric Concern (Pvt) Ltd Vs Province Of Punjab Etc','','888','Petition No.7956/2017','2017-03-17',1,0,'local','Petitioners (MR Electric)challenged notice dated 10-01-17 based on reported judgment 2016 PLD Lhr 321 stating that the constitution of PRA Act 2016 is defective therefore wires of this act as well as constitution of PRA is challenged through this petition. Moreover wires of provisions of Sales tax 2012 are also challenged. NTDC is being impleaded in the capacity of with-holding.','Prayed that the PRA act 2016 kindly be declared illegal and ultra vires the constitution of Pakistan'),(343,'',17,56,1,98,'','FILED BY M/S NCL-AEL (JV) VS NTDC/POP ETC','','1454','WP NO.161942/2018','2018-02-16',1,0,'local','Writ petition was filed by the M/S NCL/AE against imposition of Sales tax made by NTDC from their Bill as per Punjab Revenue Authority has imposed recovery of sales tax on services provided to private contractors.','Prayed that the respondents company be restrained from imposing any service /Sale tax being illegal deduction.'),(344,'',17,56,1,88,'','WRIT PETITION NO.214939/2018 FILED BY NTDC VS PROVINCE OF PUNJAB ETC AGAINST SHOW CAUSE NOTICE NO.PRA/990A DATED 30.03.2018 ISSUED BY PUNJAB REVENUE AUTHORITY TO NTDC','','1497','PETITION NO.214939/2018','2018-06-07',1,0,'local','NTDC filed Writ Petition against Show cause Notice NO.PRA/990A dated 30.03.2018 issued by Punjab Revenue Authority to NTDCL.','Prayed that the impugned notice passed by PRA to NTDC may kindly be declared illegal, unlawful and set-aside.'),(345,'',17,44,2,99,'','FILED BY MR. HAZRAT MAROOF EX. C.E VS FOP/NTDC ETC','','1518','WP NO.1968/2018','2018-06-28',1,0,'local','Writ Petition was filed to draw pension according to judgment of Supreme Court in CPNo.576 to 589 of 2012','Prayed to direct respondents to disburse the pension by adding restoration amount as well as cash medical allowance on the basis of gross pension instead of net pension.'),(346,'',17,45,12,100,'','FILED BY PAKHTUNKHWA ENERGY DEVELOPMENT ORGANIZATION (PEDO) VS FBR/NTDC ETC','','1516','WP NO.2590/2017','2018-06-13',1,0,'local','Writ Petition was filed before Peshawar High Court Peshawar by the Pakhtunkhwa Energy development Organization (PEDO) VS  FBR/NTDC on account of show cause notice issued to them of Rs.794,375,345/- for payment of Income tax on income profit from electricity generation in PATA.','Prayed that during pendency of this Writ petition the operation of the impugned show cause notice may kindly be suspended and respondents may be restrained from initiating any adverse action against the petitioner till final disposal.'),(347,'',17,45,12,100,'','FILED BY PAKHTUNKHWA ENERGY DEVELOPMENT ORGANIZATION (PEDO) VS FBR/NTDC ETC','','1516','WP NO.4947/2017','2018-06-13',1,0,'local','Writ Petition was filed before Peshawar High Court Peshawar by the Pakhtunkhwa Energy development Organization (PEDO) VS  FBR/NTDC on account of show cause notice issued to them of Rs.794,375,345/- for payment of Income tax on income profit from electricity generation in PATA.','Prayed that during pendency of this Writ petition the operation of the impugned show cause notice may kindly be suspended and respondents may be restrained from initiating any adverse action against the petitioner till final disposal.'),(348,'',17,45,12,100,'','FILED BY PAKHTUNKHWA ENERGY DEVELOPMENT ORGANIZATION (PEDO) VS FBR/NTDC ETC','','1516','WP NO.2592/2017','2018-06-13',1,0,'local','Writ Petition was filed before Peshawar High Court Peshawar by the Pakhtunkhwa Energy development Organization (PEDO) VS  FBR/NTDC on account of show cause notice issued to them of Rs.794,375,345/- for payment of Income tax on income profit from electricity generation in PATA.','Prayed that during pendency of this Writ petition the operation of the impugned show cause notice may kindly be suspended and respondents may be restrained from initiating any adverse action against the petitioner till final disposal.'),(349,'',17,45,12,100,'','FILED BY PAKHTUNKHWA ENERGY DEVELOPMENT ORGANIZATION (PEDO) VS FBR/NTDC ETC','','1516','WP NO.2591/2017','2018-06-13',1,0,'local','Writ Petition was filed before Peshawar High Court Peshawar by the Pakhtunkhwa Energy development Organization (PEDO) VS  FBR/NTDC on account of show cause notice issued to them of Rs.794,375,345/- for payment of Income tax on income profit from electricity generation in PATA.','Prayed that during pendency of this Writ petition the operation of the impugned show cause notice may kindly be suspended and respondents may be restrained from initiating any adverse action against the petitioner till final disposal.'),(350,'',17,45,12,33,'','FILED BY M/S SARHAD TEXTILE MILLS LTD & OTHERS VS FOP/PESCO ETC','','1167','WP NO. 1957/2016','2018-11-07',1,0,'local','Writ petition was filed by the petitioners on account of the notified adjustment in approved tariff of NEPRA regarding variation in fuel charges in their Monthly electricity bills as support package regarding Rs.3/KWH /unit reduction in industrial tariff.','Prayed that the respondents be directed to deduct Rs.3/KWH per unit from the bills of petitioner as notification of Ministry of Water & Power alongwith deduction of FPA independently as per decision of NEPRA the final disposal of the main Writ Petition.'),(351,'',17,87,1,102,'','APPOINTMENT OF COUNSEL TO GET FREE NTDC VEHICLE TOYOTA HIACE REGD. NO.LOK-4965 FROM CHALLAN/F.I.R REGISTERED IN HANJARWAL POLICE STATION.','','1528','CHALLAN/F.I.R','2018-11-26',1,0,'local','Ntdc filed application for the recovery of the NTDCL Vehicle No.LOK -4965 Toyota Hiace that was stolen and then recovered by the City Division police   station.','Prayed that the custody of the vehicle be given back  to the NTDC  after fulfilling legal proceedings.'),(352,'',17,56,1,104,'','filed by Rana Sultan Mehmood VS WAPDA/ NTDC etc;','','698','WP No. 22511/2010','2010-10-22',1,0,'local','Officer filed Writ Petition before high court against order dated 29.07.2010 of Finance Director NTDC for refusal to allow advance increment on passing MA Exam and one advance increment on possessing the qualification of APA alongwith arrears','Prayed the court to accept the Writ Petition and direction may be issued to the respondents to allow advance increments admissible under the rules'),(353,'',17,13,2,103,'','CPLA TITLED COMMISSIONER INLAND REVENUE VS. NTDC AND OTHERS  AGAINST THE DECISION OF LAHORE HIGH COURT DATED 12-06-2018','','1631','CPLA','2019-03-19',1,0,'local','Officer filed Writ Petition before high court against order dated 29.07.2010 of Finance Director NTDC for refusal to allow advance increment on passing MA Exam and one advance increment on possessing the qualification of APA alongwith arrears','Prayed the court to accept the Writ Petition and direction may be issued to the respondents to allow advance increments admissible under the rules.'),(354,'',3,28,1,61,'50,000.00','Execution petition by NTDC VS Babar Hussain ex-AM for recovery of L.Ds','','777','Petition','2012-01-04',1,0,'local','Civil suit was filed against Ex -AM for recovery of Liquidated Damages in lieu of  surety bond amount Rs.50000/- suit was decided in favor of NTDC, hence execution filed.','Prayed that the Recovery of amount in lieu of surety Bond be recovered from the ex-employee in interest of Department.'),(355,'',3,77,1,61,'50,000.00','Execution petition in Civil Suit No. 1375/1 of 2007 filed by NTDC VS Safdar Hussain Memon ex-AM for recovery of L.Ds','','780','Petition in Civil Suit No. 1375/1','2012-01-20',1,0,'local','Civil suit was filed against Ex -AM for recovery of Liquidated Damages in lieu of   surety bond amount Rs.50000/- suit was decided in favour of NTDC, hence execution filed.','Prayed that the Recovery of amount in lieu of surety Bond be recovered from the ex-employee in interest of Department.'),(356,'',3,88,3,17,'57,140.00','NTDC VS Sheikh Faisal Ahmad S/o Rehmat Ali Ex. Junior Engineer Gatti Faisalabad.','','392','Civil Suit','2010-01-12',1,0,'local','Officer absconded from duty during contractual period. NTDC filed recovery suit for LDs.','Prayed the learned court to decide the suit to get recovered bond money from the absconder officer.'),(357,'',3,89,36,13,'','filed by NTDC VS Techno Energy (Pvt) Ltd. Regarding rent of land possessed at Gridstation','','980','Civil Suit','2015-02-11',1,0,'local','Civil suit was filed against M/S .Techno Energy Pvt for not vacating the land area 05 Acres land of grid station acquired to facilitate the defendants during Rental Power plants.','Prayed that recovery amount Rs.10,000- per acres per Month since sep-2009 to date of the contract may be recovered for interest of justice.'),(358,'',3,90,28,105,'','Suit filed by NTDC VS Muhammad Naseem Jutt and Two others regarding breaking the boundary wall of main gate of 500 kV G/stn Gatti/Bhaiwala Faisalabad','','986','Suit','2014-11-14',1,0,'local','Civil suit was filed against breaking the boundary wall of the main gate of 500 Kv Grid station Gatti/Bhaiwala Faisalabad however the said boundary wall was already under stay order.','Prayed that FIR must be lodged against the act to secure ends of Justice.'),(359,'',3,91,28,105,'','Contempt of Court application filed by Muhammad Naseem Jutt VS NTDC','','986','Contempt of Court application','2016-03-14',1,0,'local','Filed Contempt application in violation of Court order dated 09-05-2009 in which stay was granted but defendants build boundary wall on the stayed wall.','Prayed that the defendants be dealt according to law on account of sheer violation of court orders.'),(360,'',3,77,1,106,'','filed by Syed Hassan Raza Zaidi Assistant Foreman VS NTDC','','1265','Civil Suit No.3104/2016','2016-03-31',1,0,'local','Civil Suit was filed by the employee to challenge the order of cancellation of allotment to his quarter without notice.','Prayed that the order dated 25-03-2016 of cancellation of quarter allotment may be kindly set aside and granted permanent injunction against that order.'),(361,'',3,92,1,34,'','Civil Suit filed by Muhammad Sarwar and Liaqat Ali S/o of Ahmad Din land owner VS NTDC against the const. of tower','','827','Civil Suit','2012-07-28',1,250000,'local','Plaintiffs filed suit vs NTDC etc against installation of tower of High tension T/L in their suit property.','Prayed the court to decide/decree the suit in favour of land owners with direction to NTDC to make payment of compensation of their affected land.'),(362,'',3,90,28,61,'58,210.00','Filing of case for execution of decree dated 02.11.2009 filed by NTDC VS Muhammad Arshad S/o Ali Muhammad Ex-Assistant Manager','','494','case for execution of decree','2010-10-07',1,0,'local','Civil Suit was filed for the recovery of liquidated damages incurred by the department of Rs.58,210/-  case decided in favor of NTDC ,Department filed Execution Petition that was Sine die due to non availability of addresses of judgment debtors.','NTDC prayed the court to issue order for recovery of company dues from the absconder officer for implementation of court decision.'),(363,'',3,93,28,107,'66,96,631','Suit for declaration and mandatory injunction with consequential relief filed by  NTDC VS WASA /FDA Faisalabad.','','1357','Suit','2017-03-02',1,0,'local','Civil suit was filed to defend the bill in lieu of Aquifer Charges  for supply of water to 500 kv Grid Station Faisalabad.','Prayed that the bill claimed by the defendants be declared illegal have no effect and cancelled.'),(364,'',3,80,1,108,'','Civil Appeal No.2879/2015 filed by Rashid Kamran S/o Muhammad Ramzan R/o Quarter No.FD-16 at 220kv Grid Station Ravi vs NTDC etc','','1378','Appeal No.2879/2015','2017-04-14',1,0,'local','Civil Suit was filed for retention of Quarter that was decreed against petitioners dated 02-07-2015.','Prayed that the decree dated 02-07-2015 may be declared illegal, unlawful and ordered to restrained the respondents from dispossessing him.'),(365,'',3,28,1,61,'75549/-','FILING OF EXECUTION PETITION BY NTDC FOR IMPLEMENTATION OF JUDGMENT/DECREE DATED 06.01.2018 PASSED IN CIVIL SUIT NO. 399/01/16 TITLED NTDC VS HAFIZ RIAZ AHMAD EX. JUNIOR ENGINEER','','274','PETITION','2018-03-12',1,0,'local','Civil suit was filed for recovery of the liquidated damages Rs-50000/- from ex-employee on account of leaving the service without Notice.','Case decided in favour of the Department ,hence Execution filed for the recovery of the damages claimed.'),(366,'',3,28,1,61,'74759/-','FILING OF EXECUTION PETITION BY NTDC FOR IMPLEMENTATION OF JUDGMENT/DECREE DATED 06.01.2018 PASSED IN CIVIL SUIT NO. 397/01/16 TITLED NTDC VS RAFAQAT ALI KHAN EX. JUNIOR ENGINEER','','276','PETITION','2018-10-09',1,0,'local','Civil suit was filed for recovery of the liquidated damages Rs-50000/- from ex-employee on account of leaving the service without Notice.','Case decided in favour of the Department ,hence Execution filed for the recovery of the damages claimed.'),(367,'',3,28,1,61,'72097/-','FILING OF EXECUTION PETITION BY NTDC FOR IMPLEMENTATION OF JUDGMENT/DECREE DATED 06.01.2018 PASSED IN CIVIL SUIT NO. 398/01/16 TITLED NTDC VS MUHAMMAD HASHMAT YAR EX. JUNIOR ENGINEER','','263','EXECUTION PETITION','2018-10-09',1,0,'local','Civil suit was filed for recovery of the liquidated damages Rs-50000/- from ex-employee on account of leaving the service without Notice.','Case decided in favour of the Department ,hence Execution filed for the recovery of the damages claimed.'),(368,'',3,82,1,109,'','SUIT FILED BY MR. AMJAD ALI LORRY DRIVER (RETD.) LESCO VS NTDC ETC','','1539','SUIT','2018-07-21',1,0,'local','Civil Suit was filed for retention of the allotted residence to the Retd Lorry Driver inspite of vacating house he filed suit for retention .','Prayed that Honorable court to issue injunctive order to direct NTDC to not dispossess the plaintiff from the suit property.'),(369,'',3,56,1,110,'','filed by Mr. Usman Waheed S/o Abdul Waheed Ex. Mali Vs FOP/NTDC','','1290','WP No.36241/2016','2017-02-21',1,0,'local','',''),(370,'',3,56,1,111,'','ICA No.407/2015 in WP No.4153/15 by Prof. Aftab Ahmad Chatta VS NTDC etc;','','772','ICA No.407/2015 in WP No.4153/15','2015-05-27',1,0,'local','WP filed by Petitioner seeking compensation or get back his land was decided in f/o NTDC. Now he has filed ICA & Challenged the decision dated 17.02.2015 of single bench.','Prayed the court to set aside order dated 17.02.2015 & direction may be issued to respondent (NTDC) to surrender the property in f/o appellant.'),(371,'',3,28,1,112,'','filed by Mr. Abdul Wahid S/o Saraj Din, Naib Qasid VS NTDC etc; for non vacation of quarter','','940','Civil Suit No.794/2014','2014-03-04',1,0,'local','Plaintiff filed civil suit for retention of quarter, which was cancelled by NTDC vide order dated 27.11.2013','Prayed the court to set aside office order dated 27.11.2013 issued by respondent may be stayed & suspend till final disposal of the suit.'),(372,'',3,94,28,113,'','APPEAL FILED BY MR. MUHAMMAD ASLAM S/O FAZAL DIN LAND OWNER ETC VS NTDC ETC AGAINST JUDGMENT/DECREE DATED 24.05.2018 PASSSED BY CIVIL JUDGE, FSD','','544','APPEAL','2018-09-29',1,0,'local','Decision of Civil Court challenged before ADJ Faisalabad for relief purpose.','Plaintiff demanded route from main road of 500 KV Grid Station Gatti for the inhabitants of Moza Gatti Chk No.202 RB Gatti.'),(373,'',3,28,1,17,'','SUIT FOR RECOVERY OF RS.329115/- FILED BY MR. MUHAMMAD ASHIQ PROPRIETOR OF M/S YOUSAF & CO. CONTRACTOR VS NTDC','','1562','SUIT','2018-09-03',1,0,'local','M/S Yousaf & Co Lahore an  approved contractor of NTDC  filed suit for recovery of Rs.329115/- against NTDC on account of recovery claimed by FIA to the contractor.','Prayed that the decree for recovery of Rs.329115/- along with compensation @ 20% till the date of realization may kindly be passed in favour of plaintiff with cost of the suit.'),(374,'',3,11,1,109,'','PETITION NO.4A(296)/18-L FILED BY SAQIB FARYAD S/O FARYAD AHMAD TALISH LS-I LESCO VS NTDC ETC','','1576','PETITION NO.4A(296)/18-L','2018-12-13',1,0,'local','Petition was filed by the petitioner before NIRC Lahore Bench  against cancellation of allotment of quarter D-1 at Residence Colony of 220 KV G/S NKLP Lahore by C.E (A.M) North NTDC due to immoral activities of the brother of petitioner.','Prayed that the order of cancellation of allotment may kindly be set aside by the honourable court .'),(375,'',3,11,1,114,'','CASE NO. 4B(22)/2019-L FILED BY MR. MUHAMMAD ZAHOOR SHAH EX. ASSISTANT DRAFT MAN VS NTDC','','52-II','CASE NO. 4B(22)/2019-L','2019-04-11',1,0,'local','Petition was filed by the ex-employee against departmental order about his leave and on technical ground for his retirement from service being absent from service and residing in USA.','Prayed that the Court may kindly set aside order dated 25-10-2018 and instant appeal be allowed .'),(376,'',3,95,1,115,'22,00,000.00','COMPLAINT NO. WPS-LHR/0005000/19 LODGED BY MR. MUZAMMIL ASHFAQ PROPRIETOR M/S MUZAMMIL BROTHERS VS. NTDC regarding Civil work at 220KV G/S Ravi NTDC Lahore','','1697','COMPLAINT NO. WPS-LHR/0005000/19','2019-07-22',1,0,'local','',''),(377,'',8,96,13,34,'','Appeal for execution filed by M/s Khyber Tobacco Co. for compensation of land Mardan VS WAPDA & others','','350','Appeal','2006-02-04',1,0,'local','Civil suit filed by the land owner of 220Kv Grid Station Mardan against the decision of civil judge Mardan on account of Execution  of Degree.','Prayed that the order of the Civil Judge to execute the decree in favour of decree holder is illegal ,null and void unlawful.'),(378,'',8,97,44,3,'','Application lodged by Sheikh Habib ur Rehman land owner VS WAPDA / NTDC for compensation of land','','271','Application','2015-02-12',1,0,'local','Application was filed for compensation for construction of Towers in the land of the applicant without seeking permission and without making any payment.','Prayed that the respondents may be directed to proceed according to Land Acquisition act and pay the compensation in the interest of justice.'),(379,'',8,98,44,3,'','Suit Filed by Sheikh Habib ur Rehman land owner Vs Wapda / NTDC','','271','Suit','2009-02-09',1,0,'local','Writ Petition was filed for compensation for construction of Towers in the land of the petitioner  without seeking permission and without making any payment.','Prayed that the respondents may be directed to proceed according to Land Acquisition act and pay the compensation in the interest of justice.'),(380,'',8,99,46,34,'','Two Civil Suits filed by Mr. Tahseen Ullah & Muhammad Ibrahim land owners Batgram VS CEO NTDC etc for compensation of their land','','600','Civil Suits','2009-12-05',1,0,'local','Two Suits for issuance of decree/injunctive order filed by Land owners vs. NTDC against high tension wires of 220KV T/L passing over residential houses and for payment of compensation as alternate remedy','Prayed the Court to issue injunctive order against work of NTDC and compensation of effected houses be paid to the plaintiffs'),(381,'',8,100,1,34,'','Civil Suit filed by M/s Muhammad Siddique & Muhammad Latif S/o Muhammad Ibrahim etc land owners Lahore Vs Barkat Ali / NTDC etc','','614','Civil Suit','2010-01-06',1,0,'local','Land owners filed suit for injunctive order with consequential relief against acquisition of land of 220KV Ghazi G/S Lahore','decision of the main petition'),(382,'',8,101,46,34,'','Civil Suit filed by Mst. Bakht Jana etc land lady Batgram VS NTDC etc','','641','Civil Suit','2010-05-28',1,0,'local','NTDC is constructing high tension 220KV T/L which is passing over the suit property of plaintiff tower No. 104 &105 of said T/L are installed near the land of the owner. Fruit trees and crops are damaged, but no compensation was paid to the land owner for the above loss','Prayed the Honrable court to pass judgment decree in her favor and against respondents for payment of compensation'),(383,'',8,12,1,116,'','filed Muhammad Ali Assistant (EHV) Lahore VS WAPDA etc','','310','Case No.377/2006','2006-11-21',1,0,'local','Civil suit was filed against the order of the defendants for with-holding two increments of the plaintiff on the base of allegation made to him.','Prayed that order of with-holding 2 increments may be declared illegal ,unlawful and without justification in the interest of justice.'),(384,'',8,102,49,117,'','Civil Suit filed by Fazal Noor S/o Haji Hamza land owner Kohistan VS NTDC','','801','Civil Suit','2014-04-21',1,3500000,'local','Plaintiff filed suit for injunctive order vs. Wapda/NTDC against Tower No. 41 to 42 of 220KV T/L passing over the house of the plaintiff in Tehsil Patan Distt. Kohistan without making compensation','Prayed the Honrable court to issue decree in his favor and against NTDC for payment of compensation of effected house'),(385,'',8,101,46,119,'','Execuation of decree instituted by Muhammad Afzal s/o Bajoray land owner etc VS NTDC etc','','751','Execuation of decree','2017-03-11',1,40000,'local','Civil Suit was filed by the resident of Batgram for compensation of house regarding damages claimed due to passing of wires of 220 KV T/L Mansehra ,suit was decreed against NTDC. Hence execution filed for enforcement of decree Rs-40000/-','Prayed that judgment debtor be directed to pay the decretal amount.'),(386,'',8,39,1,3,'','Civil Appeal No. 305-L/2012 filed by NTDC against Judgement dated 09.02.2012 of Lahore High Court Lahore  VS Abdul Hameed etc land owners regarding land acqusition of 500KV G/S Gatti Fasialabad','','423','Appeal No. 305-L/2012','2012-03-20',1,0,'local','Writ Petition was filed on the challenging the award under Land Acquisition act and for   re-assessment of the land acquired by the NTDC for construction of 500 KV Grid Station Faisalabad, and payment of compensation according to the new assessment thereafter. CPLA was filed by NTDC against judgment dated 09-02-2012','CPLA filed by NTDCL against judgment dated 09-02-2012 being adverse order ,and prayed for setting aside this order if otherwise Appellant has to bear heavy financial burden.'),(387,'',8,103,50,34,'','Appeal filed by Mr. Muhammad Iqbal, Mr. Khalid Iqbal, Tahir Iqbal land owners etc. VS WAPDA/NTDC against judgement of Civil Judge Daska Dated 07.03.2012','','786','Appeal','2012-04-29',1,0,'local','Civil Suit was filed for stay order against construction work of 132KV D/C Twin Bundle Rail Conductors Nandipur Power House without NOC and Permission from the land owners. Stay was granted on 21-01-2012 ,However it was defended by the Defendants and stay vacated, being aggrieved appellant filed Appeal against the decision of Civil judge Daska.','Prayed that order vide dated 30-10-2012 of the Civil Judge  about vacating stay order be declared null and void and again stay granted .'),(388,'',8,80,1,34,'','Appeal filed by Jamila Begum, Abdul Waheed, Fahmida Begum etc; VS WAPDA/NTDC/PEPCO against the judgment dated 28.02.2012 of civil judge Lahore','','703','Appeal','2012-04-28',1,0,'local','Civil Suit was filed for stay order against installation of tower and  work 220 KV Kala Shah Kaku Shalimar transmission line without permission from the land owners. Stay was granted on 20-01-2011 ,However it was defended by the Defendants and stay vacated 15-03-2011,being aggrieved appellant filed Appeal against the decision before High Court Lahore.','Prayed that the decision of the District Judge Lahore vide order dated 15-03-2011 be declared illegal, unlawful and null and void in the interest of justice.'),(389,'',8,77,1,34,'','Civil Suit filed by Muhammad Mansha Land Onwer etc VS NTDC regarding land of 220KV Ghazi Road G/station','','810','Civil Suit','2012-06-16',1,6888888,'local','Land owner filed civil suit against erection of Towers of 220KV T/L Ghazi Road G/S at his suit property.','Prayed the court to decide/decree the suit in f/o plaintiff for compensation of his affected land.'),(390,'',8,92,1,34,'','Civil Suit filed by Muhammad Nazir (owner of house) Lahore b/w loaction of Tower No. 33 & 34 VS WAPDA/NTDC','','818','Civil Suit','2012-02-06',1,0,'local','Civil suit was filed by the plaintiff for restraining the defendants to install 11000 KV line over the house as dangerous to human life.','Prayed that permanent injunction may be granted to restrain the defendants to install disputed wires over the house of the plaintiff.'),(391,'',8,104,13,34,'','Civil Suit filed by Mst. Dur-e-Shahwar Begum land owner Mardan VS WAPDA/NTDC','','817','Civil Suit','2012-06-25',1,0,'local','Civil suit was filed by the plaintiff for restraining to pass through wire of  25000 KV line over the land of the plaintiff without her permission and without any agreement  ,this transmission line will damage her standing crops.','Prayed that the defendant be restrained to pass 25000 Kv line over the land without any permission and consideration.'),(392,'',8,96,13,34,'','Suit filed by Mst. Dur-e-Shahwar Begum land owner Mardan VS WAPDA/NTDC reagrding Stay order','','817','Suit filed','2012-07-05',1,0,'local','Civil suit was filed by the plaintiff for restraining to pass through wire of  25000 KV line over the land of the plaintiff without her permission and without any agreement  ,this transmission line will damage her standing crops.','Prayed for permanent Injunction may be granted against defendant to  restrained them to pass 25000 Kv line over the land without any permission and consideration.'),(393,'',8,56,1,34,'','Crl. Org. No. 108/2012 in WP No. 16068/1999 filed by Sardar Muhammad Ch. S/o Muhammad Buksh land owner Faisalabad VS NTDC etc','','825','Crl. Org. No. 108/2012 in WP No. 16068/1999','2012-07-19',1,0,'local','Writ Petition was filed to implement the order dated 02-09-1999 in favour of the petitioners ,wherein re-assessment of the land and in case otherwise handover the possession of land belonging to the petitioner.','Prayed that the responsible may be dealt according to law, and  be ordered to comply with the orders dated 02-09-1999 passed by Honourable Court in WP No.16068/1999.'),(394,'',8,45,12,120,'','RFA NO. 150/2008 filed by Jan Muhammad & others (land owners) VS NTDC for the alnd of 220 KV G/S Shahi Bagh Peshawar','','862','RFA NO. 150/2008','2008-09-10',1,0,'local','Appellant has filed appeal before High Court to enhance the compensation for the land acquired for 220KV G/S Shahibagh Peshawar against award announced by LAC dated 13.02.1997 & judgment/decree passed by Civil Judge Peshawar on 17.06.2008','Prayed the Honable Court to accept the appeal and judgment decree of Civil Court may be revised and compensation be enhanced alongwith compulsory land acquisition charges'),(395,'',8,105,52,3,'','CIVIL REVISION NO.398-D/2018 BY NTDC VS MRS. SHAHIDA HALEEM LAND OWNER AGAINST JUDGEMENT DATED 23.01.2018 IN CIVIL APPEAL NO.122/2017 OF ADJ BAHAWALPUR','','725','CIVIL REVISION NO.398-D/2018','2018-04-16',1,0,'local','Civil suit was filed for declaration against installation of Tower and requested to compensation from the time when these Tower were installed. This suit was decreed in favour of the plaintiff ,being aggrieved with the decision NTDC filed Appeal against decision dated 07-11-2017.','Prayed that the order dated 07-11-2017 may be set-aside otherwise Appellants have to suffer loss.'),(396,'',8,105,52,121,'','Civil Revision No. 174/D/2014/BWP by Mrs. Shahida Haleem land lady Vs NTDC etc','','725','Civil Revision No. 174/D/2014/BWP','2015-02-17',1,0,'local','Civil Revision  was filed for declaration against installation of Tower and requested to compensation from the time when these Tower were installed.','Prayed  that the Respondent be directed to pay the compensation amount from the time when Disputed Towers were installed.'),(397,'',8,80,1,121,'','Civil Appeal No. 18/CA/09.09.2010 filed by Abdul Majeed etc Lhr VS Shagufta Shahnaz / NTDC etc','','879','Civil Appeal No. 18/CA/09.09.2010','2010-09-28',1,0,'local','Civil suit was filed by Shagufta Naz plaintiff claimed that out of bogus sale deed  their land acquired, and demanded  recovery of Rs.8,82,740/- from the defendant no.5 Namely Abdul Majeed. Case was decided in favour of the plaintiff .Being aggrieved with the decision Mr. Abdul Majeed filed  Appeal against decision, that was dismissed, Appellant filed again Appeal before District and Session Judge Lahore.','Prayed that the decision of the Civil Judge 1st class vide dated 13-11-00 may by declared unlawful, unjust and illegal.'),(398,'',8,99,46,121,'','Suit filed by Mr. Ali Akbar S/o Muhammad Roshan land owner etc; VS NTDC etc;','','1275','Suit','2011-05-13',1,0,'local','Plaintiff contented that NTDC installed high intensity T/L of 220KV Allai Khwar-Mansehra which are crossing over his residential house without acquiring land and decide/decree the suit in his favor and against respondents','Prayed the court to decide/decree the suit in his favor for compensation of his damages'),(399,'',8,99,46,121,'','Case No. 614/2014 filed by Ali Akbar  S/o Muhammad Roshan land owner etc; VS NTDC etc;','','1275','Case No. 614/2014','2015-12-15',1,1400000,'local','Plaintiff contented that NTDC installed high intensity T/L which are crossing over his residential house without acquiring land and decide/decree the suit in his favor and against respondents','Prayed the court to decide/decree the suit in his favor for compensation of his damages'),(400,'',3,108,50,122,'','Appeal by Faizul Hassan etc; Land owners against vacation of stay order','','786','Appeal','2013-05-13',1,0,'local','Civil Suit was filed by the land owners Plaintiff against work of 132 kv  D/C Twin Bundle Rail Conductor Nandipur Power House 220 kv Grid Station Sialkot on account of without NOC and without seeking permission on the suit property.',''),(401,'',8,107,53,123,'','Appeal filed by NTDC VS Khalid Akbar S/o Mir Akbar land owner against decision of Civil Judge-IV Nowshera dated 02.05.2011','','643','Appeal','2011-05-31',1,0,'local','Civil Suit was filed by the land owners for installation of tower in the land of the petitioner, and stay granted in this suit vide order dated 02-05-2011.NTDC filed Appeal against the Stay Order .','Prayed that the order dated 02-05-2011 be declared illegal unlawful otherwise Appellant has to suffer loss.'),(402,'',8,107,53,122,'','Appeal against Judgment of Sr.Civil Judge Nowshera in the titled case Khalid Akbar S/o Mir Akbar land owner VS WAPDA/NTDC','','643','Appeal','2013-06-24',1,0,'local','Civil Suit was filed by the land owners for installation of tower in the land of the petitioner, and stay granted in this suit vide order dated 02-05-2011.NTDC filed Appeal against the Stay Order .Later on the Plaintiff files appeal against Decision Senior Civil Judge of the Nowshera','Prayed to set aside order of Senior Civil Judge Nowshera against the interest of Appellant.'),(403,'',8,106,53,3,'','Appeal filed by NTDC VS Muhammad Tariq Land Owner against decision of Civil Judge-IV Nowshera dated 02.05.2011','','643','Appeal','2011-06-20',1,0,'local','Civil suit was filed by the land owners regarding erection of tower location no-5 in the property of the owner not acquired for construction of 220 kv T/L Nowshera-Mardan. Suit was decreed against NTDC.NTDC filed Appeal against order of the court.','Prayed that the judgment dated 02-05-2011 be set aside being illegal and unlawful.'),(404,'',8,109,56,122,'','Civil Suit filed by Haji Said Fareen S/o Mian Bashreen Alpuri Shangla VS WAPDA & others','','913','Civil Suit','2013-07-03',1,0,'local','Civil Suit was filed by the land owners for erection of tower for supply of transmission line to Bhasha Dam to Grid station Lahore at the  Commercial property of the plaintiff that will decrease the market value of the land.','Prayed that the defendants be retrained from erecting towers in the suit property of the plaintiff.'),(405,'',8,80,1,125,'','Recovery suit No.516/2013 filed by NTDC for outstanding dues regarding 100 million deposit vs Trust Investment Bank (TIBL)','','870','Recovery suit No.516/2013','2013-11-08',1,0,'local','NTDC filed Recovery Suit for payment of  outstanding dues regarding 100 million deposit.','Prayed the court to decide/decree the suit in f/o NTDC along with its cost.'),(406,'',8,110,57,3,'','Execuation Petition No. 3911/2014 filed by Zia-Ur-Rehman land owner etc VS NTDC etc','','933','Petition No. 3911/2014','2015-06-30',1,0,'local','Civil suit was filed  against installation of Tower and requested to compensation for these Tower were installed. This suit was decreed in favour of the plaintiff hence Execution filed by the judgment debtor for enforcement of order dated30-06-2015.','Prayed that the order of the Executing Court Dated 30-06-2015 may be complied as early as possible.'),(407,'',8,111,12,3,'','Civil Suit filed by Raees Khan S/o Jan Muhammad (land owners) Peshawar VS NTDC','','949','Civil Suit','2013-12-05',1,2156500,'local','Civil suit was filed  against installation of Tower in the property of the plaintiff.','Prayed that these towers may be removed as it is installed without seeking permission as per Rules.'),(408,'',8,100,1,126,'2,215,805.00','Recovery suit filed M/s Imran & Company Lahore VS NTDC etc','','312','Recovery suit','2014-01-06',1,0,'local','Civil suit was filed for recovery of damages on different heads regarding construction of Boundary wall at 220 kv Grid station Ludewala Sargodha.','Prayed that the recovery of the damages claimed may be ensured in the interest of justice'),(409,'',8,112,59,3,'','Civil Suit Filed by Haji Muhammad Sharif Land Owner Chichawatni District Sahiwal vs NTDC.','','674','Civil Suit','2010-10-16',1,0,'local','Civil Suit was filed against installation of tower for T/L Twin Bundle Kassowal in the property of the plaintiff.','Prayed that the recovery of the damages claimed may be ensured in the interest of justice'),(410,'',8,113,56,3,'','Civil Suit filed by Muhammad Saleem S/o Ghulam Khan land owner Besham VS NTDC etc;','','965-A','Civil Suit','2016-03-03',1,0,'local','Plaintiff filed civil suit against installation of towers of 220kv high tension T/L passing his suit property for non acquisition of land and non payment of compensation of crops/land','Prayed the court to issue restraining order and passed judgment/decree in his favor and against NTDC for due compensation'),(411,'',8,77,1,26,'67,112,956.00','Arbitration Petition No. 152/1 of 2014 filed by M/s U.C.C (Pvt) Limited Lahore VS NTDC','','968','Petition No. 152/1 of 2014','2014-03-12',1,0,'local','Civil Suit in the name of arbitration petition  was filed before Senior Civil Judge Lahore  for settlement of dispute over work of 220 kv Grid Station NTDCL,WAPDA Town Lahore.','Prayed the court to direct respondent (NTDC) to compensate the contractor regarding work done at  220 KV G/S Wapda Town Lahore as per law.'),(412,'',8,77,1,17,'29,285,091.00','Recovery suit by M/s M.R. Electric-al-Abdullah (J/V) Lahore VS NTDC','','897','Recovery suit','2014-03-26',1,0,'local','Civil Suit  was filed for recovery of Rs.29,285,091/- along with compensation till realization and others reliefs before Senior Civil Judge Lahore.','Prayed that the amount claimed be paid by the defendants for the interest of justice.'),(413,'',8,114,61,3,'','Mr. Qaisar Arshad Land Owners etc Vehari VS NTDC','','973','Suit','2014-01-31',1,0,'local','Land owner filed civil suit against erection of Towers of at his suit property.','Prayed the learned court to decide/decree the matter in f/o plaintiff.'),(414,'',8,109,56,122,'','Execution Petition No.2571/2014 filed by Kashif Anwar S/o Abdul Baseer land owner etc VS NTDC etc for restraining order regarding Transmission line','','977','Petition No.2571/2014','2016-08-03',1,0,'local','Suit was decided in favor of plaintiff on 27.07.2015 and the decree holder has filed execution petition before civil judge to implement the order for payment of compensation to the claimant','Through the execution petition it was prayed to pass an appropriate order for early payment of compensation to the decree holder.'),(415,'',8,110,57,122,'','Civil Suit filed by Kashif Anwar  S/o Abdul Baseer land owner etc VS NTDC etc for restraining order regarding Transmission line','','977','Civil Suit','2016-11-15',1,0,'local','Plaintiff filed civil suit for payment of compensation land/houses due to installation of towers of 220KV T/L Dubair Khwar-Khan Khwar wherein court has passed order dated 27.07.2015 over the non compliance of its earlier order','Prayed the Court to decide/decree the Suit in favor of plaintiff and against defendant to make sure payment of compensation of effected land'),(416,'',8,115,62,122,'','Civil suit filed by Mr. Muhammad Yousaf s/o Muhammad Hussain land owner Nankana Sahib VS NTDC','','982','Civil suit','2014-05-22',1,0,'local','Civil Suit filed for payment of the compensation amount before starting work of installation of Towers as Agreed.','Prayed for early payment and stop working till payment not settled down.'),(417,'',8,115,62,122,'','Civil suit filed by Mr. Muhammad Ali s/o Mr. Muhammad Yousaf land owner Nankana Sahib  VS NTDC','','982','Civil suit','2014-06-09',1,0,'local','Suit for Declaration for permanent Injunction Filed for not interfering land of the plaintiff till decision of the case.','Prayed for Permanent Injunction against installation of Tower for T/L 500 KV Sheikhupura'),(418,'',8,7,1,119,'50,000.00','Appeal filed by NTDC against Judgment dated 23.09.2014 of Civil Judge 2nd Class, Lahore in the titled case NTDC VS Mr. Muhammad Shoaib','','654','Appeal','2014-11-11',1,0,'local','Civil suit was filed against Ex. AM (E&Sic) NTDC  on the willful absence of the officer the contract was terminated, Department filed suit for recovery of the Liquidated Damages Rs-50000/- from the ex-employee, case was dismissed ,being aggrieved NTDC filed Appeal.','Prayed that the Liquidated damages must be ensured to be paid from the ex employee.'),(419,'',8,101,46,3,'','2 Civil Suits filed by Hajab Khan, Ali War Khan land owners etc Batgram vs NTDC','','727','Civil Suits','2011-04-02',1,50000,'local','Land owner filed Civil Suit vs. NTDC etc against installation of Tower at 220KV T/L at a Suit Property before Civil Court against non-payment of compensation','Prayed the Court to decide/decree the Suit in favor of plaintiff and against defendant to make sure payment of compensation of effected land'),(420,'',8,117,46,3,'','Case No. 960/2014 filed by Mr. Muhammad Anwar S/o Toor Muhammad etc; land owners VS NTDC','','727','Case No. 960/2014','2014-11-20',1,1800000,'local','Plaintiff filed Suit for recovery against NTDC wherein preliminary decree was passed in his favor which was not challenged by the defendant by way of appeal','Prayed the Court to decide/decree the Suit in favor of plaintiff and against defendant to make sure payment of compensation of effected land'),(421,'',8,117,46,3,'','Civil Suit filed by Mr. Bahadar Khan s/o Ali Asar etc; land owners VS NTDC','','727','Civil Suit','2015-09-07',1,0,'local','Land owner filed Civil Suit vs. NTDC etc against installation of Tower No. 4849 of 220KV T/L at a Suit Property before Civil Court against non-payment of compensation','Prayed the Court to decide/decree the Suit in favor of plaintiff and against defendant to make sure payment of compensation of effected land'),(422,'',8,119,66,122,'','Case No. 470/2014 filed by Muhammad Sharif Abdul Rehman S/o Shah Zaman Land Owners Mansehra etc Vs NTDC etc for acquisition of 220KV land Mansehra for Ajra Decree','','526','Case No. 470/2014','2014-07-17',1,0,'local','Civil Suit was filed regarding enhancement of the compensation Land Acquired for the construction of 220KV Grid Station Mansehra .','Prayed that the Rent of the acquired land be enhanced as per value of the land in the interest of justice.'),(423,'',8,120,67,3,'','Civil Appeal filed by (1) Mr. Muhammad Sharif (2) Mr. Abdul Rehman Sons of Shah Zaman  land owners  against the judgment dated 24.03.2010 of AD Judge, Mansehra','','526','Appeal','2015-03-11',1,0,'local','Civil Suit was decided by the Civil Judge Mansehra on 19.11.2018 against plaintiff for rejecting his claim for payment of compensation. Now Appellant has filed appeal before District Judge Mansehra  against aforesaid adverse order of  Civil Court.','Prayed the Honrable Court to set aside judgment/decree dated 19.11.2018 and remand the case to Civil Court for decision after affording chance of evidence of parties.'),(424,'',8,56,1,127,'3,006,400.00','RFA 1103/2013 filed by M/s Muhammad Ramzan & Sons Pvt Ltd. Contractor Faisalabad VS NTDC/WAPDA etc;','','1145','RFA 1103/2013','2015-02-09',1,0,'local','',''),(425,'',8,121,19,3,'','Civil suit filed by Mr. Naeem Khan etc; land owner Bannu VS NTDC etc;','','1148','Civil suit','2015-03-11',1,0,'local','Civil Suit was filed against installation of Poles ,Heavy Wires and damages to the land of the owners for the construction of T/L to 220 KV D/C Chashma Bannu. Stay was granted later on ,however NTDC filed Appeal against Stay order to set aside.',''),(426,'',8,122,69,3,'','Civil suit filed by Mr. Faqir Sher Bahadur land owner Laki Marwat VS Chairman WAPDA & others','','1155','Civil suit','2015-05-08',1,0,'local','Civil Suit was filed against installation of Poles ,Heavy Wires and damages to the land of the owners for the construction of T/L to 220 KV D/C Chashma Bannu.',''),(427,'',8,123,59,5,'','Grievances Petition filed by Ehsan ul Haq LS-I Vs NTDC etc;','','630','Petition','2015-05-26',1,0,'local','Grievance Petition was filed before Labour Court 10 ,regarding Seeking Performa Promotion as LS-I with effect from 19-12-1987 and selection grade in Bps-16 with effect from 01-07-1999.',''),(428,'',8,116,63,3,'','Civil suit filed by Mr. Muhammad Waris S/o Zardad etc; land owners vs NTDC','','1174','Civil suit','2015-07-07',1,0,'local','',''),(429,'',8,120,67,3,'','WP No. 804-A/2015 filed by Mr. Muhammad Waris S/o Zardad land owner VS NTDC etc;','','1174','WP No. 804-A/2015','2015-08-05',1,0,'local','Writ Petition  was filed against installation of Poles ,Heavy Wires without seeking permission and causing damages to the land owners of Kohistan District for construction of T/L to Ranolia Peshawar.',''),(430,'',8,124,57,122,'','Case filed by Mr.Muhammad Rafiq VS CEO NTDC etc;','','1212','Case','2015-10-28',1,0,'local','Plaintiff filed civil suit against NTDC regarding 220KV T/L Allai Khawar-Mansehra towers being installed at a suit property without payment of compensation','Prayed the court to issue restraining order against the construction work of T/L also decide/decree the suit in his favor and against respondent'),(431,'',8,125,28,3,'','Pending appeal of WECH Society Faisalabad Vs D.O.R/D.C.O fsd as per judgment of Lahore High Court dated 14-05-2015 in WP No.21344/2002 Fsd etc','','329','appeal','2016-07-14',1,0,'local','Civil Appeal was filed against 14-05-2015 where by High Court directed to pay compensation amount to the petitioner as settled by DCO Faisalabad in Lieu of WECHS housing Society Gatti Faisalabad.','Prayed that the Court Order dated 14-05-2015 be set aside in the interest of justice.'),(432,'',8,126,12,3,'','Execution Petition filed by Ajmal S/o Taj Muhammad Etc land owners VS NTDC etc','','379','Petition','2015-10-28',1,1734631,'local','Writ Petition was filed by the land owners to enhance the rent of the land acquired for construction of 220 KV Shahibagh Grid Station Peshawar, case decided in favour of Petitioners ,and judgment debtor were directed to submit amount in the account of decree holders, Decree Holder filed application for Execution before executing court to implement the court order.','Prayed for the implementation of the decree passed in their favour by Peshawar High court.'),(433,'',8,11,1,128,'','Case No.4A(63)/2015-L filed by Mr. Azmat Ullah Lodhi JSK Vs NTDC','','1147','Case No.4A(63)/2015-L','2015-04-08',1,0,'local','Civil Petition was filed against the departmental action of determining seniority ,and discrimination to the petitioner.','Prayed that respondents be directed to act according to seniority list and letter of fixation of seniority be declared illegal, unlawful.'),(434,'',8,127,74,3,'','filed by Mst. Nazir Jan D/o Qalandar Khan (Land Owner AJK) VS Muhammad Faazil Khan NTDC etc regarding Neelum Jhelum Transmission Line','','1250','Civil Suit No.142/2015','2016-02-27',1,0,'local','Civil suit was filed against installation of poles in the land of the petitioners without paying compensation and acquiring land.','Prayed that the work done be stopped by the respondents immediately being illegal ,unlawful.'),(435,'',8,127,74,3,'','Contempt Petition in Civil Suit filed by Mst. Nazir Jan D/o Qalandar Khan (Land Owner AJK) VS Muhammad Faazil Khan NTDC regardind Neelum Jhelum Transmission Line','','1250','Petition','2016-02-27',1,0,'local','Civil suit was filed against installation of poles for construction of  (500 kv T/L Neelum Jehlum )in the land of the petitioners without paying compensation and acquiring land.','Contempt Application filed against continuation of construction of work.'),(436,'',8,127,75,3,'','Civil Suits filed by Muhammad Ilyas (Land Owners AJK) Vs NTDC regardind Neelum Jhelum Transmission Line','','1250','Suits','2016-02-27',1,0,'local','Civil suit was filed against installation of poles for construction of  (500 kv T/L Neelum Jehlum )in the land of the petitioners without paying compensation and acquiring land.','Prayed that the work done be stopped by the respondents immediately being illegal ,unlawful.'),(437,'',8,56,1,3,'','WP No.10216/2016 filed by Hameed Ullah Khan etc (Deceased through his LRS) Land Owner Vs Province of Punjab etc','','969','WP No.10216/2016','2016-04-06',1,0,'local','Writ Petition was filed  by the employee appointed on Daily wages ,after 5 years of service they have been  removed rather to regularized.','Prayed that the impugned order vide dated 06-07-2010 may be declared illegal, unlawful and without just and may be set aside.'),(438,'',8,56,1,3,'','WP No.10218/2016 filed by Ali Muhammad etc (Deceased through his LRS) Land Owner Vs Province of Punjab etc','','969','WP No.10218/2016','2016-04-06',1,0,'local','Writ Petition was filed  by the employee appointed on Daily wages ,after 5 years of service they have been  removed rather to regularized.','Prayed that the impugned order vide dated 06-07-2010 may be declared illegal, unlawful and without just and may be set aside.'),(439,'',8,56,1,3,'','WP No.10220/2016 filed by Abdullah Khan etc (Deceased through his LRS) Land Owner Vs Province of Punjab etc','','969','WP No.10220/2016','2016-04-06',1,0,'local','Writ Petition was filed  by the employee appointed on Daily wages ,after 5 years of service they have been  removed rather to regularized.','Prayed that the impugned order vide dated 06-07-2010 may be declared illegal, unlawful and without just and may be set aside.'),(440,'',8,128,46,3,'','Suit Filed by Ali War Khan S/o Said Qahar Land Owner VS NTDC etc','','1271','Suit','2016-07-28',1,0,'local','Civil Suit was filed for compensation of the land for installation of Span Towers in connection with construction of 220 kv  transmission line Ali Khair-Mansehra.','Prayed that the Recovery Amount in favour of the plaintiff be ensured with costs in the interest of justice..'),(441,'',8,129,1,3,'','I.C.A No. 1172/2015 filed by Sikandar Hayat Vs WAPDA etc against Judgment dated 30-06-2015 of Single Bench Lahore High Court Lahore','','1126','I.C.A No. 1172/2015','2016-05-04',1,0,'local','Appeal was filed before Lahore High Court against the decision dated 30-06-2015 whereby the Award dated 19-12-1983 was declared illegal and honourable court directed to conduct fresh award.','Prayed that the order vide dated 30-06-2015 be set aside being illegal, unlawful and without justice'),(442,'',8,56,1,3,'','R.F.A No.515/2016 Filed by Nasir Majeed S/o Noor Jahan etc Sialkot Vs Islamic Republic of Pakistan etc','','299','R.F.A No.515/2016','2016-06-27',1,0,'local','RFA was filed to Lahore High Court Lahore by the Land owners to enhance the compensation of the land acquired for construction of 220 Kv grid Station Sialkot. Case was remanded to Senior Civil Judge Sialkot.','Prayed that the Compensation for the acquired kindly be enhanced as per market price.'),(443,'',8,130,78,3,'','WP No.            /2016 filed by Syed Altaf Hussain Shah Land owner Vs G/o AJ&K/NTDC etc','','1287','WP No.            /2016','2016-07-04',1,0,'local','',''),(444,'',8,131,79,3,'','Civil Suit filed by Shahid Hussain S/o Hafiz Manzoor Hussain Land Owner Vs WAPDA/NTDC etc','','1288','Civil Suit','2016-03-31',1,0,'local','Civil Suit  was filed against installation of poles and compensation claimed for construction of500kv T/L LOT-1 A feed for 500 kv G?S New Lahore.',''),(445,'',8,56,1,129,'','Filing of writ Petition to get back balance amount of NTDC lying with Lahore High Court Lahore in WP No. 6671/2011 titled qudrat ullah vs wapda etc','','1/6','Petition','2015-01-27',1,0,'local','Refund of over payment of land compensation earlier deposited by NTDC in the court of law.','Prayed court to issue direction to the Registrar office of the Lahore High Court to get back the NTDC amount lying in court since long.'),(446,'',8,131,79,3,'','Civil Suit filed by Manzoor Ali S/o Wali Muhammad Land Owner Vs Chairman Wapda / NTDC etc','','1302','Civil Suit','2016-07-30',1,0,'local','Civil Suit was filed against installation of Poles, Heavy Wires and damages to the land of the owners for the construction of T/L to 500 KV Yousaf Wala New Lahore.','Prayed that the defendant be restrained to pass electric wires over the land without any permission and consideration and be directed to pay compensation in lieu of loss sustained.'),(447,'',8,56,1,3,'','WP No.2285/2016 filed by Saddam Hussain Land Owner VS NTDL etc.','','1248','WP No.2285/2016','2016-02-16',1,0,'local','Writ Petition was filed against the erection of electric poles in violation of the map approved by the landowner at the time of acquiring land.','Prayed that the respondents be restrained to install poles on the land and acquire alternate land on market value in equal to the petitioner land and Compensation due be paid to the petitioner in lieu of loss sustained to him.'),(448,'',8,56,1,3,'','WP No.2287/2016 filed by Akbar Ali Land Owner VS NTDL etc.','','1248','WP No.2287/2016','2016-02-16',1,0,'local','Writ Petition was filed against the erection of electric poles in violation of the map approved by the landowner at the time of acquiring land.','Prayed that the respondents be restrained to install poles on the land and acquire alternate land on market value in equal to the petitioner land and Compensation due be paid to the petitioner in lieu of loss sustained to him.'),(449,'',8,132,49,3,'','Appeal filed by Mr. Gul Nabi S/o Haji Muhammad Fareed (land owner) Vs Chairman WAPDA ETC against judgment dated 23.12.2015 of Civil Judge Kohistan','','1181','Appeal','2016-01-20',1,0,'local','Appeal filed by land owner against Judgment dated 23.12.2015 of Civil Judge Kohistan regarding installation of Towers and change of route of T/L.','Prayed the court to set aside order of Civil Judge & direct respondents to change the route of T/L.'),(450,'',8,133,67,3,'','Civil Suit Filed By Ghulam Muhammad S/o Khalil ur Rehman Land Owner Etc Abbottabad Vs NTDC Etc','','1322','Civil Suit','2016-11-29',1,0,'local','`Civil Suit  was filed against the erection of electric poles in violation of the map and without  acquiring land of the owner for the purpose.','Prayed that the defendants be directed to change the towers/poles  in the suit property of the Plaintiff in the interest of justice.'),(451,'',8,134,82,3,'','CIVIL SUIT FILED BY MUHAMMAD ALAM S/O MUSAIB ALI LAND OWNER KOTLI VS NTDC ETC regarding Neelum Jhelum Transmission Line','','1323','CIVIL SUIT','2016-11-24',1,0,'local','Civil suit was filed by the plaintiff against installation of Poles of 500 KV T/L Neelum Jehlum Hydel Power Project Muzaffarabad at their suit property','Prayed that permanent injunction may be granted against the defendants to not encroach over the land .'),(452,'',8,135,83,3,'','Civil Suit filed by Mr. Muhammad Amin S/o Sher Ahmad Land Owner etc vs ntdc before','','1328','Civil Suit','2016-12-07',1,0,'local','Plaintiff has filed suit vs. NTDC etc before civil court for issuance of injunctive order against construction work of Tower No. 6 of 132KV D/C T/L Dubair Khwar-Khan Khwar against his consent and without compensation','Prayed the Honrable court to pass stay against the work of defendant and issue decree for payment of compensation of his effected land'),(453,'',8,135,83,3,'','Civil Suit filed by Mr. Munir Khan S/o Shamshad Khan Land Owner etc Vs Wapda/NTDC etc','','1330','Civil Suit','2016-12-07',1,0,'local','Land owner filed civil suit vs. NTDC etc for stay against 220KV T/L Allai Khwar-Mansehra and without payment of compensation of their houses/land by the defendants','Prayed the honrable court to issue restraining order and also decide/decree the suit in his favor and against NTDC for payment of compensation of their houses/land'),(454,'',8,135,83,3,'','Civil Suit Filed By Muhammad Zahir Shah S/O Kara Land Owner Etc Vs NTDC','','1329','Civil Suit','2016-12-07',1,0,'local','Land owner filed a civil suit vs. NTDC etc for issuance of stay order against installation of towers of 220KV T/L Allai Khwar-Mansehra and non compensation of effected land','Prayed the court to decide the matter to issue injunctive order against installation of towers and passed decree in his favor to make good the loss of house/land'),(455,'',8,131,79,3,'','Case Filed By Ali Sher S/O Amanat Khan Land Owner Vs Wapda Etc','','1333','Civil Suit','2016-11-19',1,0,'local','Writ Petition was filed against the erection of electric poles for T/L 500 kv Balloki in the land of the owner without seeking permission and causing loss to the land of acquiring land.','Prayed that permanent injunction may be granted against the defendants to not encroach over the land  and the towers location be changed in the interest of justice.'),(456,'',8,136,84,3,'','Application for execution of decree filed by Bashir Hussain Shah etc land owners vs NTDC etc','','228','Application','2017-11-11',1,0,'local','Civil suit was filed by the lad owners for enhancement the compensation for the land acquired for the construction of 220 Kv G/S Islamabad-Peshawar road Sungjani. Case decide in favour of plaintiff, and thereafter Execution Petition was filed, and NTDC deposited compensation in the account of the decree holders and filed Appeal in Supreme Court against judgment dated 24-10-2016.','Prayed that the order vide dated 24-10-2016 of the High Court Rawalpindi Bench be set aside in the interest of justice.'),(457,'',8,137,78,3,'','Civil Suit filed by Ghulam Murtaza land owner etc vs NTDC etc regarding construction of 500kv T/L Neelum Jhelum','','1335','Civil Suit','2016-12-20',1,0,'local','Civil suit was filed by the plaintiff against installation of Poles for construction of 500 KV T/L Neelum Jehlum Hydel Power Project Muzaffarabad, in his land.','Prayed that the defendant be restrained to pass electric wires over the land without any permission and consideration.'),(458,'',8,131,79,130,'','CIVIL SUIT FILED BY MR. ABDUL HAMEED ETC LAND OWNERS VS NTDC/WAPDA ETC','','1311','CIVIL SUIT','2016-08-10',1,0,'local','Land owners filed Civil Suit for Shifting the Rout of 500KV T/L Balloki','Prayed the learned court to decree the suit in their favour & direct respondents to restrain passing of electric wires/installation of poles from their residential plots/houses.'),(459,'',8,136,84,3,'','Execution of decree  filed by Riaz Ahmad Ch. & Ghulam Younas Land owners etc Vs Wapda/NTDC etc, regarding 220KV Grid Station Islamabad-Peshawar Road (Sungjani)','','228 V-II','Execution of decree','2015-04-29',1,0,'local','Civil suit was filed by the lad owners for enhancement the compensation for the land acquired for the construction of 220 Kv G/S Islamabad-Peshawar road Sungjani. Case decide in favour of plaintiff, and thereafter Execution Petition was filed, and NTDC deposited compensation in the account of the decree holders and filed Appeal in Supreme Court against judgment dated 24-10-2016.','Prayed that the order vide dated 24-10-2016 of the High Court Rawalpindi Bench be set aside in the interest of justice.'),(460,'',8,56,1,131,'','Filing Of Writ Petition Vs Board Of Revenue Punjab Etc Against Its Decision Dated 12.06.2014 for Transfer Of Land Of 220 Kv G/S Samundri Road Faisalabad To Ntdc','','1228','Petition','2017-03-10',1,0,'local','NTDC filed Writ Petition before Lahore High Court against the order of Board of Revenue vide dated 12-06-2016 for not giving possession of the land acquired /Purchased for 220 Kv Grid Station Samundri Road Faisalabad.','Prayed that the order dated 12-06-2016 of BOR  be declared illegal unlawful otherwise Appellant has to suffer loss.'),(461,'',8,138,13,3,'','Civil Suit filed by Mr. Junaid Mohmand S/o Jamshaid Mohmand Khan Land Owner Vs NTDC etc regarding 220kv T/L Mardan-Chakdara','','1360','Civil Suit','2017-03-13',1,0,'local','Civil Suit was filed against installation of tower in the land property of the petitioner without seeking his permission for construction of 220 kv Mardan-Chakdara Transmission Line.','Prayed that the defendant be restrained to pass electric wires over the land without any permission and consideration and be directed to pay compensation in lieu of loss sustained.'),(462,'',8,139,56,3,'','Civil Appeal No.05/13 against order dated 23.02.2017 of civil judge Besham filed by Naveed Iqbal S/o Doranay land owner vs ntdc etc','','965','Appeal No.05/13','2017-04-19',1,0,'local','Civil Suit No.2/1 of 2014 against installation of tower of high T/L for permanent injunction and in alternative for recovery of the compensation regarding the suit property was decided in favor of NTDC on 23.02.2017. Appellant has challenged the above decision by way of filing appeal before Distt. Judge Shangla','Prayed the Learned court to accept the appeal and set aside judgment/decree of civil court dated 23.02.2107 and decide the matter in their favor'),(463,'',8,139,56,3,'','Civil Appeal No.04/13 against order dated 23.02.2017 of Civil Judge Besham filed by Muhammad Saleem S/o Ghulam Khan land owner vs NTDC etc','','1175','Appeal No.04/13','2017-04-19',1,500000,'local','Appellant has filed Civil Appeal against order of civil judge Basham order dated 23.02.2017 for rejection of his land for compensation against high voltage T/L passing over the suit property of the land owner','Prayed the court to set aside the order of civil court and pass order in his favor for payment of compensation by the respondent'),(464,'',8,140,88,3,'','Civil Suit No. 61/1 of 2017 for injunctive order filed by Fareed Ullah Khan S/o Abdullah Khan Land Owner Batkhela Vs NTDC etc','','1377','Civil Suit No. 61/1 of 2017','2017-05-02',1,0,'local','Civil Suit was filed against installation of tower in the land property of the petitioner without seeking his permission for construction of 220 kv Mardan-Chakdara Transmission Line.','Prayed that permanent injunction may be granted against the defendants to not encroach over the land  and the towers location be changed in the interest of justice.'),(465,'',8,56,1,3,'','WP No. 18639/2017 filed by Mst. Zahooran Begum W/o Asghar Ali & other land owners of 220kv g/s Nishatabad Faisalabad Vs NTDC etc','','969 Vo-10','WP No. 18639/2017','2017-05-17',1,0,'local','Writ Petition was filed by the land owners against the compensation & Award  1968 acquisition proceedings for which land was acquired for construction of 220 Kv G/S Nishatabad Faisalabad. Petitioners demanded to vacate their land.','Prayed that the Land of the petitioner be vacated as the due process of acquisition was not followed.'),(466,'',8,120,67,122,'','Filing of revision petition  against Judgment dated 16-03-2017 of Senior Civil Judge Batgram in the execution of decree filed by Mr. Ali Akbar land owner etc Vs NTDC etc','','1275','Petition','2017-05-19',1,0,'local','Civil suit was filed by the plaintiff for recovery of damages incurred due to installation of the Poles for T/L 220 kv Khan-Khwar Power Project Islamabad. Decree of Rs-1400000/-was passed in his favour. Later on department NTDC filed appeal that was dismissed and then Revision petition was filed before Peshawar High Court.','Prayed that the judgment dated 16-03-2017 of the Senior Civil Judge Batgram in Execution may be set aside, otherwise department has to bear loss.'),(467,'',8,40,12,3,'','Direct Civil appeal No.16-P/2017 filed by Mr. Noor Alam Khan land owners etc. Vs GoP/ NTDC etc. against order passed by peshawar high court dated 08.03.2017','','527','Appeal No.16-P/2017','2017-05-24',1,0,'local','Civil Suit was filed against payment mod and General power Of Attorney presented at the time of acquiring land for the construction of 220 KV G/S Shahi Bagh at Peshawar during 1996-97.Case was dismissed ,petitioners filed RFA before Peshawar High Court ,This suit decreed against POA holder, being aggrieved petitioner filed CPLA before Supreme Court.','Prayed that the impugned judgment passed by Peshawar High Court vide dated 08-03-2017 be set aside and relief be given by compensation.'),(468,'',8,139,56,3,'','Civil Appeal No.2/13 against order dated 23.02.2017 of Civil Judge Besham filed by Janat-ur-Rehman Land owner etc vs NTDC etc','','915','Appeal No.2/13','2017-05-18',1,0,'local','Civil Suit No.33/1 of 2014 filed by plaintiff was decided in f/o NTDC on 23.02.2017 against installation of tower of 220KV T/L Khwar-Mansehra. Now he has filed appeal against above adverse decision.','Prayed the Honrable court to set aside the order dated 23.02.2017 and direct respondent to restrain against installation of tower at his suit property till payment of compensation of land affected.'),(469,'',8,141,56,3,'','Amended Suit for Specific Performance filed by Zia-ur-Rehman S/o Salah-ud-Din etc Land owner Vs NTDC etc regarding 220 kv Transmission line','','933','Amended Suit','2017-08-15',1,0,'local','NTDC is constructing 220KV T/L which is passing over the land of the plaintiffs. Main grievences of the land owner is regarding non payment of compenstation for the de-shaped land','Prayed the Honrable court for issuance of decree/permanent injunctive order against respondents'),(470,'',8,142,19,3,'','Case filed by Mr. Abdul Wahid Shah S/o Abdul Qadeer Shah land owner etc Vs NTDC  regarding compensation of damges of date trees (220kv Transmission Line Chashma Bannu)','','1334','Suit','2017-08-02',1,0,'local','Application was filed to Dy. Commissioner Bannu regarding enhancement of compensation as per market value for their date Trees damaged, due to passing of 220 KV T/L Chashma- Bannu','Prayed that the Recovery Amount in favour of the applicant be ensured with costs in the interest of justice..'),(471,'',8,143,82,3,'','Civil Suit for Stay filed by Mr. Nazakat Vs NTDC against Tower No.100 of 500KV D/C T/L Neelum Jhelum Hydero Power Project','','1407','Civil Suit','2017-09-09',1,0,'local','Civil Suit was filed against installation of tower in the land property of the petitioner without seeking his permission for construction of  500 kv T/L Neelum Jehlum Hydro Power project.','Prayed that Stay Order may be granted against the defendants to not encroach over the land  and the towers location be changed in the interest of justice.'),(472,'',8,143,82,3,'','Civil Suit for Stay filed by Mr. Nazir Vs Abdul Rasheed land owner etc against tower No.103 of 500KV D/C T/L Neelum Jhelum Hydero Power Project','','1406','Civil Suit','2017-09-09',1,0,'local','Civil Suit was filed against installation of tower in the land property of the petitioner without seeking his permission for construction of  500 kv T/L Neelum Jehlum Hydro Power project.','Prayed that Stay Order may be granted against the defendants to not encroach over the land  and the towers location be changed in the interest of justice.'),(473,'',8,145,78,3,'','Suit filed by Yameen land owner etc VS NTDC etc regarding Neelum Jhelum Hydero Power Project','','1405','Suit','2017-11-15',1,0,'local','Civil suit was filed against installation of poles for construction of  (500 kv T/L Neelum Jehlum )in the land of the petitioners without paying compensation and acquiring land.','Prayed for stay order and stop working till payment not settled down.'),(474,'',8,143,82,3,'','Civil Suit for Stay filed by Mr. Manzoor Iqbal land owner VS NTDC etc against construction of Tower No.93 of 500KV D/C LOT-I T/L Neelum Jhelum Hydero Power Project','','1414','Civil Suit','2017-11-10',1,0,'local','Civil suit was filed against installation of poles for construction of  (500 kv T/L Neelum Jehlum )in the land of the petitioners without paying compensation and acquiring land.','Prayed for stay order and stop working till payment not settled down.'),(475,'',8,143,82,3,'','Civil Suit for Stay filed by Mr. Naqeeb Taskeen land owner VS NTDC etc against construction of Tower No.98 of 500KV D/C LOT-I T/L Neelum Jhelum Hydero Power Project','','1422','Civil Suit','2017-11-10',1,0,'local','Civil suit was filed against installation of poles for construction of  (500 kv T/L Neelum Jehlum )in the land of the petitioners without paying compensation and acquiring land.','Prayed for stay order and stop working till payment not settled down.'),(476,'',8,143,82,3,'','Civil Suit for Stay filed by Mr. Rashid S/o Hayat land owner VS NTDC etc against construction of Tower No.104 of 500KV D/C LOT-I T/L Neelum Jhelum Hydero Power Project','','1423','Civil Suit','2017-11-10',1,0,'local','Civil suit was filed against installation of poles for construction of  (500 kv T/L Neelum Jehlum )in the land of the petitioners without paying compensation and acquiring land.','Prayed for stay order and stop working till payment not settled down.'),(477,'',8,143,82,3,'','Civil Suit for Stay filed by Mr. Riaz land owner VS NTDC etc against construction of Tower No.104 of 500KV D/C LOT-I T/L Neelum Jhelum Hydero Power Project','','1424','Civil Suit','2017-11-10',1,0,'local','Civil suit was filed against installation of poles for construction of  (500 kv T/L Neelum Jehlum )in the land of the petitioners without paying compensation and acquiring land.','Prayed for stay order and stop working till payment not settled down.'),(478,'',8,143,82,3,'','Civil Suit for Stay filed by Mr. Rasheed land owner VS NTDC etc against construction of Tower No.100 of 500KV D/C LOT-I T/L Neelum Jhelum Hydero Power Project','','1425','Civil Suit f','2017-11-10',0,0,'local','Civil suit was filed against installation of poles for construction of  (500 kv T/L Neelum Jehlum )in the land of the petitioners without paying compensation and acquiring land.','Prayed for stay order and stop working till payment not settled down.'),(479,'',8,143,82,3,'','Civil Suit for Stay filed by Mr. Rasheed land owner VS NTDC etc against construction of Tower No.100 of 500KV D/C LOT-I T/L Neelum Jhelum Hydero Power Project','','1425','Civil Suit','2017-11-10',1,0,'local','Civil suit was filed against installation of poles for construction of  (500 kv T/L Neelum Jehlum )in the land of the petitioners without paying compensation and acquiring land.','Prayed for stay order and stop working till payment not settled down.'),(480,'',8,42,2,43,'','Petition No. 4B(161)/2017 filed by Mr. Muhammad Irshad  S/o Noor Din T.T Driver Vs NTDC','','972','Petition No. 4B(161)/2017','2017-11-27',1,0,'local','Ex. T.T Driver has filed petition vs NTDC against release of previous salary/ Annual Increments.','Prayed the court to direct respondent (NTDC) to release his previous salary annual/increments, which were held due to an Audit Para.'),(481,'',8,146,94,3,'','Civil Suit filed by Mr. Abdul Daskhar land owner Vs NTDC etc','','1434','Civil Suit','2017-12-18',1,0,'local','Civil suit was filed  against installation of Tower in the property of the plaintiff acquired for construction of 220 kv T/L Terbela Burhan','Prayed that Injunctive order may be granted against the defendants to not encroach over the land  and the towers location be changed in the interest of justice.'),(482,'',8,147,46,3,'','Appeal Filed by Bahadar Khan Land Owner VS NTDC etc against Decision of Civil Judge Dated 15.08.2016','','727','Appeal','2017-11-23',1,0,'local','Civil suit was filed by the plaintiff against installation of Poles for supply of Heavy Transmission line over the suit property, Case was decided in favor of the plaintiff, and applicant filed Execution of decree ,it was defended by NTDC and decided in its favour. Being aggrieved appellant filed appeal before Peshawar High Court.','Prayed that the impugned order dated 15-08-2016 be set aside and recovery of the compensation be directed in interest of justice.'),(483,'',8,45,12,3,'','WP__ /2018 FILED BY MR. ABDUL QADIR S/O HAJI ALI KAAR KHAN & SEVEN OTHERS VS NTDC ETC','','1448','WP__ /2018','2018-02-10',1,0,'local','Petitioners have filed Writ Petition against passage of 220KV T/L for dispersal of electricity from  132MW Dubair Hydro Power House to 220 KV G/S Pattan over their houses/properties.','Prayed the learned court to direct respondents (NTDC) to change route of said T/L to save their houses & properties with interim injunction till final adjudication of instant writ petition.'),(484,'',8,148,96,3,'','RFA NO.33-M/18 FILED BY NTDC AGAINST JUDGMENT DATED 15.02.2018 OF ADJ MALAKAND AT BATKHELA IN THE CASE TITLED SHOAIB AHMAD ETC.','','1218','RFA NO.33-M/18','2018-04-12',1,0,'local','Civil Suit was filed by the plaintiff land owners against enhancement of the compensation for the land acquired for the construction of 220 kv G/S Chakdara and also agitated the award .ADJ Malakand vide judgment dated 15-02-2018 enhanced the rate. Being aggrieved NTDC filed Appeal against decision.','Prayed that the judgment dated 15-02-2018 of the honorable Additional District Judge Malakand be set aside in the interest of justice.'),(485,'',8,148,96,3,'','RFA NO.28-M/2018 FILED BY MR. SHOAIB AHMAD ETC VS WAPDA/NTDC ETC','','1218','RFA NO.28-M/2018','2018-09-17',1,0,'local','Petitioners dissatisfied with the decision of ADJ Malakand regarding enhancement of Rate of compensation & acquisition charges etc have filed RFA vs LAC NTDC.','Prayed the Honrable court to modify the judgment of ADJ Malakand & enhance the rate of compensation of their land etc.'),(486,'',8,149,28,3,'','Civil Suit filed by M/s Niagra Mills Pvt Ltd Faisalabad Vs NTDC etc','','1459','Civil Suit','2018-03-10',1,0,'local','Civil suit was filed by the land owners against the shifting of towers location  from one place to other and according to map location identified in the suit  property.','Prayed that permanent injunction/ declaration  may be granted against the defendants to not encroach over the land  and the towers location be changed in the interest of justice.'),(487,'',8,159,63,132,'','CIVIL SUIT FOR DECLARATION FILED BY MR. MUHAMMAD NOOR S/O GUL NAMEER LAND OWNER ETC VS WAPDA/NTDC ETC','','1481','CIVIL SUIT','2018-04-18',1,0,'local','Civil Suit was filed by the land owners for erection of tower for supply of transmission line 220 kv Pattan Power House near their houses and plots without seeking permission from the plaintiff.',''),(488,'',8,159,63,132,'','CIVIL SUIT FOR DECLARATION FILED BY MR. HAJI REHMAN S/O EFF KHAN LAND OWNER ETC VS WAPDA/NTDC ETC','','1482','CIVIL SUIT','2018-04-17',1,8000000,'local','Civil Suit was filed by the land owners for erection of tower for supply of transmission line 220 kv Pattan Power House near their houses and plots without seeking permission from the plaintiff.',''),(489,'',8,160,13,3,'','CIVIL SUIT FILED BY TAJAMAL SHAH S/O FAQIR MUHAMMAD ETC LAND OWNER MARDAN VS NTDC ETC REGARDING 220KV T/L MARDAN-CHAKDARA','','1490','CIVIL SUIT','2018-05-07',1,0,'local','Civil Suit was filed by the land owners for erection of tower for supply of transmission line to  220 KV Mardan -Chakdara  without seeking permission from the plaintiff.',''),(490,'',8,161,13,3,'','CIVIL SUIT FILED BY MR. AZIZ KHAN ETC LAND OWNER MARDAN VS CHAIRMAN WAPDA / NTDC ETC','','1493','CIVIL SUIT','2018-05-03',1,0,'local','Civil Suit was filed against installation of tower in the land property of the petitioner without seeking his permission for the  construction of  220 kv T/L Mardan -Chakdara.',''),(491,'',8,162,88,3,'','APPLICATION NO.05/6 OF 2018 FILED BY MR. ZAHIR KHAN S/O ZARGOON KHAN ETC LAND OWNERS VS WAPDA/NTDC ETC','','1492','APPLICATION NO.05/6','2018-05-03',1,0,'local','Civil Suit was filed by the plaintiff with the request to enhance the compensation amount awarded by the LAC while acquiring the land for 220 kv G/S Malakand. As the compensation is inadequate and not in accordance with the prevailing market price.','Prayed that the Award dated 23-06-2015 may kindly be extended upto the new market price in the interest of justice as per decided in an connected case.'),(492,'',8,162,88,3,'','APPLICATION NO.06/6 OF 2018 FILED BY MR. MUHAMMAD ROSHAN KHAN ETC LAND OWNERS VS WAPDA/NTDC ETC','','1503','APPLICATION NO.06/6','2018-05-24',1,0,'local','Civil Suit was filed by the plaintiff with the request to enhance the compensation amount awarded by the LAC while acquiring the land for 220 kv G/S Malakand. As the compensation is inadequate and not in accordance with the prevailing market price.','Prayed that the Award dated 23-06-2015 may kindly be extended upto the new market price in the interest of justice as per decided in an connected case.'),(493,'',8,100,1,34,'','M/s Shoukat Ali and Ahmad Ali Sons of Mehr Ghulam Hussain land owners Lahore VS WAPDA/NTDC etc','','788','Civil Suit','2012-02-03',1,0,'local','Plaintiffs have filed suit for declaration & payment of compensation of their land affected due to installation of electric towers.','Prayed the court to decide/decree the plaintiffs suit in their favour & against NTDC for payment of compensation of their affected land.'),(494,'',8,28,1,3,'','SUIT FOR DECLARATION/MANDATORY INJUNCTION FILED BY MR. NOOR HASSAN S/O SHOUKAT ALI (LAND OWNER) VS NTDC BEFORE CIVIL JUDGE 1ST CLASS LAHORE','','1391','SUIT','2019-05-18',1,0,'local','Plaintiffs filed Suit for decree for declaration and mandatory injunction vs. NTDC against construction of base of concrete regarding Tower No. 16 of  220KV T/L (Phool Nagar- Kot Lakhpat) adjacent to boundary wall of their plot','Through filing the case, plaintiffs Prayed the Court to issue restraining order against NTDC to remove foundation of tower and from installing the conductor over the above said tower near their suit property'),(495,'',8,164,112,3,'','CIVIL SUIT FILED BY MR. TARIQ RAHIM S/O FAZAL RAHIM LAND OWNERS ETC VS WAPDA/NTDC','','1519','CIVIL SUIT','2018-07-03',1,0,'local','Civil Suit was filed against installation of tower in the land property of the petitioner without seeking his permission and proper procedure following for land acquired  for construction of  220  kv T/L Mardan -Chakdara .','Prayed that Stay Order may be granted against the defendants to not encroach over the land without following land Acquisition procedure.'),(496,'',8,127,82,3,'','SUIT FOR EJECTMENT OF INHERITED LAND ON THE BASIS OF RIGHT OF OWNERSHIP FILED BY MST. FATIMA JAN VS IQBAL KHAN/NTDC ETC BEFORE CIVIL JUDGE 1ST CLASS DHEERKOT, AJK','','1461','SUIT','2018-07-21',1,0,'local','Civil Suit  was filed on account of cost and compensation claimed for construction of 500 KV T/L Neelum Jhelum HPP, whereby the due share of the plaintiff was not paid accordingly .',''),(497,'',8,165,113,3,'','CIVIL SUIT FILED BY MR. ABDUL WAHEED LAND OWNER VS NTDC ETC','','1537','CIVIL SUIT','2018-03-14',1,4875000,'local','Civil Suit  was filed on account of cost of land  houses and tree affected due to  installation of poles and compensation claimed for construction of500 KV T/L Neelum Jhelum HPP.','Prayed that the Recovery Amount Rs.48,75,000/- in favour of the Plaintiff  be ensured with costs in the interest of justice..'),(498,'',8,165,113,3,'','CIVIL SUIT FILED BY MR. MEHBOOB HUSSAIN ETC LAND OWNER VS NTDC ETC','','1536','CIVIL SUIT','2018-03-21',1,11013291,'local','Civil Suit  was filed on account of cost of land  houses and tree affected due to  installation of poles and compensation claimed for construction of500 KV T/L Neelum Jhelum HPP.','Prayed that the Recovery Amount Rs.11013291/- in favour of the Plaintiff  be ensured with costs in the interest of justice..'),(499,'',8,165,113,3,'','CIVIL SUIT FILED BY MR. MUHAMMAD NASEEM ETC LAND OWNER VS NTDC ETC','','1535','CIVIL SUIT','2018-08-31',1,58666383,'local','Civil Suit  was filed on account of cost of land  houses and tree affected due to  installation of poles and compensation claimed for construction of500 KV T/L Neelum Jhelum HPP.','Prayed that the Recovery Amount Rs.5,86,66,383/- in favour of the Plaintiff  be ensured with costs in the interest of justice..'),(500,'',8,166,96,3,'','CM NO.945-M/2018 IN WP NO.197-M/2018 FILED BY MR. SAEED NAEEM ETC LAND OWNER VS GOP/WAPDA ETC','','1534','CM NO.945-M/2018','2018-09-05',1,0,'local','Writ Petition was filed on account of cost of land houses and tree affected due to installation of poles and compensation claimed for construction of Gonal Goal Dam HPP at Koghazi. That Writ Petition is pending in the Peshawar High Court. Meanwhile the petitioners filed CMA .','Prayed that the restraining orders be passed and defendants be directed to not make payments to anyone except applicants till final decision of the main petition.'),(501,'',8,131,79,3,'','CIVIL SUIT FOR DECLARATION/STAY FILED BY MUHAMMAD SOOBA S/O MANDA LAND OWNER VS WAPDA/NTDC ETC','','1544','CIVIL SUIT','2018-01-18',1,0,'local','Civil Suit was filed against erecting of towers on the land of the plaintiff for construction of 500 KV Quad Bundle D/C T/L on Drake Conductors from 1200 MW Balloki Power plant to 500 KV Lahore South G/S.','Prayed that Stay Order may be granted to restrained the defendants from erecting towers and poles.'),(502,'',8,131,79,3,'','CIVIL SUIT FOR DECLARATION/STAY FILED BY MUHAMMAD ARIF S/O MANDA LAND OWNER VS WAPDA/NTDC ETC','','1544','CIVIL SUIT','2018-05-25',1,0,'local','Civil Suit was filed against erecting of towers on the land of the plaintiff for construction of 500 KV Quad Bundle D/C T/L on Drake Conductors from 1200 MW Balloki Power plant to 500 Kv Lahore South G/S.','Prayed that Stay Order may be granted to restrained the defendants from erecting towers and poles.'),(503,'',8,82,1,3,'','CIVIL SUIT FOR STAY FILED BY MAJ. MUHAMMAD IJAZ KHAN LAND OWNER VS LESCO/NTDC ETC REGARDING 220KV T/L FROM NKLP/WAPDA TOWN LHR TO 500 KV SUB-STATION NEW LAHORE CONTRACT NO.3263 (LOT-IIB)','','1546','CIVIL SUIT','2018-10-04',1,0,'local','Civil Suit was filed against erecting of towers on the land of the plaintiff for construction of 220 Kv T/L from 220 KV G/S NKLP &220 Kv G/S Wapda Town Lahore to connect newly completed 500 kv sub-station New Lahore','Prayed that Stay Order may be granted to restrained the defendants from erecting towers and poles.'),(504,'',8,120,67,3,'','Civil Appeal filed by (1) Mst. Saira Bano & Samundar S/o Qalanadr land owners  against the judgment dated 24.03.2010 of AD Judge, Mansehra','','540','Appeal','2015-03-11',1,0,'local','Appeal filed by the appellant against judgment dated 24-03-2010 of the Additional District Judge Mansehra where by the appellant \"s demand of enhancing the compensation of acquired land was rejected. Being aggrieved with the judgment they filed Appeal.','Prayed that the judgment dated 24-03-2010 may kindly be set-aside an demand of the appellant to enhance the lease amount be considered.'),(505,'',8,120,16,3,'','Civil Appeal filed by Mr. Ikram Saeed (land owner) against the judgment dated 24.03.2010 of AD Judge, Mansehra','','549','Appeal','2015-03-11',1,0,'local','Civil Appeal is filed by land owner against judgment dated 24.03.2010 of ADJ Mansehra for less enhancement of compensation of his land i.e. Rs.30000/- per Kanal with 15% compulsory acquisition charges.','Prayed the learned court to set aside the decision of ADJ & enhance the compensation as per market and potential value of property i.e. 10 million per Kanal & direct respondent (NTDC) to make payment accordingly.'),(506,'',8,92,1,3,'193,000.00','Civil Suit filed by WAPDA/NTDC VS Khayal Muhammad Afridi Ex. SDO','','705','Civil Suit','2011-02-03',1,0,'local','Wapda/NTDC filed recovery suit against the officer before Civil Judge Lahore during 2011 for recovery of LDs. Matter was decided/decreed in favor of plaintiff. Decree holder filed petition for execution of decree, which was transferred to Distt. Peshawar for execution but returned as Judgment debtor was not residing there. Civil Judge Lahore passed order dated: 30.03.2012 to sine-die adjourned with the direction to initiate proceedings as and when proper and correct address of judgment letter would be available.','Suit was filed against Ex. officer for recovery of LDs.'),(507,'',8,168,56,3,'','FILING OF APPEAL BY NTDC AGAINST ORDER DATED 18.08.2018 PASSED BY CIVIL JUDGE / ALAQA QAZI BESHAM DISTT SHANGLA VS HAJI FAZAL HADI LAND OWNER','','1314','APPEAL','2018-10-12',1,0,'local','NTDC filed Appeal against decision of the Civil judge Besham .The land owners filed suit regarding enhancing compensation amount according to the market value. The learned Civil Judge decided the suit in favor of the plaintiffs.','Prayed that the Decision of the Civil Judge dated 18-08-2018 may kindly be set-aside .'),(508,'',8,169,88,3,'','REF. PETITION FILED BY MR. TAJ YOUSAF S/O MUZAFFFAR LAND OWNER VS NTDC ETC','','1557','PETITION','2018-09-27',1,8545754,'local','Reference Petition was filed by the land owner for enhancement of the compensation of the trees including 3010 fruit trees of Rs.17487425/- for the land acquired for construction of 220 KV G/S Chakdara at Village Thana Nal Road Tehsil Batkhela  Distt. Malakand .','Prayed that the respondents be directed to  pay the compensation amount to the respondents as per demand.'),(509,'',8,170,94,3,'','APPEAL FIELD BY MUHAMMAD KHURSHEED S/O SATTAR MUHAMMAD LAND OWNER VS NTDC AGAINST CONSTRUCTION WORK OF TOWER OF NEW  220KV D/C TARBELA-BURHAN TRANSMISSION LINE','','1476','APPEAL','2018-10-26',1,0,'local','Appeal was filed by the landowners on the dismissal of the civil appeal filed by the plaintiff against installation of the towers for the construction of 220 Kv T/L Terbela-Burhan which was passing over the suit property.','prayed that the judgment dated 26-10-2018 may kindly be set-aside in the interest of justice.'),(510,'',8,171,119,3,'','CIVIL SUIT FILED BY MR. SHAHBAZ AHMAD S/O GHULAM HUSSAIN LAND OWNER VS NTDC ETC','','1565','CIVIL SUIT','2018-09-24',1,0,'local','Civil suit was filed by the plaintiff against installation of poles no .334 at the suit property. NTDC acquired land for the construction of 500 kv High Tension T/L Neelum Jhelum ,Phase-II (LOT-II) .','prayed that court may issue directions for granting permanent stay order in his favour and respondents be restrained to install Tower no.334 at his suit property.'),(511,'',8,127,113,3,'','Civil Suit No.14 filed by Muhammad Hanif Khan S/O Nawab Khan (Land Owners AJK) VS NTDC regarding Neelum Jhelum Transmission Line','','1250','Civil Suit No.14','2016-02-27',1,0,'local','Civil suit was filed by the land owners against construction work of 500kv D/C  transmission Line Neelum -Jhelum Project .The plaintiff alleged that the suit property acquired for the project was not taken according to law.','Prayed that the defendants be directed to restrain to interfere into the suit property of the plaintiff and a stay order may be granted against construction work.'),(512,'',8,171,119,3,'','CIVIL SUIT FILED BY MR. ZAKA ULLAH S/O MUHAMMAD BASHIR LAND OWNER VS NTDC ETC','','1572','CIVIL SUIT','2018-11-08',1,0,'local','Civil suit was filed by the land owner against construction of 500 kv high Transmission line Neelum-Jhelum HPP Phase -II which is passing over the suit property. The plaintiff alleged that the electric poles installed without taking due process of law.','Prayed that the respondents may be directed to restrain from installing towers and interfering into the suit property.'),(513,'',8,120,67,3,'','FILING OF CIVIL REVISION BY NTDC VS FIRDOUS KHAN LAND OWNER AGAINST JUDGMENT DATED 15.09.2018 PASSED BY ADJ-II BATTAGRAM IN CIVIL APPEAL NO.14/13 OF 2016','','742','CIVIL REVISION','2018-11-20',1,0,'local','Civil suit was filed by the land owner regarding claim of compensation amount that was decreed in his favor ,later on NTDC filed appeal against the decision that was dismissed, again NTDC filed Revision application against judgment dated 15-09-2018 passed by ADJ-II.','Prayed that the judgment dated 15-09-2018 may kindly be set-aside.'),(514,'',8,127,113,3,'','CIVIL SUIT FILED BY MR. AZIZ KHAN LAND OWNER ETC DHEERKOT VS NTDC ETC REGARDING STAY AGAINST CONSTRUCTION OF NEELUM JHELUM TRANSMISSION LINE','','1321','CIVIL SUIT','2016-10-27',1,0,'local','Civil suit was filed by the land owners against installation of the tower  in the suit property for the construction of 500 Kv D/C  T/L of Neelum -Jehlum HPP before Civil judge Dheerkot .The land owner alleged that the disputed tower is installed without seeking due permission from and paying compensation.','Prayed that the defendants may be restrained from interfering into the land of the plaintiff  and an injunctive  order may kindly be passed against installation of tower in the suit property.'),(515,'',8,127,82,3,'','Civil Suit No.25 filed by Gul Aftab (Land Owner AJK) VS NTDC etc regarding Neelum Jhelum Transmission Line','','1250','Civil Suit No.25','2016-02-27',1,0,'local','Civil suit was filed by the land owners against installation of the tower  in the suit property for the construction of 500 Kv D/C  T/L of Neelum -Jehlum HPP before Civil judge Dheerkot .The land owner alleged that the disputed tower is installed without seeking due permission from and paying compensation.','Prayed that the defendants may be restrained from interfering into the land of the plaintiff  and an injunctive  order may kindly be passed against installation of tower in the suit property.'),(516,'',8,28,1,17,'','SUIT FOR RECOVERY FILED BY ABDUL KHALIQ BAIG VS NTDC ETC','','1583','SUIT','2018-12-13',1,0,'local','Suit for recovery of sum Rs 16,00,000/- as arbitration fee as well as Rs.10,00,00,000/- for damages as an arbitrator appointed by M.R Electric Concern (Pvt) Limited where a dispute arose out of contract no 2017-16 for construction of 500 KV Transmission line Rawat-Mandi Bahauddin.','Prayed that the decree of the recovery of outstanding amount with damages claimed may kindly be issued in favor of the plaintiff.'),(517,'',8,136,84,133,'','Execution Case filed by Imam Din and Sardar Khan land owner etc un-Authorised Const. under 220KV T/Line Rawat-Univerisity Islamabad for Decree Ajra','','384','Execution Case','2012-07-20',1,1371550,'local','Wapda acquired land for construction of 220/500KV G/S Rawat near Islamabad during 1988 and compensation was paid to the land owners. Some land owners filed reference before civil judge Rawalpindi for enhancement of cost of land, which was decided in their favor on 22.09.1992. Execution petition filed by Mr. Imam Din & Sardar Khan for implementation of court order is pending before Senior Civil Judge Rawalpindi','Prayed the court to pass an appropriate order for implementation of judgment/decree and payment of enhanced compensation with entrust.'),(518,'',8,28,1,3,'','CIVIL SUIT FILED BY MR. HABIB ULLAH S/O MUHAMMAD RAFIQUE AND OTHER LAND OWNERS VS NTDC','','1627','CIVIL SUIT','2019-03-02',1,0,'local','Civil Suit was filed by the plaintiff against installation of Tower for construction of heavy transmission line 132 kv in the land of the plaintiff without NOC and acquiring land .','Prayed that the defendants may be restrained from interfering into the land of the plaintiff  and a decree for declaration in his favor with  injunctive  order may kindly be passed against installation of tower in the suit property.'),(519,'',8,172,120,3,'','APPEAL FILED BY MUSAWWAR JAVED LAND OWNER VS. PROVINCE OF PUNJAB/NTDC ETC AGAINST ORDER DATED 18.03.2019 PASSED BY CIVIL JUDGE SHEIKHUPURA','','1594','APPEAL','2019-04-06',1,0,'local','Prayer of petitioner regarding grant of stay against acquisition of land for proposed 500KV G/S South Lahore in Distt Sheikhupura was rejected by the civil judge vide order by 22.12.2018. Land owner has now filed appeal before ADJ Sheikhupura against adverse order for non compensation','Prayed the Distt. Judge to suspend the order dated 22.12.2018 of civil court and grant him stay till the final disposal of the appeal'),(520,'',8,56,1,3,'','RFA NO.67/2015 FILED BY TIBL VS NTDC','','870','RFA NO.67/2015','2019-02-20',1,0,'local','',''),(521,'',18,44,2,135,'','WP No. 4233 of 2014 filed by Mr. Babar Sattar VS F.O.P etc;','','1084','WP No. 4233','2014-10-02',1,0,'local','ICA has been filed by Ministry against Judgment of Single Bench dated 09.07.2015 declaring appointment of BOD members illegal & without lawful authority.','Prayed the court to declare the judgment of Single Bench as unlawful and without legal cover & dismissed the titled petition.'),(522,'',18,44,2,6,'','WP No. 2094-2013 filed by Aamir Shehzad & others VS F.O.P etc.','','929','WP No. 2094-2013','2013-10-28',1,0,'local','Writ Petition was filed by the Petitioner against holding of office and continuing work by the BOD members even after the cancellation of notification dated 17-04 -2013 by the Caretaker prime minister.','Prayed that the respondents be restrained from doing work by holding public office without lawfully.'),(523,'',18,44,2,135,'','I.C.A No.348/2015 in WP No. 4233/2014 Filed by FOP Vs Babar Sattar etc','','1084','I.C.A No.348/2015','2015-11-17',1,0,'local','ICA has been filed by Ministry against Judgment of Single Bench dated 09.07.2015 declaring appointment of BOD members illegal & without lawful authority.','Prayed the court to declare the judgment of Single Bench as unlawful and without legal cover & dismissed the titled petition.'),(524,'',18,174,2,136,'','PROVISION OF INFORMATION REGARDING INQUIRY AGAINST DR. FAYYAZ CHAUDHRY EX. MD NTDC, BOD NTDC, MANAGEMENT OF NTDC ETC','','1525','INQUIRY','2018-09-27',1,0,'local','National Accountability Bureau Rawalpindi is conducting inquiry against Dr. Fayyaz Chaudhry Ex. MD NTDC, BOD & Management of NTDC.','Counsel is appointed to provide record/information & preparing/drafting reply to NAB to facilitate Company Secretary/management of company. The matter is at inquiry stage.'),(525,'',18,56,1,137,'','W.P NO.13430/2019 FILED BY MUHAMMAD HANEEF RANA AND OTHERS VS. FOP/NTDC','','1633','W.P NO.13430/2019','2019-03-07',1,0,'local','writ Petition was filed by the retired employee of NTDC regarding dispersal and payback claims for the Returns Value of their surrendered units of Benazir Employees Stock Option Scheme(BESOS).','Prayed that the Honrarble court may direct respondents to pay the Returns value of buyback claims to the petitioners of their surrendered units under BESOS.'),(526,'',8,56,1,137,'','W.P NO.6434/2019 FILED BY MR. AHMAD DIN AND OTHERS VS. FOP/NTDC','','1633','W.P NO.6434/2019','2019-03-07',1,0,'local','writ Petition was filed by the retired employee of NTDC regarding dispersal and payback claims for the Returns Value of their surrendered units of Benazir Employees Stock Option Scheme(BESOS).','Prayed that the Honrable court may direct respondents to pay the Returns value of buyback claims to the petitioners of their surrendered units under BESOS.'),(527,'',16,5,3,138,'','Case No 4B(153)/13-L filed by Mr. Tanveer Ahmad, Security Guard VS NTDC for regularization of his contract service','','491','Case No 4B(153)/13-L','2013-08-05',1,0,'local','Official has filed grievance petition against non regularization of his contract service by respondent NTDC.','Prayed the Commission to direct respondent NTDC for regularization of his service from 10.11.2006 the date of his appointment with all financial benefits.'),(528,'',16,5,3,49,'','Contempt Petition No.7(47)/2014-L Filed By Tanveer Ahmad Ex-Security Guard Vs NTDC','','491','Contempt Petition No.7(47)/2014-L','2016-07-27',1,0,'local','',''),(529,'',16,105,52,51,'','WP No. 1215/BWP/2015  by Mian Muhammad ex Security Sergent Vs NTDC','','1129','WP No. 1215/BWP/2015','2015-02-23',1,0,'local','',''),(530,'',16,43,9,139,'','PETITION NO.4B(110)/2018-K ALONG WITH CMA NO.24B(16)/18-K FILED BY MR. MIR MUHAMMAD S/O MUHAMMAD MURAD SECURITY OFFICER VS NTDC','','1561','PETITION NO.4B(110)/2018-K','2019-03-20',1,0,'local','Writ Petition was filed by the employee against his transfer from residence Jamshoro to far flung area of Chakdara Malakand KPK. The learned High Court directed the respondents to not transfer him till disposal of the case.','prayed that the transfer order at the stage of his retirement  may kindly be declared illegal.'),(531,'',16,42,2,140,'','CASE NO 4B(64) 2019 AND C.M.A. NO. 24B (44) 2019 FILED BY MR. AHMAD NAWAZ EX-SECURITY INSPECTOR VS. MD NTDC','','1301','CASE NO 4B(64) 2019','2019-04-17',1,0,'local','Petitioner was appointed security inspector at 220 kv G/S NTDC Islamabad he  filed Writ before NIRC Islamabad  on account of removal from service .He filed  resignation from service in first stance being hardships faced him due to frequent transfer posting. Later on he  withdrawn his resignation. But his resignation was accepted on dated 31-07-2017and he was removed from service .','Prayed that the court may direct respondents to set aside order dated 31-07-2017 and he may be reinstated in service with effect from 23-06-2015.'),(532,'',23,77,1,12,'Rs.50,000','Recovery Suit filed by NTDC VS Mr. Afraz Mehmood Ch. S/o Ch. Tariq Mehmood Ex Jr. Engr (SO) NPCC Islamabad','','546','Recovery Suit','2010-02-22',1,0,'local','Officer was appointed as Junior Engr. on contract basis for Two years. His services were terminated due to absence from duty. NTDC filed recovery suit of Rs.50000/- as LDs and one months pay.','Prayed the court to decide/decreed the matter in f/o NTDC.'),(533,'',23,56,1,141,'','WP No. 685-W 2012 Yasin Steel VS GM SO NPCC NTDC regarding load shedding','','740','WP No. 685-W 2012','2012-04-20',1,0,'local','Petitioner has filed WP vs LESCO/NPCC etc against Load Shedding/Forced Shut down, which is affecting adversely the production unit of the petitioner.','Prayed the Honrable court to direct LESCO/NPCC etc to avoid load shedding without giving notice to the petitioner.'),(534,'',23,37,3,141,'','M/s Choti Textile Mills Limited VS NTDC and others','','841','WP No. 10311/2012','2012-08-07',1,0,'local','Petitioner has filed WP vs MEPCO etc against Load Shedding/Forced Shut down as textile sector is exempted from load shedding.','Prayed the Honrable court to direct MEPCO etc not to interrupt/shut down without giving notice to the company & refund of loss as per policy of respondents.'),(535,'',23,44,2,141,'','Civil Misc. No. 01/2013 in WP No. 2843 of 2013 filed by M. Razi-ud-Din VS NTDC','','931','WP No. 2843','2013-10-03',1,0,'local','Petitioner has filed WP vs PESCO etc against discriminatory Load Shedding/Forced Shut down by NPCC, which has destroyed the commercial & agriculture Sector in KPK.','Prayed the Honrable court to direct PESCO & NPCC restraining the undue load shedding & manage it as per policy introduced by the Govt.'),(536,'',23,77,1,12,'500,000.00','Recovery suit by NTDC VS Muhammad Abbas Khan, Ex Assistant Manager (Admn) NPCC','','627','Recovery suit','2012-10-30',1,0,'local','',''),(537,'',23,175,2,142,'11,07,383.00','Civil suit filed by NTDC VS Dr. Naeema Sadia, Lady Medical Officer for recovery of standard/market rent and elecy. Charges of flat no.111/13','','1173','Civil suit','2017-03-11',1,0,'local','Lady Medical Officer refused to vacate Flat allotted at NPCC Colony Islamabad after non extension of her deputation period & not paid standard rent and electricity bills despite repeated Notices.','NTDC filed recovery suit & prayed the court to decide/decree the suit in f/o NTDC.'),(538,'',23,44,2,143,'','Filed By Muhammad Khan S/o Mehar Khan Ex. Junior Engineer Islamabad Vs NTDC (Now in PAEC)','','1324','WP No.4148/2016','2017-01-10',1,0,'local','Officer left NTDC service & joined PAEC.','Prayed the court to direct NTDC to pay Pension Contribution & necessary Service Record rendered by the petitioner in NTDC to be credited to PAEC.'),(539,'',23,13,2,32,'','Civil Appeal No.1126/2018 in CP No.3061/2017 by NTDC Vs CDA etc against decision dated 31.05.2017 passed by Islamabad High Court Islamabad in WP No.3271/2012','','783','Civil Appeal No.1126/2018','2017-08-21',1,0,'local','ICA filed by NTDC was not accepted being devoid of merit/law. Company filed Civil Petition before Apex Court against the adverse order passed by Islamabad High Court.','Prayed the court to set aside impugned judgment of Islamabad High court dated 31.05.2017 & respondents be restrained to recover any amount of Property Tax from NTDC'),(540,'',23,176,2,144,'100000000     500000','FILING OF REPLY OF SHOW CAUSE NOTICE DATED 27.02.2018 ISSUED BY NEPRA UNDER RULE-4(8) & (9) OF NEPRA (FINES) RULES 2002 ON BEHALF OF NTDC','','1306','SHOW CAUSE NOTICE','2018-03-29',1,0,'local','NTDC filed reply to NEPRA against Show Cause Notice dated 27.02.2018 for imposition of fine Rs.100000000/- & further penalty 500000/- regarding non- completion of developmental works resulting on going financial losses to the National Ex-Chequer & allocation of gas quota to expensive power plants rather than cheaper plants.','Prayed the NEPRA to withdraw Show Cause Notice dated 27.02.2018 considering reply of NTDC and also seeks permission to provide more information at the time of hearing.'),(541,'',23,13,2,141,'','CIVIL REVIEW PETITION NO.22/2014 ARISING OUT OF HRC NO.14392/2013 FILED BY ALL PAKISTAN TEXTILE MILLS ASSOCIATION VS NEPRA ETC','','890','PETITION NO.22/2014','2019-02-27',1,0,'local','Supreme Court took up the matter of severe short fall of electricity in the country and register in the Human Rights case and discussed the viability capacity and scope of various resources for energy production in Pakistan for determination of tariff by NEPRA and root causes of the load shedding in the country. APTMA is also party in the matter','APTMA prayed the court to take notice of present load shedding and direct NEPRA and other agencies to reduce the load shedding'),(542,'',23,175,2,145,'','CIVIL SUIT TITLED MR. KHAWAJ MUHAMMAD ADM VS. DIRECTOR GENERAL AUDIT, WAPDA & OTHERS','','1588','CIVIL SUIT','2019-12-21',1,0,'local','Civil Suit was by the plaintiff employee against deduction of 5% O & M Charges from the residents of power houses and grid stations attached Colonies at the time of allotment of official accommodation.','Prayed that permanent injunction may be granted against the defendants to not impose O & M charges till the decision of the case.'),(543,'',23,177,2,145,'','CIVIL SUIT TITLED MR. HAFEEZ-UR-REHMAN SSO-I VS. DIRECTOR GENERAL AUDIT, WAPDA & OTHERS','','1587','CIVIL SUIT','2018-12-20',1,0,'local','Civil Suit was by the plaintiff employee against deduction of 5 % O & M Charges  against the rent free accommodation facility provided to the f the residents of power houses and grid stations attached Colonies at the time of allotment of official accommodation.','Prayed that permanent injunction may be granted against the defendants to not impose O & M charges till the decision of the case.'),(544,'',23,175,2,145,'','CIVIL SUIT FILED BY MR. AZIZ UL HAQ S/O HABIB SUB ENGINEER (CIVIL) AND OTHERS VS. DIRECTOR GENERAL (AUDIT), WAPDA/NTDC','','1618','CIVIL SUIT','2019-02-25',1,0,'local','Civil suit was filed by the plaintiff Aziz Ul Haq  against deduction of 5 % O& M Charges from the allottees of Residents of NPCC Colony Islamabad.','Prayed that the order of the MD NTDC regarding validity of the 5 % O& M Charges may kindly be declared illegal and against the rules of WAPDA.'),(545,'',12,93,28,12,'50,000.00','Execuiton petition filed by NTDC VS Muhammad Anwar Rana Ex-DD (Design) for recovery of LDs','','199','Petition','2011-09-12',1,0,'local','Execution petition is filed by NTDC for implementation of decree/decision dated 12.03.2009 in f/o NTDC for recovery of leave salary/LDs.','To decide the petition & issue arrest warrant of absconder officer for recovery of NTDC dues.'),(546,'',12,28,1,12,'50000 + 9% Interest','EXECUTION PETITION FILED BY NTDC FOR IMPLEMENTATION OF JUDGMENT/DECREE DATED 12.07.2016 PASSED IN CIVIL SUIT NO. 747/01/16 TITLED NTDC VS MUHAMMAD TAYYAB EX. JUNIOR ENGINEER','','145','PETITION','2017-01-25',1,0,'local','Execution petition is filed by NTDC for implementation of decree/decision dated 12.07.2016 in f/o NTDC for recovery of LDs.','To decide the petition & issue arrest warrant of absconder officer for recovery of NTDC dues.'),(547,'',12,28,1,12,'50000 + (1 month Salary Rs. 6210)','EXECUTION PETITION FILED BY NTDC FOR IMPLEMENTATION OF JUDGMENT/DECREE DATED 12.07.2016 PASSED IN CIVIL SUIT NO. 745/01/16 TITLED NTDC VS MR. Ahmad WAQAS RASHEED  EX. JUNIOR ENGINEER','','145','PETITION','2017-01-25',1,0,'local','Execution petition is filed by NTDC for implementation of decree/decision dated 12.07.2016 in f/o NTDC for recovery of LDs.','To decide the petition & issue arrest warrant of absconder officer for recovery of NTDC dues.'),(548,'',12,28,1,12,'698887 + 9% Interest','EXECUTION PETITION FILED BY NTDC FOR IMPLEMENTATION OF JUDGMENT/DECREE DATED 12.07.2016 PASSED IN CIVIL SUIT NO. 746/01/16 TITLED NTDC VS ASAD Ahmad MALHI EX. JUNIOR ENGINEER','','209','PETITION','2017-01-25',1,0,'local','Execution petition is filed by NTDC for implementation of decree/decision dated 12.07.2016 in f/o NTDC for recovery of LDs.','To decide the petition & issue arrest warrant of absconder officer for recovery of NTDC dues.'),(549,'',12,77,1,12,'113,805.00','NTDC VS Miss Fareeha Shabbir, Jr. Engr.for recovery of L.Ds','','524','Suit','2009-11-11',1,0,'local','The officer was appointed on contract basis in NTDC as a Junior Engineer. She tendered her resignation from services on 25.04.2005 and without waiting for formal approval of acceptance of resignation and she absented herself from duty. She was bound to deposit an amount of Rs. 50,000/- as liquidated damages besides one month pay. total recovery was Rs. 1,13,805 but failed to deposit the same . NTDC filed recovery suit against her before the competent court for recovery of its dues. She was dismissed from NTDC service vide order dated 22.10.2008 w.e.f 01.05.2005','Prayed the court to decide/ decree the suit in favor of company and against absconder officer'),(550,'',12,178,2,146,'','Show Cause Notice No. 19/2013 under Section 30 of the Competition Act 2010 complaint filed by  M/s 7AAYS Corporation local agent of forigen companies VS NTDC etc','','887','Show Cause Notice No. 19/2013','2013-10-10',1,0,'local','M/s 7 AAYS filed complaint before CCP against NTDC for specification of MR Germany or equilant regarding purchase of power transformers for DISCOs against violation of PPRA Rules.','Prayed the CCP to inquire the matter against NTDC/DISCOs for allowing monopoly to Mr. Germany made OLTC, which is violation of Section 3 & 4 of the Act & direct them to delete these clauses in future bidding documents.'),(551,'',12,56,1,146,'','W.P No.14816/2013 Filed by NTDC VS FOP etc and C.M No.1595/2013 filed by M/s Abdul Raoof / M/s 7AAYS local agent of M/S Huaming China in W.P No.14816/2013','','887','W.P No.14816/2013','2013-10-10',1,0,'local','Show Cause notice was issued by competition commission of Pakistan to NTDC/Discos for recommending procurement of power transformer fitted with OLTS of MR Germany make. Tenders for supply of power transformers of M/s 7 AAYS was cancelled. The supplier has filed W.P before high court for protection the rights and interest of applicant by staying the upcoming tenders','Prayed the court to suspend the proceeding before CCP and rights and interests of petitioners may be protected by staying the future tenders in NTDC till the decision of the petition'),(552,'',12,56,1,147,'','WP No. 462/2014 filed by  Abdul Rasheed Ex. Deputy Manager Design Vs NTDC etc;','','503','WP No. 462/2014','2014-02-04',1,0,'local','Petitioner compulsory retired from service on the charge of  misappropriation of store material and subsequently reinstated by FST into service. HE filed WP vs NTDC for release of Arrear bill of Rs.72004/- for intervening period.','By acceptance this WP, respondents may be directed to pay the arrear bill of Rs.72004.'),(553,'',14,56,1,148,'','WP No. 31350/14 of Transfopower VS FOP, NTDC etc;','','1108','WP No. 31350/14','2014-09-30',1,0,'local','During 2010, a fake & illegal amendment No.5 was introduced in specification No.DDS/842007 for low loss transformers for DISCOs by C.E (D&S) NTDC for the benefits of M/s PEL to increase the prices of dist. Transformers. Inquiry by NAB Reg Bidding Process.','During the pendency of the WP, respondent NAB be directed no adverse action shall be taken by it against the petitioner & its proceedings will remain stayed.'),(554,'',14,56,1,148,'','WP No. 26891/14 of Transfab VS FOP NTDC etc.','','1108','WP No. 26891/14','2014-09-30',1,0,'local','During 2010, a fake & illegal amendment No.5 was introduced in specification No.DDS/842007 for low loss transformers for DISCOs by C.E (D&S) NTDC for the benefits of M/s PEL to increase the prices of dist. Transformers. Inquiry by NAB Reg Bidding Process.','During the pendency of the WP, respondent NAB be directed no adverse action shall be taken by it against the petitioner & its proceedings will remain stayed.'),(555,'',14,56,1,148,'','WP No.26950/14 of Elmetec VS FOP,NTDC etc;','','1108','WP No.26950/14','2014-09-30',1,0,'local','During 2010, a fake & illegal amendment No.5 was introduced in specification No.DDS/842007 for low loss transformers for DISCOs by C.E (D&S) NTDC for the benefits of M/s PEL to increase the prices of dist. Transformers. Inquiry by NAB Reg Bidding Process.','During the pendency of the WP, respondent NAB be directed no adverse action shall be taken by it against the petitioner & its proceedings will remain stayed.'),(556,'',14,56,1,148,'','WP No. 28883/14 of Inayat Hussain  VS FOP NTDC etc.','','1108','WP No. 28883/14','2014-09-30',1,0,'local','During 2010, a fake & illegal amendment No.5 was introduced in specification No.DDS/842007 for low loss transformers for DISCOs by C.E (D&S) NTDC for the benefits of M/s PEL to increase the prices of dist. Transformers. Inquiry by NAB Reg Bidding Process.','During the pendency of the WP, respondent NAB be directed no adverse action shall be taken by it against the petitioner & its proceedings will remain stayed.'),(557,'',14,56,1,71,'','WP No. 17890/11 by M/s PEL & others VS PEPCO/NTDC/WAPDA & others','','758','WP No. 17890/11','2011-08-10',1,0,'local','LESCO invited tenders for procurement of distribution transformers, wherein local suppliers was treated discriminatory extended favour to the foreign bidders.','Prayed the court to declare the impugned tender as discriminatory & to set aside and cancel, ensure a level playing field for even local participants. During pendency of the writ petition LESCO be restrained from finalizing any award of distribution transformer.'),(558,'',14,80,1,149,'','Filing of appeal for consolidation of cases filed in Different Civil Courts of Lahore by M/s Hammad Engg. (Pvt) Limited, Lahore and M/s A.B. Ampere (Pvt) Limited Lahore VS Fed of Pakistan etc;','','816','Appeal','2014-12-18',1,0,'local','The firms filed Civil Suits/Contempt petitions against officers of NTDC etc just to blackmail  reg. inquiries conducted against them for supply of sub standard material.','Main prayer of the plaintiffs is regarding consolidation of all cases filed in Different Civil Courts in one court.'),(559,'',14,100,1,150,'','Contempt petition by M/s A.B Ampere (Pvt). Ltd. Lahore VS NTDC','','874','Petition','2013-03-27',1,0,'local','Suit filed by plaintiff against supply of defective transformers to DISCOs etc was stayed. Supplier has filed Contempt petition Vs respondents against initiation of proceedings against AB Ampere Pvt Ltd.','Prayed the court to pass order against the respondents for disobeying the stay order.'),(560,'',22,179,84,17,'1,941,875.00','Suit No.219/16 for recovery of interest on principal amount of Rs. 2390,000','','1154','Suit No.219/16','2016-05-10',1,0,'local','GM (HV&SC) Lab Rawat instructed Bank of Punjab Rawalpindi during 2008 to transfer amount lying in a/c with NBP Rawat, which was not transferred till 10.04.2014. Suit filed to recover the interest Rs. 1941875 from 2008 to 2014 due to blockage of funds.','Prayed the court to decide/decree the suit in f/o NTDC.'),(561,'',20,56,1,151,'','WP No. 7823/2016 filed by Muhammad Umair Aslam Dy. Director (H/Q) GSC NTDC VS NTDC','','1258','WP No. 7823/2016','2016-03-11',1,0,'local','Imposed penalty of stoppage of one increment for a period of one year as officer absconded from duty since 09.03.2015','Prayed the court to set aside order dated 23.07.2015 & appellate order 10.02.2016 with the direction to the respondent to restore the annual increment of the petitioner with all consequential benefits.'),(562,'',20,56,1,141,'','Wp No.17523/2017 Filed By Judicial Activism Panel Vs Gop Etc','','840','Wp No.17523/2017','2017-06-02',1,0,'local','Judicial Activism Panel has filed WP before Lahore High Court regarding implementation of PPRA laws , merit, transparency and level playing field for other competitive parties.','For issuance of direction to Federal/Punjab Govt not to violate the PPRA Rules.'),(563,'',20,11,1,139,'','PETITION NO. 4A(95)/2019-L FILED BY MR. MUHAMMAD AFZAL DRIVER VS WAPDA/NTDC','','1650','PETITION NO. 4A(95)/2019-L','2019-04-03',1,0,'local','Petition was filed by the petitioner against transfer order passed thrice in 10 moths tenure due to involvement in CBA activities.',''),(564,'',24,56,1,152,'10,00,000.00','Writ Petition No. 17569/2016 filed by NTDC VS NEPRA/Wapda Etc to chellange the order of NEPRA dated 18.04.2016','','1306','Writ Petition No. 17569/2016','2016-05-24',1,0,'local','NEPRA imposed fine against non provision of timely information regarding fuel price adjustment. NTDC challenge the matter before High Court against NEPRA decision dated 18.04.2016.','NTDC prayed the Honrable court to set aside the decision of NEPRA having no merit & grant relief as allowed under the relevant rules.'),(565,'',24,176,2,144,'','Filing of Petition by NTDC in the matter of Fine Imposed by NEPRA','','1306','Petition','2017-10-24',1,0,'local','Company filed petition before NEPRA against fine imposed under NEPRA Fines Rules 2002.','Prayed NEPRA Authority to reconsider the decision regarding imposition of fine & appropriate relief may be granted.'),(566,'',24,32,9,153,'','CP NO.D-2079/18 FILED BY M/S FOUNDATION WIND ENERGY VS FOP/NTDC ETC','','1471','CP NO.D-2079/18','2018-04-06',1,0,'local','Dispute over Payment of WWF & WPPF between FOP/Province','Prayed the court to issue direction to Federation & Provinces to not raise any demand for recovery of WWF & WPPF till decision of the petition.'),(567,'',24,56,1,144,'','WRIT PETITION NO.244431/2018 BY NTDC ETC VS NEPRA AGAINST ORDER DATED 13.07.2018 UNDER RULE-4(9) & 4(10) OF THE NEPRA (FINES) RULES-2002','','1306','WRIT PETITION NO.244431/2018','2018-10-12',1,0,'local','NTDC filed Writ Petition before Lahore High Court Lahore against impugned notice served by NEPRA whereby imposed fine of Rs.5,000,000/- on NTDC and directed to pay the amount with in period of fifteen days from the date of issuance of order.','Prayed that the impugned notice served by the NEPRA dated 10.01.2017 may kindly be set-aside by the Honourable Lahore High Court Lahore.'),(568,'',24,32,9,154,'','CP NO.D-6254/2018 FILED BY K-ELECTRIC LTD VS NEPRA ETC','','1555','CP NO.D-6254/2018','2018-09-27',1,0,'local','K-Electric Petitioner filed writ petition before Sindh High Court before Karachi against impugned Show Cause notice issued by NEPRA with imposition of fine Rs.10000000/- on violation of NEPRA Fine rules and PPA .Initially the K-electric & CPPA-G was in agreement under PPA for supply of 650 MW Power  for five years. Later on the agreement was expired and Government Cut supply to 350 MW instead of 650 MW.K-Electric requested to extend the PPA for further period of five years, But no decision was made in this regard.','By way of filing Reply/Representation against impugned Show Cause Notice. Pray the NEPRA Authority to with draw the same on legal grounds as fine was imposed without considering NTDC stance.'),(569,'',24,176,2,144,'','Review Application filed by NTDC against order dated 12.02.2019 in the matter of Show Cause Notice dated 27.02.2018 issued to NTDC for alledged violations of Economic Merit Order.','','1607','Application','2019-02-20',1,0,'local','',''),(570,'',7,180,62,3,'','CIVIL SUIT FOR DECREE/INJUNCTIVE ORDER FILED BY MR. MUHAMMAD ARSHAD S/O MUHAMMAD IBRAHIM LAND OWNER VS NTDC AND OTHERS REGARDING LAND OF +660 KV HVDC CONVERTOR STATION HEAD BALLOKI','','1615','CIVIL SUIT','2019-02-21',1,0,'local','Civil Suit was filed by the land owners against destroying drain system by the NTDC  on the land acquired for construction of 660 kv HVDC Converter Station Head Balloki District Nankana.','Prayed that Respondents be directed to restrain from destroying drain system .'),(571,'',7,180,62,3,'','CONTEMPT PETITION IN CIVIL SUIT FILED BY MR. MUHAMMAD ARSHAD S/O MUHAMMAD IBRAHIM LAND OWNER VS NTDC AND OTHERS REGARDING LAND OF +660 KV HVDC CONVERTOR STATION HEAD BALLOKI','','1615','PETITION','2019-05-13',1,0,'local','Civil Suit was filed by the land owners against destroying drain system by the NTDC  on the land acquired for construction of 660 kv HVDC Converter Station Head Balloki District Nankana. Case was decided in his favor now the plaintiff filed contempt Petition for early implementation of decision of the court.','Prayed that Respondents be directed to restrain from destroying drain system .'),(572,'',7,181,129,3,'','CIVIL SUIT FILED BY MR.ABDUL RASHID CHAUDHARY LAND OWNER VS. WAPDA/NTDC ETC','','1640','CIVIL SUIT','2019-03-29',1,0,'local','Civil Suit was filed against installation of tower no.1157  in the land property of the petitioner without seeking his permission for construction of  660 kv T/L Matiari - Lahore Transmission Line for dispersal of Electricity from coal based power houses from port Qasim  to Lahore under CPEC project.','Prayed that Stay Order may be granted against the defendants to not encroach over the land  and the towers location be changed in the interest of justice.'),(573,'',27,182,130,3,'','Civil Suit filed by NTDC vs Mr. Khush Amaddin S/O Shah Alam Khan Land owner','','889','Civil Suit f','2019-07-02',1,0,'local','8 Canal land purchased by Ministry of Petroleum during 1985  was further handed over to GM (Power System Planning ) NTDC for installation of Solar Energy Station at Distt. Hunza. Payment of compensation was made to land owners. Earlier Mr. Khush Amaddin Land owner filed a Suit and CSA vs. NTDC for compensation, which were decided in favor of department. NTDC has filed Civil Suit vs. land owner against construction of illegal wall and obstruction at the entrance of Power Station',''),(574,'',29,129,1,25,'','I.C.A No.577/2016 against Judgment of single bench dated 19-02-2016 in titled Case Pak Gen Power Ltd in WP No.34542 Vs FOP etc','','1111','I.C.A No.577/2016','2017-05-02',1,0,'local','IPPs filed ICA vs NTDC etc against Judgment of single bench dated 19-02-2016 regarding dispute over payments.','For acceptance of ICA and set aside judgment of Single Bench dated 19.02.2016.'),(575,'',29,129,1,25,'','I.C.A No.575/2016 against Judgment of single bench dated 19-02-2016 in titled Case M/s Lal Pir Power Ltd in WP No.34541 Vs FOP etc','','1111','I.C.A No.575/2016','2017-05-02',1,0,'local','IPPs filed ICA vs NTDC etc against Judgment of single bench dated 19-02-2016 regarding dispute over payments.','For acceptance of ICA and set aside judgment of Single Bench dated 19.02.2016.'),(576,'',29,77,1,155,'','Civil Suit filed by Private Power & Infrastructure Board (PPIB) Vs Atlas Power Company (Pvt)  Ltd & Others','','1089','Civil Suit','2015-10-28',1,0,'local','Petitioner has filed petition against CPPA-G/NTDC regarding non payment of pending dues for supply of electricity to respondents.','Petitioners have prayed the Honrable court to direct respondents (CPPA etc) to clear their pending liabilities expeditiously.'),(577,'',29,45,12,101,'','WP No. 3860/14 filed by All Pakistan Textile Mills Association VS FOP & others','','1202','WP No. 3860/14','2015-10-20',1,0,'local','The Appellant have filed WP before Peshawar High Court Peshawar regarding imposition of different surcharges on electricity bills of consumers to generate revenue.','By filing WP before Peshawar High Court Peshawar petitioner have prayed the court to  direct respondents to allow them relief regarding illegal imposition of surcharges.'),(578,'',29,45,12,101,'','WP No. 3876/14 filed by Khazana Sugar Mills VS FOP & others','','1202','WP No. 3876/14','2015-10-20',1,0,'local','The Appellant have filed WP before Peshawar High Court Peshawar regarding imposition of different surcharges on electricity bills of consumers to generate revenue.','By filing WP before Peshawar High Court Peshawar petitioner have prayed the court to  direct respondents to allow them relief regarding illegal imposition of surcharges.'),(579,'',29,45,12,101,'','WP No. 1404/15 filed by Myka Steel Pvt. Ltd. VS FOP & others','','1202','WP No. 1404/15','2015-10-20',1,0,'local','The Appellant have filed WP before Peshawar High Court Peshawar regarding imposition of different surcharges on electricity bills of consumers to generate revenue.','By filing WP before Peshawar High Court Peshawar petitioner have prayed the court to  direct respondents to allow them relief regarding illegal imposition of surcharges.'),(580,'',29,45,12,33,'','WP No. 521/15 filed by Syntron Ltd. VS FOP & others','','1202','WP No. 521/15','2015-10-20',1,0,'local','The Appellant have filed WP before Peshawar High Court Peshawar regarding imposition of different surcharges on electricity bills of consumers to generate revenue.','By filing WP before Peshawar High Court Peshawar petitioner have prayed the court to  direct respondents to allow them relief regarding illegal imposition of surcharges.'),(581,'',29,45,12,33,'','WP No. 2287/15 filed by Awan Cold Storage  VS FOP & others','','1202','WP No. 2287/15','2015-10-20',1,0,'local','The Appellant have filed WP before Peshawar High Court Peshawar regarding imposition of different surcharges on electricity bills of consumers to generate revenue.','By filing WP before Peshawar High Court Peshawar petitioner have prayed the court to  direct respondents to allow them relief regarding illegal imposition of surcharges.'),(582,'',29,45,12,33,'','WP No. 1955-P/15 filed by Alam Match VS FOP & others','','1202','WP No. 1955-P/15','2015-10-20',1,0,'local','The Appellant have filed WP before Peshawar High Court Peshawar regarding imposition of different surcharges on electricity bills of consumers to generate revenue.','By filing WP before Peshawar High Court Peshawar petitioner have prayed the court to  direct respondents to allow them relief regarding illegal imposition of surcharges.'),(583,'',29,45,12,101,'','WP No. 900/15 filed by Salar Steel Mills Ltd. VS FOP & others','','1202','WP No. 900/15','2015-10-20',1,0,'local','The Appellant have filed WP before Peshawar High Court Peshawar regarding imposition of different surcharges on electricity bills of consumers to generate revenue.','By filing WP before Peshawar High Court Peshawar petitioner have prayed the court to  direct respondents to allow them relief regarding illegal imposition of surcharges.'),(584,'',29,45,12,33,'','WP No. 371/15 filed by Marwa Steel Mills Ltd. VS FOP & others','','1202','WP No. 371/15','2015-10-20',1,0,'local','The Appellant have filed WP before Peshawar High Court Peshawar regarding imposition of different surcharges on electricity bills of consumers to generate revenue.','By filing WP before Peshawar High Court Peshawar petitioner have prayed the court to  direct respondents to allow them relief regarding illegal imposition of surcharges.'),(585,'',29,45,12,33,'','WP No. 2286/15 filed by Tariq Cold Storage VS FOP & others','','1202','WP No. 2286/15','2015-10-20',1,0,'local','The Appellant have filed WP before Peshawar High Court Peshawar regarding imposition of different surcharges on electricity bills of consumers to generate revenue.','By filing WP before Peshawar High Court Peshawar petitioner have prayed the court to  direct respondents to allow them relief regarding illegal imposition of surcharges.'),(586,'',29,45,12,33,'','WP No. 1865/15 filed by ARY Steel Industries VS FOP & others','','1202','WP No. 1865/15','2015-10-20',1,0,'local','The Appellant have filed WP before Peshawar High Court Peshawar regarding imposition of different surcharges on electricity bills of consumers to generate revenue.','By filing WP before Peshawar High Court Peshawar petitioner have prayed the court to  direct respondents to allow them relief regarding illegal imposition of surcharges.'),(587,'',29,45,12,33,'','WP No. 1822/15 filed by Al-haj Foundry  VS FOP & others','','1202','WP No. 1822/15','2015-10-20',1,0,'local','The Appellant have filed WP before Peshawar High Court Peshawar regarding imposition of different surcharges on electricity bills of consumers to generate revenue.','By filing WP before Peshawar High Court Peshawar petitioner have prayed the court to  direct respondents to allow them relief regarding illegal imposition of surcharges.'),(588,'',29,45,12,33,'','WP No. 1821/15 filed by Gul Badshah Steel Furnace VS FOP & others','','1202','WP No. 1821/15','2015-10-20',1,0,'local','The Appellant have filed WP before Peshawar High Court Peshawar regarding imposition of different surcharges on electricity bills of consumers to generate revenue.','By filing WP before Peshawar High Court Peshawar petitioner have prayed the court to  direct respondents to allow them relief regarding illegal imposition of surcharges.'),(589,'',29,45,12,33,'','WP No. 916/15 filed by Premier Formica Industries VS FOP & others','','1202','WP No. 916/15','2015-10-20',1,0,'local','The Appellant have filed WP before Peshawar High Court Peshawar regarding imposition of different surcharges on electricity bills of consumers to generate revenue.','By filing WP before Peshawar High Court Peshawar petitioner have prayed the court to  direct respondents to allow them relief regarding illegal imposition of surcharges.'),(590,'',29,45,12,33,'','WP No. 914/15 filed by Mohsin Match Factory VS FOP & others','','1202','WP No. 914/15','2015-10-20',1,0,'local','The Appellant have filed WP before Peshawar High Court Peshawar regarding imposition of different surcharges on electricity bills of consumers to generate revenue.','By filing WP before Peshawar High Court Peshawar petitioner have prayed the court to  direct respondents to allow them relief regarding illegal imposition of surcharges.'),(591,'',29,45,12,33,'','WP No. 913/15 filed by Mohsin Enterprises Pvt.Ltd. VS FOP & others','','1202','WP No. 913/15','2015-10-20',1,0,'local','The Appellant have filed WP before Peshawar High Court Peshawar regarding imposition of different surcharges on electricity bills of consumers to generate revenue.','By filing WP before Peshawar High Court Peshawar petitioner have prayed the court to  direct respondents to allow them relief regarding illegal imposition of surcharges.'),(592,'',29,45,12,33,'','WP No. 911/15 filed by Swabi Steel Mills  VS FOP & others','','1202','WP No. 911/15','2015-10-20',1,0,'local','The Appellant have filed WP before Peshawar High Court Peshawar regarding imposition of different surcharges on electricity bills of consumers to generate revenue.','By filing WP before Peshawar High Court Peshawar petitioner have prayed the court to  direct respondents to allow them relief regarding illegal imposition of surcharges.'),(593,'',29,45,12,33,'','WP No. 828/15 filed by Syntron Pvt. Ltd. VS FOP & others','','1202','WP No. 828/15','2015-10-20',1,0,'local','The Appellant have filed WP before Peshawar High Court Peshawar regarding imposition of different surcharges on electricity bills of consumers to generate revenue.','By filing WP before Peshawar High Court Peshawar petitioner have prayed the court to  direct respondents to allow them relief regarding illegal imposition of surcharges.'),(594,'',29,45,12,33,'','WP No. 822/15 filed by Lahore Steel Mills VS FOP & others','','1202','WP No. 822/15','2015-10-20',1,0,'local','The Appellant have filed WP before Peshawar High Court Peshawar regarding imposition of different surcharges on electricity bills of consumers to generate revenue.','By filing WP before Peshawar High Court Peshawar petitioner have prayed the court to  direct respondents to allow them relief regarding illegal imposition of surcharges.'),(595,'',29,45,12,33,'','WP No. 576/15 filed by Royal Foundary VS FOP & others','','1202','WP No. 576/15 f','2015-10-20',1,0,'local','The Appellant have filed WP before Peshawar High Court Peshawar regarding imposition of different surcharges on electricity bills of consumers to generate revenue.','By filing WP before Peshawar High Court Peshawar petitioner have prayed the court to  direct respondents to allow them relief regarding illegal imposition of surcharges.'),(596,'',29,45,12,33,'','WP No. 211/15 filed by Syntron (Pvt) Ltd. VS FOP & others','','1202','WP No. 211/15','2015-10-20',1,0,'local','The Appellant have filed WP before Peshawar High Court Peshawar regarding imposition of different surcharges on electricity bills of consumers to generate revenue.','By filing WP before Peshawar High Court Peshawar petitioner have prayed the court to  direct respondents to allow them relief regarding illegal imposition of surcharges.'),(597,'',29,45,12,33,'','WP No. 210/15 filed by Tariq Foundry VS FOP & others','','1202','WP No. 210/15','2015-10-20',1,0,'local','The Appellant have filed WP before Peshawar High Court Peshawar regarding imposition of different surcharges on electricity bills of consumers to generate revenue.','By filing WP before Peshawar High Court Peshawar petitioner have prayed the court to  direct respondents to allow them relief regarding illegal imposition of surcharges.'),(598,'',29,45,12,101,'','WP No. 3893/14 filed by All Pakistan CNG Association VS FOP & others','','1202','WP No. 3893/14','2015-10-20',1,0,'local','The Appellant have filed WP before Peshawar High Court Peshawar regarding imposition of different surcharges on electricity bills of consumers to generate revenue.','By filing WP before Peshawar High Court Peshawar petitioner have prayed the court to  direct respondents to allow them relief regarding illegal imposition of surcharges.'),(599,'',29,45,12,33,'','WP No. 3889/14 filed by Askari Cement Ltd. VS FOP & others','','1202','WP No. 3889/14','2015-10-20',1,0,'local','The Appellant have filed WP before Peshawar High Court Peshawar regarding imposition of different surcharges on electricity bills of consumers to generate revenue.','By filing WP before Peshawar High Court Peshawar petitioner have prayed the court to  direct respondents to allow them relief regarding illegal imposition of surcharges.'),(600,'',29,45,12,33,'','WP No.3286/14 filed by Cherat Cement Co.Ltd. VS FOP & others','','1202','WP No.3286/14','2015-10-20',1,0,'local','The Appellant have filed WP before Peshawar High Court Peshawar regarding imposition of different surcharges on electricity bills of consumers to generate revenue.','By filing WP before Peshawar High Court Peshawar petitioner have prayed the court to  direct respondents to allow them relief regarding illegal imposition of surcharges.'),(601,'',29,45,12,101,'','WP No. 3884/14 filed by Kohat Cement Co.Ltd. VS FOP & others','','1202','WP No. 3884/14','2015-10-20',1,0,'local','The Appellant have filed WP before Peshawar High Court Peshawar regarding imposition of different surcharges on electricity bills of consumers to generate revenue.','By filing WP before Peshawar High Court Peshawar petitioner have prayed the court to  direct respondents to allow them relief regarding illegal imposition of surcharges.'),(602,'',29,45,12,33,'','WP No. 3883/14 filed by Brightex Industries (Pvt) Ltd. VS FOP & others','','1202','WP No. 3883/14','2015-10-20',1,0,'local','The Appellant have filed WP before Peshawar High Court Peshawar regarding imposition of different surcharges on electricity bills of consumers to generate revenue.','By filing WP before Peshawar High Court Peshawar petitioner have prayed the court to  direct respondents to allow them relief regarding illegal imposition of surcharges.'),(603,'',29,45,12,33,'','WP No. 3881/14 filed by Associated Industries Ltd. VS FOP & others','','1202','WP No. 3881/14','2015-10-20',1,0,'local','The Appellant have filed WP before Peshawar High Court Peshawar regarding imposition of different surcharges on electricity bills of consumers to generate revenue.','By filing WP before Peshawar High Court Peshawar petitioner have prayed the court to  direct respondents to allow them relief regarding illegal imposition of surcharges.'),(604,'',29,45,12,101,'','WP No. 3879/14 filed by Premier Sugar Mills & Distillery Co. Ltd. VS FOP & others','','1202','WP No. 3879/14','2015-10-20',1,0,'local','The Appellant have filed WP before Peshawar High Court Peshawar regarding imposition of different surcharges on electricity bills of consumers to generate revenue.','By filing WP before Peshawar High Court Peshawar petitioner have prayed the court to  direct respondents to allow them relief regarding illegal imposition of surcharges.'),(605,'',29,45,12,33,'','WP No. 915/15 filed by Premier Chip Board  VS FOP & others','','1202','WP No. 915/15','2015-10-20',1,0,'local','The Appellant have filed WP before Peshawar High Court Peshawar regarding imposition of different surcharges on electricity bills of consumers to generate revenue.','By filing WP before Peshawar High Court Peshawar petitioner have prayed the court to  direct respondents to allow them relief regarding illegal imposition of surcharges.'),(606,'',29,45,12,33,'','WP No. 3101-P/2012 filed by M/s Sarhad Iron & Steel Mills (Pvt) Ltd Swabi','','1167','WP No. 3101-P/2012','2015-06-18',1,0,'local','The Appellant have filed WP before Peshawar High Court Peshawar regarding imposition of different surcharges on electricity bills of consumers to generate revenue.','By filing WP before Peshawar High Court Peshawar petitioner have prayed the court to  direct respondents to allow them relief regarding illegal imposition of surcharges.'),(607,'',29,44,2,33,'','WP No. 2477/2015 filed by M/s Chiragh Textile Mills Ltd VS FOP etc;','','1188','WP No. 2477/2015','2015-07-30',1,0,'local','The Appellant have filed WP before Islamabad High Court Islamabad regarding imposition of different surcharges on electricity bills of consumers to generate revenue.','By filing WP before Islamabad High Court Islamabad petitioner have prayed the court to  direct respondents to allow them relief regarding illegal imposition of surcharges.'),(608,'',29,56,1,33,'','WP No. 21991/2015 filed by M/s Itifar Sons VS FOP etc;','','1189','WP No. 21991/2015','2015-08-07',1,0,'local','The Appellant have filed WP before Lahore High Court Lahore regarding imposition of different surcharges on electricity bills of consumers to generate revenue.','By filing WP before Lahore High Court Lahore petitioner have prayed the court to  direct respondents to allow them relief regarding illegal imposition of surcharges.'),(609,'',29,56,1,33,'','WP No. 21793/2015 filed by M/s Shahraj Fabrics VS FOP etc;','','1190','WP No. 21793/2015','2015-08-07',1,0,'local','The Appellant have filed WP before Lahore High Court Lahore regarding imposition of different surcharges on electricity bills of consumers to generate revenue.','By filing WP before Lahore High Court Lahore petitioner have prayed the court to  direct respondents to allow them relief regarding illegal imposition of surcharges.'),(610,'',29,44,2,25,'','W.P No. 1804/2016, GTGI-WK Cholistan Solar Power Project Pvt Ltd (CWCSPPL) VS NEPRA and other','','1283','W.P No. 1804/2016,','2016-05-25',1,0,'local','PPBD requested NTDC to review the feasibility of Project. NTDC intimated CPPA-G that fresh interconnection study is required due to allocation of new coordinates & change of Site of 50MW Solar Project. Petitioner challenged upfront tariff regulations of NEPRA & grid withdrawal letters.','Prayed the court to direct NEPRA to withdraw impugned letters & accept the tariff petition & issue license & not take any adverse action and may not deprived the petitioner from developing the project in QASP.'),(611,'',29,183,1,35,'','Civil Revision No.868/2017 filed by M/s Liberty Power Tech Ltd & others vs FOP etc  Civil Revision No.869/2017 filed by M/s Liberty Power Tech Ltd & others vs FOP etc','','905','Civil Revision No.868/2017','2017-05-25',1,0,'local','For implementation of expert determination, petitioner filed application before trial court seeking return of the plaint (vii 10 applications). Civil judge vide order 18.04.2017 dismissed the said applications.','Prayed the court that Application filed by petitioners may kindly be set aside being illegal, unlawful and without jurisdiction & till pendency of the Civil Revision, operation of impugned order may be suspended.'),(612,'',29,183,1,35,'','Civil Revision No.869/2017 filed by M/s Liberty Power Tech Ltd & others vs FOP etc','','905','Civil Revision No.869/2017','2017-05-25',1,0,'local','For implementation of expert determination, petitioner filed application before trial court seeking return of the plaint (vii 10 applications). Civil judge vide order 18.04.2017 dismissed the said applications.','Prayed the court that Application filed by petitioners may kindly be set aside being illegal, unlawful and without jurisdiction & till pendency of the Civil Revision, operation of impugned order may be suspended.'),(613,'',29,13,2,33,'','Civil Appeal No.969/2017 filed by M/S Royal Textiles Mills Ltd Peshawar Vs M/O W&P & Others against Judgment Of Peshawar High Court dated 07.04.2016 & 19.04.2016','','1202','Civil Appeal No.969/2017','2017-05-02',0,0,'local','The Appellant have filed CA before Supreme Court against Judgment Of Peshawar High Court Dated 07.04.2016 & 19.04.2016 regarding imposition of different surcharges on electricity bills of consumers to generate revenue.','By filing CPLA before apex court petitioner have prayed the court to set aside judgment dated 07.04.2016 & 19.04.2016 and to direct respondents to allow them relief regarding illegal imposition of surcharges.'),(614,'',29,13,2,33,'','Civil Appeal No.969/2017 filed by M/S Royal Textiles Mills Ltd Peshawar Vs M/O W&P & Others against Judgment Of Peshawar High Court dated 07.04.2016 & 19.04.2016','','1202','Civil Appeal No.969/2017','2017-05-02',1,0,'local','The Appellant have filed CA before Supreme Court against Judgment Of Peshawar High Court Dated 07.04.2016 & 19.04.2016 regarding imposition of different surcharges on electricity bills of consumers to generate revenue.','By filing CPLA before apex court petitioner have prayed the court to set aside judgment dated 07.04.2016 & 19.04.2016 and to direct respondents to allow them relief regarding illegal imposition of surcharges.'),(615,'',29,13,2,33,'','Civil Appeal No.971/2017 Filed By M/S Kohat Textile Mills Ltd & Others Vs M/O W&P & Others Against Judgment Of Peshawar High Court Dated 07.04.2016 & 19.04.2016','','1202','Civil Appeal No.971/2017','2017-05-02',1,0,'local','The Appellant have filed CA before Supreme Court against Judgment Of Peshawar High Court Dated 07.04.2016 & 19.04.2016 regarding imposition of different surcharges on electricity bills of consumers to generate revenue.','By filing CPLA before apex court petitioner have prayed the court to set aside judgment dated 07.04.2016 & 19.04.2016 and to direct respondents to allow them relief regarding illegal imposition of surcharges.'),(616,'',29,13,2,33,'','Civil Appeal No.972/2017 filed by A.J Textile Mills Ltd. Vs M/o W&P & others against Judgment of Peshawar High Court dated 07.04.2016 & 19.04.2016','','1202','Civil Appeal No.972/2017','2017-05-02',1,0,'local','The Appellant have filed CA before Supreme Court against Judgment Of Peshawar High Court Dated 07.04.2016 & 19.04.2016 regarding imposition of different surcharges on electricity bills of consumers to generate revenue.','By filing CPLA before apex court petitioner have prayed the court to set aside judgment dated 07.04.2016 & 19.04.2016 and to direct respondents to allow them relief regarding illegal imposition of surcharges.'),(617,'',29,13,2,101,'','Civil Appeal No.973/2017 Filed By Sarhad Textile Mills Ltd Vs M/O W&P & Others Against Judgment Of Peshawar High Court Dated 07.04.2016 & 19.04.2016','','1202','Civil Appeal No.973/2017','2017-05-02',1,0,'local','The Appellant have filed CA before Supreme Court against Judgment Of Peshawar High Court Dated 07.04.2016 & 19.04.2016 regarding imposition of different surcharges on electricity bills of consumers to generate revenue.','By filing CPLA before apex court petitioner have prayed the court to set aside judgment dated 07.04.2016 & 19.04.2016 and to direct respondents to allow them relief regarding illegal imposition of surcharges.'),(618,'',29,13,2,33,'','Civil Appeal No.974/2017 Filed By M/S Syntron Limited Vs M/O W&P & Others Against Judgment Of Peshawar High Court Dated 07.04.2016 & 19.04.2016','','1202','Civil Appeal No.974/2017','2017-05-02',1,0,'local','The Appellant have filed CA before Supreme Court against Judgment Of Peshawar High Court Dated 07.04.2016 & 19.04.2016 regarding imposition of different surcharges on electricity bills of consumers to generate revenue.','By filing CPLA before apex court petitioner have prayed the court to set aside judgment dated 07.04.2016 & 19.04.2016 and to direct respondents to allow them relief regarding illegal imposition of surcharges.'),(619,'',29,13,2,33,'','Civil Appeal No.975/2017 filed by vii. M/s Cherat Cement Co. Ltd & Others Vs M/O W&P & Others against Judgment of Peshawar High Court Dated 07.04.2016 & 19.04.2016','','1202','Civil Appeal No.975/2017','2017-05-02',1,0,'local','The Appellant have filed CA before Supreme Court against Judgment Of Peshawar High Court Dated 07.04.2016 & 19.04.2016 regarding imposition of different surcharges on electricity bills of consumers to generate revenue.','By filing CPLA before apex court petitioner have prayed the court to set aside judgment dated 07.04.2016 & 19.04.2016 and to direct respondents to allow them relief regarding illegal imposition of surcharges.'),(620,'',29,13,2,33,'','Civil Appeal No.976/2017 filed by vii. M/s Cherat Cement Co. Ltd & Others Vs M/O W&P & Others against Judgment of Peshawar High Court Dated 07.04.2016 & 19.04.2016','','1202','Civil Appeal No.976/2017','2017-05-02',1,0,'local','The Appellant have filed CA before Supreme Court against Judgment Of Peshawar High Court Dated 07.04.2016 & 19.04.2016 regarding imposition of different surcharges on electricity bills of consumers to generate revenue.','By filing CPLA before apex court petitioner have prayed the court to set aside judgment dated 07.04.2016 & 19.04.2016 and to direct respondents to allow them relief regarding illegal imposition of surcharges.'),(621,'',29,13,2,33,'','Civil Appeal No.977/2017 filed by M/S Frontier Green Wood Industries (Pvt) Ltd & Others Vs M/O W&P & Others against Judgment Of Peshawar High Court Dated 07.04.2016 & 19.04.2016','','1202','Civil Appeal No.977/2017','2017-05-02',1,0,'local','The Appellant have filed CA before Supreme Court against Judgment Of Peshawar High Court Dated 07.04.2016 & 19.04.2016 regarding imposition of different surcharges on electricity bills of consumers to generate revenue.','By filing CPLA before apex court petitioner have prayed the court to set aside judgment dated 07.04.2016 & 19.04.2016 and to direct respondents to allow them relief regarding illegal imposition of surcharges.'),(622,'',29,184,1,35,'','Civil Revision Titled as M/s Atlas Power etc Vs NTDC etc','','1089','Civil Revision','2017-08-29',1,0,'local','',''),(623,'',29,56,1,35,'','CIVIL REVISION (CR) NO. 57600/2017 FILED BY PPIB VS M/S LIBERTY POWER (TECH) LTD & OTHERS AGAINST JUDGMENT DATED 08-07-2017 IN CIVIL APPEAL NO 1831/2017','','905','CIVIL REVISION (CR) NO. 57600/2017','2017-10-05',1,0,'local','Petitioner has filed petition against CPPA-G/NTDC regarding non payment of pending dues for supply of electricity to respondents.','Petitioners have prayed the Honrable court to direct respondents (CPPA etc) to clear their pending liabilities expeditiously.'),(624,'',29,56,1,35,'','CIVIL REVISION (CR) NO. 57594/2017 FILED BY PPIB VS M/S LIBERTY POWER (TECH) LTD OTHERS AGAINST JUDGMENT DATED 08-07-2017 IN CIVIL APPEAL NO 1833/2017','','905','CIVIL REVISION (CR) NO. 57594/201','2017-10-05',1,0,'local','Petitioner has filed petition against CPPA-G/NTDC regarding non payment of pending dues for supply of electricity to respondents.','Petitioners have prayed the Honrable court to direct respondents (CPPA etc) to clear their pending liabilities expeditiously.'),(625,'',29,56,1,35,'','WP NO.66100/2017 FILED BY M/S ATLAS POWER (LTD) & OTHERS VS PPIB ETC','','1089','WP NO.66100/2017','2017-10-05',1,0,'local','Petitioner has filed petition against CPPA-G/NTDC regarding non payment of pending dues for supply of electricity to respondents.','Petitioners have prayed the Honrable court to direct respondents (CPPA etc) to clear their pending liabilities expeditiously.'),(626,'',29,56,1,35,'','WP NO.66145/2017 FILED BY M/S ATLAS POWER (LTD) & OTHERS VS PPIB ETC','','1089','WP NO.66145/2017','2017-10-05',1,0,'local','Petitioner has filed petition against CPPA-G/NTDC regarding non payment of pending dues for supply of electricity to respondents.','Petitioners have prayed the Honrable court to direct respondents (CPPA etc) to clear their pending liabilities expeditiously.'),(627,'',29,56,1,35,'','Civil Org. No.42813/2017 FILED BY M/S ATLAS POWER (LTD) & OTHERS VS NTDC ETC','','1089','Civil Org. No.42813/2017','2013-10-09',1,0,'local','Petitioner has filed petition against CPPA-G/NTDC regarding non payment of pending dues for supply of electricity to respondents.','Petitioners have prayed the Honrable court to direct respondents (CPPA etc) to clear their pending liabilities expeditiously.'),(628,'',29,44,2,156,'','FILING OF SUIT FOR RECOVERY ALONG WITH INTEREST/MARK-UP/PROFIT BY CPPA-G/NTDC VS K-ELECTRIC LTD','','1508','SUIT FOR RECOVERY','2018-05-30',1,0,'local','As per PPA, K-Electric was bound to make payment of total amount of purchase & sale of electricity to CPPA-G/NTDC against pending liabilities, who failed to clear Rs.83990 million. CPPA/NTDC filed Recovery suit to clear above amount from K-Electric.','CPPA-G etc prayed the court to decide/decree of a sum of Rs.83990 million together with markup profit against  K-Electric.'),(629,'',29,56,1,157,'','COS-227789-2018 FILED BY M/S NISHAT POWER LTD VS NTDC ETC','','1529','COS-227789-2018','2018-09-18',1,0,'local','9 IPPs filed Arbitration before LCIA for release of their payment, which was decided in their favour.','M/s Nishat Power one of the IPP vide WP prayed Lahore High Court to direct NTDC to Implement foreign Award announced by LCIA.'),(630,'',24,44,2,144,'','NTDC ETC VS NEPRA AGAINST ORDER DATED 20.11.2018 PASSED IN REVIEW FILED BY NTDC WHEREIN FINE AMOUNTING TO RS.10 MILLION','','1306','WRIT PETITION NO.258/2019','2019-01-23',1,0,'local','NEPRA  impose fine of Rs.10,000,000/- being delinquent .Earlier NEPRA issued order dated 20-11-2018 whereby NTDC failed to comply with the directions of NEPRA issued vide letter dated 11-09-2015 and committed breach of applicable documents.','Prayed that the impugned fine imposed by NEPRA may be declared illegal ,void and issued in excess the jurisdiction vested in it by law.'),(631,'',24,176,2,144,'','Review Application filed by NTDC against order dated 12.02.2019 in the matter of Show Cause Notice dated 27.02.2018 issued to NTDC for alledged violations of Economic Merit Order.','','1607','Application','2019-02-20',1,0,'local','Reply submitted by NTDC regarding Show Cause Notice dated 28.02.2017 for imposition of fine of Rs.10,000,00/- for late completion of Power Generation Plants was rejected by NEPRA vide order dated 12.02.2019. NTDC was directed to pay the fine within the period of 30 days. Hence Review Application is filed against said order.','It was prayed to NEPRA vide Application to Review its decision of imposing fine in the interest of justice.'),(632,'',32,77,1,159,'','CIVIL SUIT FOR RECOVERY OF RS.1.262 BILLION FILED BY M/S MIDAS PVT LTD VS PEPCO/NTDC ETC','','1571','CIVIL SUIT','2018-11-07',1,0,'local','The Plaintiff M/s Midas (Pvt) Ltd an advertisement company filed Recovery suit before Senior Civil Judge Lahore  of rs.1.62 Billion pending dues against PEPCO and NTDC. Plaintiff also filed for permanent & Mandatory injunction against defendants to not disturb business of the plaintiff.','Prayed that a decree for recovery of Rs.1.62 Billion outstanding against defendants may kindly be passed in favour of the plaintiff.'),(633,'',21,185,133,158,'','Request for Arbitration in RE GAM ARAK IND. Co. (Claimant vs NTDC)','','1408','Arbitration','2017-09-12',1,0,'local','M/s GAM ARAK was awarded work by NTDC for supply, testing & commissioning of in & out for 500KV Guddu-Multan Circuit at R.Y Khan, who failed to complete the work within time limit & violated the terms of contract agreement.','Through Arbitration filed before ICC, contractor prayed the court to decide the matter in their favour as per dispute resolution mechanism.'),(634,'',31,186,1,160,'','Appeal LHR-3340/2010 by Manzoor Ahmad VS NTDC etc;','','400','Appeal LHR-3340/2010','2009-12-05',1,0,'local','Writ Petition was filed against the procedure adopted for calculating seniority and discriminating the petitioner for seniority list prepared by the NTDC.','Prayed that the respondents be directed to consider the seniority as per representation dated 22-12-2006 and promote the petitioner as per law.'),(635,'',31,56,1,6,'','WP No. 25757/2012 by NTDC VS Employees Oldage Benefit Institution','','807','WP No. 25757/2012','2012-12-19',1,0,'local','Writ Petition was filed against the adverse order of Ministry of Human Resource Development for contribution payment of EOBI & registration of employees to avoid recovery proceedings.','Prayed that the order of the compulsory registration and contribution of the department may be set-aside.'),(636,'',31,56,1,161,'','WP No. 7168-13 filed by Syed Abid Hussain, AM (Grids) TSG VS NTDC & others','','792','WP No. 7168-13','2013-06-19',1,0,'local','Writ Petition was filed by the petitioner alleging for promotion on the basis of B.Tech Degree equivalent to B.SC Engineering degree.','Prayed that the  representation of the petitioner be decided in accordance with law.'),(637,'',31,80,1,39,'','Appeal filed by Ahmad Nasar CE VS NTDC','','886','Appeal','2013-04-30',1,0,'local','Officer filed appeal against order dated 30.04.2013 & 03.05.2013 against rejection/dismissal of the application for grant of interim for not considering his request against change of his date of birth and respondents may not issue his premature retirement orders','Appeal may be accepted and respondents be restrained from issuing the premature retirement of the appellant till the final disposal of the suit titled Ahmad Nasar Vs NTDC'),(638,'',31,56,1,162,'','Contempt P No 986-W/2013 in WP No.10381/2011 filed by Mr. Adnan Latif, VS NTDC','','735','Contempt P No 986-W/2013','2013-03-18',1,0,'local','Writ Petition was filed by the petitioner against not considering Medical Fitness certificate of the Hospital referred by the Wapda Hospital Complex. Case was decided in favour of the petitioner. Department was directed to accept him as medically fit and allowed him to join duties, this order was not complied and hence Contempt Petition was filed.','Prayed that the order of honorable Lahore High Court be complied with letter and spirit.'),(639,'',31,56,1,162,'','Intera Court Appeal No. 224/13 by NTDC VS  Adnan Latif','','735','Appeal No. 224/13','2013-05-27',1,0,'local','',''),(640,'',31,56,1,163,'','WP/Crl.Org. No. 13481/13 filed by Mr. Muhammad Kamran Siddiqui, Additional Manager and 6 others','','899','WP/Crl.Org. No. 13481/13','2013-06-25',1,0,'local','NTDC officers have filed W.P against promotion/posting of PEPCO officers in NTDC wherein they have taken stance to direct NTDC not to accept the officers transferred from other entities','Prayed the court to issue stay order against the adjustment of newly promote officers in NTDC'),(641,'',31,187,2,44,'','Case No. 4B (220)/2011 titled case Khalid Mehmood S/o Abbas Khan VS NTDC','','775','Case No. 4B (220)/2011','2013-08-07',1,0,'local','Writ Petition was filed by the employee for giving him equal treatment of House requisition assessment rent as of his colleague living in the same locality of Wah Cantt, equal to Islamabad /Rawalpindi.','Prayed that the discrimination  regarding house requisition allowance be removed in the interest of justice.'),(642,'',31,56,1,164,'','WP No. 24226/13 Muhammad Khalid s/o Mian Muhammad Arif Sub Engineer VS PEPCO, NTDC ETC;','','936','WP No. 24226/13','2014-01-10',1,0,'local','Writ Petition was filed against the act of PEPCO management of not releasing the petitioner in time despite of his allocation in NTDC, thereafter his seniority was adversely affected and he was not considered for promotion afterwards.','Prayed that the respondents be directed to relieve the petitioner from PEPCO forthwith to join NTDC.'),(643,'',31,56,1,165,'','WP No. 32032/13 filed by Lt. Retd Mansoor Ahmad Jafery, Manager Security NTDC for regularization of service.','','952','WP No. 32032/13','2014-01-21',1,0,'local','Writ Petition was filed by the petitioner (Ex-Manager Security)for not regularizing service on completion of one year tenure and against termination of service','Prayed that the service of the petitioner be regularized  in the interest of justice'),(644,'',31,56,1,166,'','WP No. 2860/2016 filed by Lt. Col.  Mansoor Ahmad Jaffery VS NTDC .','','952','WP No. 2860/2016','2016-02-04',1,0,'local','Writ Petition was filed by the petitioner (Ex-Manager Security)for not regularizing service on completion of one year tenure and against termination of service','Prayed that the service of the petitioner be regularized  in the interest of justice'),(645,'',31,44,2,163,'','WP No. 160/2014 filed by Syed Saim Raza VS F.O.P etc;','','943','WP No. 160/2014','2014-04-16',1,0,'local','Writ Petition was filed by the petitioner who joined service as Junior Engineer(Bps-17) despite of his turn he was not considered for promotion and he was not listed in Promotion Board even after lapse of so many years .','Prayed that respondents be directed to entertain departmental representation filed by the petitioner and decide the matter on priority basis.'),(646,'',31,11,1,167,'','Case No. 4B(614)/14-L (LC 66/2013) filed by Arshad Mehmood, Senior Clerk VS NTDC','','894','Case No. 4B(614)/14-L','2014-11-10',1,0,'local','',''),(647,'',31,56,1,5,'','WP No.32314/2014 filed by M/s Kamran Yaseen Khawaja AM (Accounts) Telecom & Muhammad Usman Mufti AAO','','1098','WP No.32314/2014','2015-01-21',1,0,'local','Writ Petition filed by the employee petitioner against the impugned order dated 21-11-2014 whereby petitioner claimed for up gradation of post from Bps-17 to Bps-18 and from Bps-16 to Bps-17 as per policy of the government.','Prayed that the Judgment dated 21-11-2014 of the honorable Court  may please be set aside in the interest of Justice.'),(648,'',31,56,1,168,'','Crl. Original No. 2624-W-2014  in WP No. 24728/2014 by Mr. Ashfaq Ahmad Soomro, DM (CPPA) etc; Vs NTDC etc;','','1095','WP No. 24728/2014','2015-01-12',1,0,'local','Petitioners filed Crl. Org. in WP No. 24728/2014 Against Transfer/posting of PEPCO employees in NTDC, which will deprive the officers from their legitimate right of promotion etc.','Prayed the court to set aside transfer orders & MD PEPCO be restrained to transfer the employees of other companies against vacant posts in NTDC.'),(649,'',31,56,1,169,'','WP No. 33290/2014 filed by Mr. Junaid Dilawar, Manager (Design) VS NTDC & others','','1120','WP No. 33290/2014','2015-02-14',1,0,'local','Representation was filed by the Appellant  to Wafaqi Mohtasib for not considering of the  deceased son for job under C category in employee s son quota by the NTDC, Wafaqi Mohtasib gave adverse finding against NTDC, and being aggrieved NTDC gave representation to the President against revised finding.','Prayed that the adverse finding by Wafaqi Mohtasib dated 19-12-2014 be set-aside being illegal ,unlawful.'),(650,'',31,56,1,5,'','WP No. 6618/2015 by Mr. Tahir Farooq Ex Jr.Engr. VS NTDC','','1112','WP No. 6618/2015','2015-05-13',1,0,'local','Writ Petition was filed by the petitioner working as Junior-Engineer bsp-17  against departmental procedure to not considering for  Time-scale Up gradation from BPS-17 to BPS-18 and move -over in bps-19 despite of various representation moved to Managing Director.','Prayed that the respondents be directed to allow Time-scale up gradation to petitioner into Bps-18 and move over to Bps-19.'),(651,'',31,56,1,169,'','Crl.Org. No. 484/W/2015 in WP NO.27640/2014 by Muhammad Shomail Khan, Manager NTDC VS NTDC','','1144','WP NO.27640/2014','2015-04-13',1,0,'local','Writ Petition was filed against the discriminatory action of NTDC of awarding Time scale up gradation into BPS-20 as admitted fact of Discos. Whereas judgment dated 18-12-2014 case was decided in favour of the petitioners, and respondents were directed to allow same relief of up-gradation to the petitioners. This decision was not complied by the department and hence Cr.org filed before the Lahore High Court Lahore','Prayed that the stance of the petitioner be accepted and respondents be directed to act accordingly in the light of order dated 18-12-2014.'),(652,'',31,56,1,139,'','WP No. 34467 of 2014 filed by Mr. Atif Shahzad, DM and Mr. Saqib Majeeb Additional Director','','1151','WP No. 34467','2015-05-28',1,0,'local','Officers have filed Writ Petition vs PEPCO etc regarding illegal transfer/posting of officers from DISCOs & placing them in NTDC, which will deprive the officers from their legitimate right of promotion etc.','Prayed the court to set aside transfer orders & MD PEPCO be restrained to transfer the employees of other DISCOs against vacant posts in NTDC'),(653,'',31,11,1,170,'','Case No. 4B(346)/2015-L filed by Mr. Liaqat Ali Khan, Security Inspector & others vs NTDC for grant of special allownce Rs. 10,000','','1183','Case No. 4B(346)/2015-L','2016-05-02',1,0,'local','NTDC approved Special qualification allowance for engineers & officers of HR/finance/account  Grade-17 having Master Degree at uniform rate of Rs.10000/- per month The officials having Master Degree have filed grievance petition before NIRC.',''),(654,'',31,177,2,102,'13,84,185.00','Civil Suit filed by NTDC VS Mushahid Ahmad Ex. Assistant regarding theft of NTDC Vehicle No. LEJ 10-1332 (Toyota Corolla-XLI)','','1191','Civil Suit','2015-08-11',1,0,'local','NTDC filed Civil Suit vs Ex. PSO of Minister of W&P for Recovery of an amount of Rs.1348185/- of stolen vehicle as per  market value/cost of vehicle as recommended by Deptt. inquiry committee.','Prayed the learned court to pass order/decree against Ex. official as he was held responsible for loss of NTDC vehicle.'),(655,'',31,11,1,139,'','Petition No. 4B-305/2015-L filed by Mr. Mehmood Ahmad s/o Muhammad Yaqoob Vs NTDC','','1067','Petition No. 4B-305/2015-L','2015-09-14',1,0,'local','Petitioner was transferred from Media & PR Deptt. of NTDC to TSG Center NKLP Lahore. He has filed petition before NIRC against his Transfer/posting.','Prayed the Commission that operation of impugned order 19.08.2015 passed by DG (HR) NTDC to the extent of petitioner may be suspended till the final disposal of the main petition.'),(656,'',31,56,1,171,'','WP No. 32136/2015 filed by Mr. Imtiaz ul Hassan  Bhatti VS Chairman BOD etc NTDC','','1221','WP No. 32136/2015','2015-10-21',1,0,'local','Petitioners filed writ petition to Treat them at par with  Electrical Engrs. Of NTDC etc regarding promotion & other perks and privileges.','Prayed the learned court to direct respondents NTDC etc to follow the merit by treating all engineers of NTDC equally without any discrimination & consider them for promotion & up-gradation at par with electrical engineers.'),(657,'',31,188,19,59,'','WP no. 44-B/2016 filed by Fidaullah Khan Vs Chairman Wapda etc','','1256','WP no. 44-B/2016','2016-02-13',1,0,'local','Petitioner was not considered for appointment as LS having Diploma of DAE & passed test securing good marks & not call for interview.','Prayed the court to direct respondent to call the petitioner for interview & appoint him as LS/Sub Engineer for which he qualified the written test & respondents be restrained to appoint other candidates till final disposal of the writ petition.'),(658,'',31,44,2,5,'','WP No.2083/2016 filed by Muhammad Anwar Ex. Addl. Manager NTDC Vs NTDC','','990','WP No.2083/2016','2016-06-27',1,0,'local','Petitioner was appointed as LS-I & he filed appeal before CEO PEPCO for his appointment as Junior Engineer w.e.f 04.02.1982 instead of 23.09.2003 as he was not considered being 2nd divisioner. Now he filed writ petition.','Prayed the Court to direct respondent PEPCO to appoint him as Junior Engineer like his other colleagues of LS cadre after deciding his pending representation.'),(659,'',31,11,1,48,'','WP No.4B(168)/2016-L filed by Mr. Liaqat Ali Khan Vs NTDC etc','','1160','WP No.4B(168)/2016-L','2016-08-29',1,0,'local','Official was appointed as SI against last pay drawn from PAF. NTDC issued letter dated 27.07.2015 for recovery of irregular excess payment as pointed out by audit. He filed Grievance petition against above recovery.',''),(660,'',31,56,1,173,'','WP No.39209/2015 filed by Dr. Khawaja Riffat Hassan Manager (SP) Vs FOP etc','','1279','WP No.39209/2015','2016-06-08',1,0,'local','WP filed by officer mainly emphasizes upon his induction in BPS-19 w.e.f 12.10.2010 instead of 05.04.2013.','Prayed the court to issue direction to PEPCO etc to grant him benefit for induction as Manager w.e.f 12.10.2010 instead of 05.04.2013.'),(661,'',31,45,12,21,'','WP No. 996-P/2016 Filed by Mr. Zia-ur-Rehman Asstt. Manager (P&I) NTDC VS NTDC','','1261','WP No. 996-P/2016','2016-03-18',1,0,'local','Officer has field petition against his transfer/posting from 220 KV Burhan to 220 KV G/S Mardan.','Prayed the Court to set aside  order 03.03.2016 & till final disposal of main petition the operation of impugned order may kindly be suspended.'),(662,'',31,23,6,174,'','Constitution Petition No.D-809/2017 filed by Mr. Muhammad Yasir Soomro S/o Allah Dino Soomro Vs Federation of Pakistan and others','','1379','Constitution Petition No.D-809/2017','2017-05-08',1,0,'local','Petitioner qualified test in good marks but he was not called for interview regarding appointment as Junior Engineer under NTDC.','Prayed the court to direct respondent to conduct interview as per merit list & also direct NTDC to follow the office memorandum policy dated 16.01.2015 rather than pick & chose policy.'),(663,'',31,56,1,175,'','WP NO.63619/2017 FILED BY MR. MUHAMMAD DILBAR GHOURI ADG (R&CA) VS NTDC ETC','','1410','WP NO.63619/2017','2017-10-04',1,0,'local','Officer has filed writ petition for not promoting him as  DG (HR) as per seniority maintained by NTDC.','Prayed the court to direct NTDC to promote/adjust him as DG & restrain to adjust junior officers promoted by PEPCO against the posts of NTDC.'),(664,'',31,56,1,176,'','WP No.10371 of 2014 filed by Mr. Nisar Akhtar etc vs M/o,W&P / NTDC etc','','1402','WP No.10371','2017-10-10',1,0,'local','NTDC Officers filed petition before the court on account of fixation of their Seniority by PEPCO as per PEPCO order dated 25.07.2006 being valid seniority for nomination of MMC & promotion.','Prayed the court to set aside order dated 02.05.2011 issued by PEPCO and seniority list dated 25.07.2006 already issued be declared to be valid & restrain from disturbing it and during pendency of the petition operation of above order may kindly be suspended.'),(665,'',31,44,2,177,'','WP NO.598/2018 FILED BY MR. MURAD KHAN EX-GM (HV&SC) LAB RAWAT VS GOP/NTDC ETC;','','1463','WP NO.598/2018','2018-03-28',1,0,'local','',''),(666,'',31,44,2,178,'','WP NO.4153/2017 FILED BY MST. FARAH NAZ WD/O LATE SYED SHAHID HUSSAIN SHAH EX. MANAGER TECHNICAL (WPPO) VS FOP ETC','','1511','WP NO.4153/2017','2017-12-11',1,0,'local','Husband of petitioner was employed as Manager (Technical) in WPPO under NTDC and died while in service. She was allowed the benefits of pension and job but lump sum payment of Rs.2.4 million and allotment of Plot were denied by the Deptt.','She has prayed the Honrable Court to issue direction to the respondents to act in accordance with law and allow her all the benefits as per Federal Govt notification dated 04.12.2015 being legal heir of deceased officer.'),(667,'',31,32,9,179,'','CP NO.D-3871/18 FILED BY M/S FOUNDATION WIND ENERGY VS FOP/NTDC ETC','','1471','CP NO.D-3871/18','2018-08-15',1,0,'local','Dispute over Payment of WWF & WPPF between FOP/Province','Prayed the court to issue direction to Federation & Provinces to not raise any demand for recovery of WWF & WPPF till decision of the petition.'),(668,'',31,28,1,180,'','PETITION U/S 12(2) CPC BY NTDC VS SAMINA BILAL AM  (S.S) TO CHALLENGE THE DECISION/DECREE DATED 25.10.2014','','1549','PETITION U/S 12(2)','2018-10-24',1,0,'local','NTDC appointed counsel for filing of petition under 12 (2) CPC to challenge the decision/decree dated 25.10.2014 of Civil Judge Lhr.','Prayed the court to set aside the decision/decree dated 25.07.2014 as respondent concealed the facts of her employment with NTDC & managed to get the decision on flimsy grounds'),(669,'',31,56,1,181,'','WP NO.219741/2018 FILED BY MS. SADAF ZAHARA KAZMI ASSISTANT LEGAL OFFICER NTDC VS FOP/NTDC ETC','','1515','WP NO.219741/2018','2018-10-11',1,0,'local','Writ Petition was filed by the petitioner employee against her office order of induction in BPS-16 in NTDC as previously she was working in BPS-17 in PEPCO. She took a stance that the services of the employee demoted are illegal void ab initio.','Prayed that the Honorable Court may kindly suspend the order of appointment and issue fresh order with the same pay scale that she was taking earlier in PEPCO.'),(670,'',31,56,1,182,'','WP NO.159020/18 FILED BY MUHAMMAD HARIS AKMAL VS NTDC','','1566','WP NO.159020/18','2018-02-14',1,0,'local','Writ Petition was filed by the aggrieved candidate for Manager (Law Directorate) against non-consideration for the appointment even being on merit.','Prayed that Honorable Court may kindly direct the respondents to issue appointment letter in his favour.'),(671,'',31,45,12,5,'','WRIT PETITION NO.5362-P/2018 FILED BY MUHAMMAD ISRAR EX. DY. MANAGER (T/L) VS NTDC ETC','','1589','WRIT PETITION NO.5362-P/2018','2018-11-29',1,0,'local','Mr. Muhammad Israr Ex. Dy. Manager filed writ petition before Peshawar High Court Peshawar against department for not considering him for promotion because of the departmental action against him and for which he has filed appeal against his acquittal that is pending.','Prayed that the action of the department is illegal and honourable court may kindly directed the authorities to grant him notional promotion so that he could get monetary ,pensionery benefits etc.'),(672,'',31,13,2,5,'','CRIMINAL APPEAL NO.141/2019 FILED BY MR. FAIZ UL MANAN STOCK VERIFIER (RETD.) VS WAPDA/NTDC AND OTHERS AGAINST JUDGMENT DATED 29-11-2018 PASSED BY PESHAWAR HIGH COURT PESHAWAR','','1523','CRIMINAL APPEAL NO.141/2019','2019-03-27',1,0,'local','The Appellant filed criminal appeal to set-aside the impugned order of Peshawar High Court in COC No.527-P/2018 in writ petition no 521-P/2015.The Petitioner was retired without perks and benefits of grade 14 whereas his other colleagues were given same benefits.','Prayed the Honrable Court to may kindly set aside the order of Peshawar High Court in the interest of Justice.'),(673,'',31,9,4,5,'','CP NO.D-238/2019 FILED BY SHABBIR ALI SHAH VS FOP/NTDC AND OTHERS','','1626','CP NO.D-238/2019','2019-03-21',1,0,'local','',''),(674,'',31,9,4,5,'','CP NO.D-238/2019 FILED BY SHABBIR ALI SHAH VS FOP/NTDC AND OTHERS','','1626','CP NO.D-238/2019','2019-03-21',1,0,'local','The petitioner appointed junior engineer and then promoted to Executive Engineer during the period he was nominated in FIR with his two colleagues and due to which his promotion into next grade was halt where as his two colleagues were promoted to BPS-20 while he was not considered.','Prayed that the Honrable Court must direct the respondents to treat the petitioner on equally at par with his colleagues and discrimination must be removed to promote him into the next grade.'),(675,'',31,111,12,5,'','SUIT FOR DECLARATION AND PERMANENT MANDATORY INJUNCTION FILED BY MR. TAHIR AHMAD TEST INSPECTOR (P&I) PESHAWAR VS NTDC','','1643','SUIT','2019-04-11',1,0,'local','Suit was filed by the plaintiff on the ground that the plaintiff was appointed as test inspector and later on transferred to NTDC in 2003.Afterwards a seniority list was prepared and his colleagues were included while he was not considered being some technical issues related to qualification.','Prayed that the  Respectable court  to decide/decree suit in favour of plaintiff in interest of justice.'),(676,'',31,44,2,5,'','WP NO.3848/2018 FILED BY MR. ALI GHULAM EX. MANAGER NPCC VS FOP/NTDC','','1652','WP NO.3848/2018','2019-03-04',1,0,'local','Petitioner was allowed Time Scale Up gradation on 14.05.2015 from BPS-18 to BPS-19 w.e.f 15.12.2018, but he was not promoted in BPS-20 till his retirement on 10.06.2015 as Manager','Petitioner has prayed the honrable court to direct Respondent NTDC to include his name in he list of promotion to BPS-20 under promotion board held in Dec, 2015 i.e., after his retirement with all back benefits'),(677,'',31,26,6,7,'','CP NO.D-728/2019 IN CASE TITLED FARHANULLAH VS P.O SINDH AND OTHERS','','1668','CP NO.D-728/2019','2019-05-30',1,0,'local','Petitioners appeared in test conducted by NTS for the post of Junior Engineers and  fulfilled the criteria of merits laid down for appointment, but not considered for appointment under NTDC, whereas the candidates who obtained less marks as compare  with petitioners were appointed. Being aggrieved with the discrimination, they filed the Writ Petition before High Court','Prayed the Honrable Court to direct respondents (NTDC) to consider the case of Petitioners in waiting list as they are eligible and also place the merit list before the court which was issued after interview process'),(678,'',31,56,1,183,'','WP NO.25697 FILED BY ARSALAN SAJJAD S/O MUHAMMAD SAJJAD VS. WAPDA AND OTHERS','','1664','WP NO.25697','2019-05-21',1,0,'local','Petitioner appeared in the test  conducted by NTS for the post of Jr. Engineer and got 84 marks in the written test. He could not secured the desired position according to merit after interview and resultantly was not selected. He made some blatant accusation against NTDC i.e., favoritism and disregard of merit','Prayed the High Court to accept the Writ petition and respondents (NTDC) may be directed to consider the petitioner as eligible candidate for the post of Jr. Engineer in the interest of Justice, equity and fair play'),(679,'',31,56,1,184,'','W.P. NO. 28722 OF 2019 TITLED MUHAMMAD KASHIF JUNAID VS. FOP/NTDC','','1666','W.P. NO. 28722 OF 2019','2019-05-13',1,0,'local','Petitioner qualified written test and interview for the post of Jr. Engineer in NTDC and appointment letter was issued on 26.03.2019. he was found medically unfit due to defect in his right eye. Resultantly, he was not taken on duty. He has filed Writ Petition vs. NTDC before High Court','He has Prayed the Court that the order declaring him unfit may be declared void and set aside and appoint him as a Jr. Engineer in NTDC'),(680,'',31,9,4,183,'','CP NO.D-1618/2019 FILED BY MR. AJAY KUMAR S/O DR. RAMAN MAL VS FOP/NTDC ETC','','1676','CP NO.D-1618/2019','2019-07-10',1,0,'local','Petitioner was not considered for the post of Junior Engineer in NTDC though he secured 80 Marks in NTS Test, whereas appointment letter to other candidates secured for less marks for issued.','By filing the CP against NTDC, he has prayed the court to stay the operation of implementation of the appointment letters to other candidates on Sindh quota (Rural) till the final decision of this petition.'),(681,'',31,56,1,185,'','WP No.16714/2019 filed by Mr. Muhammad Amir Hamid Dy. Manager (S & S) NTDC vs. DM (Course Co-ordinator) attached with GM TSG and others NTDC officers','','1638','WP No.16714/2019','2019-03-21',1,0,'local','',''),(682,'',30,190,94,3,'','CIVIL SUIT FILED BY MR. SAJID RIAZ VS NTDC ETC','','1586','CIVIL SUIT','2019-01-02',1,0,'local','Civil Suit was filed against installation of tower in the land property of the plaintiff  without seeking his permission for construction of  220 kv T/L Terbela Burhan T/L .','Prayed that Stay Order may be granted against the defendants to not encroach over the land  and the towers location be changed in the interest of justice.'),(683,'',30,188,19,186,'','WRIT PETITION NO.1114-B/2018 TITLED MUHAMMAD HAYAT KHAN VS. CHAIRMAN WAPDA AND OTHERS','','1590','WRIT PETITION NO.1114-B/2018','2019-01-20',1,0,'local','Civil Suit was filed against installation of tower no.325 being erected at the  land property of the plaintiff  that is situated at Mouza Nar Muhammad Ayaz Khan Tehsil Kakki, District Bannu without seeking his permission for construction of  220 kv T/L District Shangla Basham','Prayed that the impugned order passed by the Executive Engineer Bannu may kindly be set aside whereby he returned the case on account of having no jurisdiction over the issue.'),(684,'',30,192,78,3,'','SYED ABID HUSSAIN HAMDANI AND MUHAMMAD RAZZAQ KHAN LAND OWNERS VS NTDC AGAINST CONST. OF TOWERS NO.10 & 11 OF 132KV DC/TL FROM 147MW PATRIND HPP TO 132KV G/S RAMPURA MUZAFFARABAD','','1604','CIVIL SUIT','2019-02-18',1,0,'local','Civil Suit was filed by the land owners against erecting of towers No.10 & 11 on the land of the plaintiff for construction of 132 KV D/C ,TL from 147 MW Patrind HPP to 132 KV G/S Rampura Muzaffarabad.','Prayed that the Honrable court may direct the defendants to issue directions to pay compensation as paid to the other land owners.'),(685,'',30,193,141,3,'','CIVIL SUIT FILED BY MR. SHAHID JAHANGIR LAND OWNER VS WAPDA/NTDC AND OTHERS REGARDING 500KV HIGH TENSION T/L NEELUM-JHELUM HPP, PHASE-II (LOT-II).','','1613','CIVIL SUIT','2019-02-27',1,0,'local','Civil Suit was filed  for declaration /Injunctive order before Civil Judge 1st Class-cum Judicial Magistrate, Sohawa District Jehlum by the land owners for installation of tower no 53 & 54 of 500 kv High Tension T/L Neelum Jhelum HPP, Phase-II (LOT-II)  in the land of the petitioner.','Prayed that Injunctive order may be granted against the defendants to not encroach over the land  and the towers location be changed in the interest of justice.'),(686,'',30,144,92,3,'','APPEAL FILED BY MR. MUSHTAQ HUSSAIN AND OTHER LAND OWNERS VS MR. ABID HUSSAIN/NTDC AND OTHERS AGAINST JUDGMENT OF DSJ SUDHNUTI (PALANDRI) AJK','','1608','APPEAL','2019-03-14',1,0,'local','Suit filed by appellants against installation of towers at his suit property of 500KV T/L Neelum Jehlum was decided/decreed on 31.10.2018 in f/o NTDC. Their appeal before ADJ was also decided in f/o NTDC on 08.03.2019. Now they have filed appeal before High Court of AJK Circuit court Rawalakot against the impugn order of Distt. Court','Through the appeal land owners have requested to set aside order of Civil/Distt. Courts and passed an appropriate order directing respondents to make sure compensation of their effected land'),(687,'',30,194,113,3,'','CIVIL SUIT FILED BY MUHAMMAD RAFIQUE LAND OWNER VS MUHAMMAD ASIF CONTRACTOR AND OTHERS AGAINST CONST. OF TOWER NO.06 OF 132KV PATRIND T/L FROM 147MW PATRIND HPP TO 220KV MANSEHRA NEW G/S','','1653','CIVIL SUIT','2019-04-29',1,0,'local','Civil Suit was filed against erecting of towers No.6 of 132 Kv on the land of the plaintiff for construction of 132 kv T/L for dispersal of electricity from  147 MW Patrind HPP to 220 kv Mansehra New G/S .','Prayed that Injunctive order may be granted against the defendants to not encroach over the land  and the towers location be changed in the interest of justice.'),(688,'',30,195,143,3,'','SUIT FOR ISSUANCE OF DECREE/DECLARATION AND INJUNCTIVE ORDER FILED BY MR. UMAR ZAMAN S/O AMEER DAD LAND OWNER VS WAPDA/NTDC ETC AGAINST 220 KV T/L (ALLAI KHWAR-MANSEHRA)','','1657','SUIT','2019-05-08',1,0,'local','Civil Suit was filed by the plaintiff against installation and construction work  of heavy transmission line 220 KV Dubair-Khankhanwer Alli Khwar-Mansehra in KPK in the land of the plaintiff without NOC and acquiring land .',''),(689,'',30,45,12,3,'','WP NO. 6580/2018 FILED BY HAJI TELA BAZ & OTHER LAND OWNERS VS GOP ETC','','1670','WP NO. 6580/2018','2019-05-07',1,0,'local','Right of way case mainly relates to TESCO. NTDC is also impleaded party in the Writ Petition, but no direct relief is required from company to the plaintiff as NTDC is not dealing with cases of 132KV G/S','Plaintiff Prayed the Court to direct respondents (TESCO) to pay compensation (due and proper) for the land acquired for construction of 132KV G/S at Tehsil Jamrod KPK'),(690,'',30,196,84,187,'','CASE FILED BY MUNICIPAL CORPORATION COOPERATIVE HOUSING SOCIETY LIMITED VS WAPDA/NTDC','','275','CASE','2019-05-25',1,13500000,'local','Plaintiff purchased land for development of a Housing Society to provide residential plots to its member in Distt. Rawalpindi. They previously filed cases/representation before different forums against high power 500 KV T/L (Brotha-Rawat) passing over their Suit property for compensation Vs WAPDA/NTDC. Fresh case filed by the M/s Municipal Corporation Vs NTDC against above T/L before Addl. Dy. Commissioner (Revenue) Rawalpindi.','Prayed the Addl. DC (Rev) to pass an appropriate order in favour of plaintiff and against NTDC to make payment of compensation against installation of towers at their land.'),(691,'',30,197,145,3,'','CIVIL APPEAL FILED BY MUHAMMAD MAROOF KHAN S/O SHAHDAD KHAN VS NTDC ETC AGAINST JUDGMENT DATED 07.03.2019 PASSED BY CIVIL JUDGE DHEERKOT AJ&K','','1317','CIVIL APPEAL','2019-06-29',1,0,'local','Appellant filed an appeal against NTDC before District Judge Dheerkot AJK against order passed by Civil Judge Dheerkot for rejecting his claim for stay order/payment of compensation.','Prayed the Honrble Court to set aside the order of Civil Court dated 07.03.2019 and pass order in his favour for his compensation of land and against respondent NTDC.'),(692,'',30,194,113,3,'','CIVIL SUIT FILED BY MUHAMMAD IQBAL QURESHI LAND OWNER VS MUHAMMAD RIAZ AND OTHERS AGAINST CONST. OF TOWER NO.P-16 OF 132KV PATRIND T/L FROM 147MW PATRIND HPP TO 220KV MANSEHRA NEW G/S','','1673','CIVIL SUIT','2019-05-25',1,0,'local','Plaintiff filed Civil Suit for permanent injunction against Mr. Riaz and others and also impleaded NTDC as party against installation of Towers of T/L in his suit property.','Prayed the Civil Court to restrain respondent 1 to 5 to interferer in the matter of petitioner and also restrain NTDC from issuing cheques for compensation to other respondents.'),(693,'',30,198,141,3,'','CIVIL SUIT FILED BY MR. MUHAMMAD HANEEF S/O KARAM HUSSAIN LAND OWNER VS NTDC ETC','','1675','CIVIL SUIT','2019-07-05',1,0,'local','Plaintiff filed civil suit vs. NTDC etc against construction work of 500KV D/C T/L Project Neelum Jehlum Phase-II between Tower No. 22-23','Prayed the court to issue injunctive order against the said work and pay the compensation to the plaintiff as per rate of market value'),(694,'',30,199,53,3,'','CIVIL SUIT FILED BY MR. NAEEM SHAH S/O AMEER SHAH LAND OWNER VS NTDC ETC','','1683','CIVIL SUIT','2019-07-02',1,0,'local','',''),(695,'',30,198,141,3,'','CIVIL SUIT FILED BY MR. MUHAMMAD MASOOD S/O MUHAMMAD INAYT LAND OWNER VS NTDC ETC','','1684','CIVIL SUIT','2019-07-09',1,0,'local','',''),(696,'',30,198,141,3,'','CIVIL SUIT FILED BY MR. RAJA RAB NAWAZ KHAN S/O HUKAM KHAN LAND OWNER VS NTDC ETC BEFORE','','1687','CIVIL SUIT','2019-07-20',1,0,'local','',''),(697,'',30,200,141,3,'','APPEAL FILED BY MR. RAJA RAB NAWAZ KHAN S/O HUKAM KHAN LAND OWNER VS NTDC ETC AGAINST ORDER DATED 06.07.2019 BY CIVIL JUDGE 1ST CLASS JEHLUM.','','1687','APPEAL','2019-07-18',1,0,'local','',''),(698,'',6,201,149,69,'','FIR No. 427/2012 regarding theft of tower braces against M/s Abid and Muhammad Pathan s/o Abdul Ghafoor','','809','FIR No. 427/2012','2012-12-28',1,0,'local','FIR was lodged against theft of material from different towers  220 Kv T/L Multan region, culprits were acquitted during the trial, being aggrieved with this NTDC filed Appeal before Lahore High Court Multan bench.','Prayed that the impugned judgment dated 20-09-2017 by the Court of Magistrate may be declared illegal, unlawful.'),(699,'',6,202,11,69,'','FIR 278/12 lodged by NTDC VS thieves Namely Mr. Fida Hussain s/o Sarwar and Muhammad Iqbal s/o Jan Muhammad','','809','FIR 278/12','2013-05-21',1,0,'local','FIR was lodged against theft of material from different towers  220 Kv T/L Multan region, culprits were acquitted during the trial, being aggrieved with this NTDC filed Appeal before Lahore High Court Multan bench.','Prayed that the impugned judgment dated 20-09-2017 by the Court of Magistrate may be declared illegal, unlawful.'),(700,'',6,37,3,59,'','WP No.6202/2013 filed by Syed Muhammad Abbas Raza Vs NTDC etc','','896','WP No.6202/2013','2014-12-10',1,0,'local','Filed writ petition by the petitioners challenging the recruitment process against different cadres','Prayed that the recruitment process against different cadres is based on favoritism and nepotism therefore be declared illegal unlawful.'),(701,'',6,37,3,59,'','Crl. Org. No.525-W-17 in WP No.6202-13 filed by Syed Muhammad Abbas Raza vs NTDC','','896','WP No.6202-13','2017-05-25',1,0,'local','Filed Crl. Org. in writ petition by the petitioners challenging the recruitment process against different cadres','Prayed that the respondent be directed to act upon  the directions passed by Honorable Court vide order dated 29-05-2013'),(702,'',6,37,3,59,'','WP No.7486/2013 filed by Mr. Taimoor Ghaffar Vs NTDC etc','','1227','WP No.7486/2013','2015-12-07',1,0,'local','Filed writ petition by the petitioners challenging the recruitment process against Sub-Station Attendant under Employees Son Quota.','Prayed that the recruitment process against Sub-station Attendant  is based on favoritism and nepotism therefore interim Injunction may be granted to suspend the order passed to other candidate.'),(703,'',6,37,3,59,'','WP No.7485/2013 filed by Ghulam Murtaza Vs NTDC','','1239','WP No.7485/2013','2015-12-22',1,0,'local','Petitioner was not considered for appointment under employees children quota. He has filed WP vs NTDC for interference of court for employment.','Prayed the court to passed direction for NTDC to appoint the petitioner under employee children quota as he deserve for this favour.'),(704,'',6,37,3,5,'','CRL. Org. No. 440-W/16 in WP No. 16043-15 filed by Mr. Muhammad Younas LM-II VS NTDC etc','','1240','WP No. 16043-15','2016-04-14',1,0,'local','Petitioner was not considered for Promotion as LM-I. He has filed writ petition vs NTDC seeking interference of court for his promotion to the next rank.','Prayed the court to passed direction to respondent (NTDC) to promote him expeditiously as he fulfils criteria of promotion.'),(705,'',6,201,149,69,'','Suit under FIR No. 351/12 for theft of Braces at 500 kv T/L Sub Divn. Rajanpur VS Perian Deta & Javeed Thieves','','851','FIR No. 351/12','2012-06-29',1,0,'local','Some tower braces were stolen by thieves namely Perian Deta & Javed Thieves & FIR No.351/12 was lodged.','Prayed the court to decide the matter against culprits for recovery of stolen material & announced appropriate sentence to the involved person.'),(706,'',6,203,3,188,'','FIR No. 227/12, Police Station Umer Kot District Rajanpur on account of sabotage activity on Tower No. 217 GM-1','','1171','FIR No. 227/12','2015-06-24',1,0,'local','FIR was lodged in Police Station Umer Kot District Rajanpur on account of sabotage activity on Tower No. 217 GM-1.','Prayed the court to adjudicate the case and award exemplary punishment to the accuseds.'),(707,'',6,37,3,121,'','WP No. 17639/14 filed by Sheikh Mehmood Ahmad Vs WAPDA/NTDC','','1219','WP No. 17639/14','2015-11-09',1,0,'local','Writ Petition was filed for collection of compensation amount in lieu of damages to the crops beard by the Petitioner regarding Erection of Tower in the Petitioners land.','Prayed for recovery of compensation amount and  damages sustained to the petitioner because of towers were erected for transmission line to Guddu Power House .'),(708,'',6,49,17,189,'','Filing of suit for declaration regarding demolishing the bricks Kilns illegaly constructed under 500 KV transmission lines','','1299','suit','2016-08-04',1,0,'local','NTDC filed suit for declaration vs Owners of Brick Kilns regarding demolishing the bricks Kilns illegally constructed under 50 KV transmission lines, who failed to comply the orders/warnings of NTDC officers.','Prayed the court to adjudicate the suit & pass order against the criminal mafia to demolish their brick kilns & to secure the national assets.'),(709,'',6,37,3,59,'','WP No.11497/2015 Filed By Muhammad Salman S/O Muhammad Ramzan Vs Ntdc Regarding Recruitment','','1136','WP No.11497/2015','2017-03-27',1,0,'local','Filed writ petition by the petitioners challenging the recruitment process against different cadres, and claimed Stay against orders of recruitment.','Prayed that the recruitment process based on publication dated 29-03-2015 against different cadres  be declared illegal unlawful and record of the whole recruitment process may be summoned.'),(710,'',6,10,3,190,'','CMs NO.123 & 103/18 IN LR-44/2018 FILED BY MST. NASREEN AKHTAR WD/O LATE NOOR SAMAD (EX SR. CLERK) VS NTDC ETC AGAINST ORDER DATED 07.06.2018 OF LABOUR COURT NO.9 MULTAN','','1343','CMs NO.123 & 103/18 IN LR-44/2018','2019-02-11',1,0,'local','Mr. Noor Samad ex senior clerk of GSO Region Multan was terminated from service due to willful absence from duty, afterwards he passed away. His widow filed first application for  payment of delayed wages  before  Commissioner workmen that was dismissed later she filed appeal that was also dismissed now the CM s filed.','Prayed the Honrable court for payment of the delayed wages in the interest of justice.'),(711,'',6,204,1,11,'','APPEAL NO. 12(182)/2018-M FILED BY MUHAMMAD YASIN VS NTDC AGAINST ORDER DATED 16.10.2018 PASSED BY SINGLE BENCH NIRC MULTAN','','1460','APPEAL NO. 12(182)/2018-M','2019-02-27',1,0,'local','Mr. Muhammad Yasin filed petition before NIRC on account of dismissal from service because of absence from duty. The same was decided in favour of NTDC and subsequently he filed Appeal. This Appeal again dismissed and he filed petition before NIRC for setting aside order of the Appeal','Prayed that the order dated 14-07-2014 and 29-12-2017 may kindly be set aside and he may be re-instated in service with all back benefits.'),(712,'',6,205,3,191,'','NOTICE against Property No.1550 FOR RECOVERY OF HOUSE TAX OF (GSO) HOUSE OFFICE BUILDING MULTAN CANTT ISSUED BY CANTONMENT BOARD  MULTAN VS NTDC AND OTHERS','','1611','NOTICE against Property No.1550','2019-02-04',1,0,'local','Recovery Notice was served by Cantonment Board Multan  to NTDC and directed to pay Rs.3049242/-  as pending taxes against Office Building GSO of Chief Engineer North NTDC Multan .','Prayed that the Honrable court to may set aside the impugned notice against NTDC.'),(713,'',6,205,3,191,'','NOTICE against Property No.1551 FOR RECOVERY OF HOUSE TAX OF (GSO) HOUSE OFFICE BUILDING MULTAN CANTT ISSUED BY CANTONMENT BOARD  MULTAN VS NTDC AND OTHERS','','1611','NOTICE against Property No.1551','2019-02-04',1,0,'local','Recovery Notice was served by Cantonment Board Multan  to NTDC and directed to pay Rs.3049242/-  as pending taxes against Office Building GSO of Chief Engineer North NTDC Multan .','Prayed that the Honrable court to may set aside the impugned notice against NTDC.'),(714,'',6,206,3,59,'','ICA NO.335/2019 IN WP NO.13851/2016 FILED BY NTDC VS MUHAMMAD ZAHID AZIZ AGAINST DECISION DATED 23.05.2019 PASSED IN BY LAHORE HIGH COURT MULTAN BENCH','','1336','WP NO.13851/2016','2019-07-08',1,0,'local','',''),(715,'',5,208,156,192,'','SUIT FOR SPECIFIC PERFORMANCE OF VERBAL AGREEMENT DATED 11.11.2008 FILED BY MR. MUHAMMAD ZAMAN S/O MUHAMMAD AKBAR VS NTDC ETC','','1473','SUIT','2018-03-29',1,0,'local','Civil Suit was filed by the residents of 220 Kv G/S Loralai regarding verbal commitment of  appointment  of employment against posts of Class-IV.','Prayed that children of residents of 220 KV G/S Loralai be considered for appointment on priority basis as promised.'),(716,'',9,210,4,3,'','REPRESENTATION ON BEHALF OF NTDC PURSUANT TO ORDER OF HIGH COURT OF SINDH HYDERABAD DATED 03.05.2018 IN CP NO.D-2169/2017 FILED BY RIAZ ALI CHANDIO S/O MEHBOOB ALI SHANDIO VS FOP/NTDC','','1380','REPRESENTATION','2019-03-18',1,0,'local','EHV NTDC offered lawful compensation regarding erection of tower of 220 KV T/L-Jhimpir New-TMK road G/S, but he denied and filed Suit before Civil Judge Hyd, which was decided on 31.05.2017 in f/o NTDC. His CP No.D-2169/2017 was disposed of as not pressed with the direction to Dy. Commissioner Hyd to pass an appropriate order preferably within a period of 45 days after affording an opportunity to the petitioner. Therefore land owner filed reference.','Applicant filed reference before DC Hyderabad in the light of High Court Judgment for seeking compensation of his land as per market rate.'),(717,'',2,57,2,58,'','CIVIL SUIT FOR DECLARATION/ DECREE FILED BY M/S SHAH AND SONS ENGINEER AND CONTRACTOR PESHAWAR VS NTDC','','1632','CIVIL SUIT','2019-03-18',1,0,'local','Civil Suit was filed by the plaintiff against show Cause Notice served to the Contractors (Plaintiff )for inordinate Delay in work and for Sub standard work done. Resultantly their due payments were withheld and being aggrieved plaintiff filed civil suit.','Prayed the Learned Court that declaratory decree may kindly be granted in their favour and against the department with Cost alongwith application for issuance of temporary injunctions for suspension of all Notices till the decision of the suit.'),(718,'',11,211,9,11,'','Appeal No. 06(K)CS)/2016 filed by Ashraf Ali Sheikh Ex-JSK VS NTDC etc','','241','Appeal','2016-06-07',1,0,'local','Enquiry Committee awarded punishment to employee of recovery Rs.135336.06/-on involvement  /negligence in theft of   material in Ware house Jamshoro Being aggrieved with the order Petitioner filed Writ Petition before Punjab Labour Court-Hyderabad the Learned Labour Court vide order dated 07-08-2007 decided the matter in favour of NTDC. Being aggrieved with the decision of Labour Court petitioner filed Appeal before High Court of Sindh.','prayed that the order dated 07-08-2007 passed by Labour Court Hyderabad may please declare illegal having issue without jurisdiction and appellant may be restored in Service with back-benefits.'),(719,'',17,56,1,88,'','NTDC Vs Province of Punjab etc against Show Cause Notice regarding Impugned Demand of Sales Tax on Services amounting Rs.2700 Million','','888','Writ Petition No.59673','2017-08-11',1,0,'local','NTDCL filed writ petition through which it has been challenged that the notice of recovery issued by PRA to NTDCL is being issued without jurisdiction because NTDCL is already paying its due taxes to the FBR. therefore PRA has no authority to issue notices to Federal company which is already submitting jurisdiction of FBR.','Prayed that the PRA Authorities may kindly be restrained to issue notice of recoveries to NTDCL .'),(720,'',30,194,113,3,'','SHAHID ZAMAN & BADAR ZAMAN LAND OWNERS ETC VS ANWAR KHAN NTDC','','1585','CIVIL SUIT','2018-12-26',1,0,'local','Civil Suit was filed by the land owners Shahid Zaman & others against construction of tower no 5P,6P,of 132 kv D/C ,TL from 147 MW Patrind HPP to 220 KV Mansehra new Grid Station.','Prayed that the Honrable Court may issue stay order against respondents for installation of the tower at the suit property and cutting of Grass/tress.'),(721,'',30,191,84,3,'','FILING OF PETITION FOR TRANSFER OF EXECUTION PETITION OF GHULAM YOUNAS LAND OWNER FROM ONE COURT TO OTHER COURT OF SENIOR CIVIL JUDGE RAWALPINDI','','228-II','PETITION','2018-01-18',1,0,'local','Petition was filed for transfer of execution petition of Ghulam Younas Land Owner from one court to other court of senior Civil Rawalpindi to consolidator the Execution petition filed pursuant to the same judgment and decree before District Judge Rawalpindi','Prayed the Honrable court to direct the authorities to consolidate the execution petition to avoid delay in process.'),(722,'',8,56,1,3,'','Filing of Civil Revision against judgment dated 24.10.2016 of Civil Judge 1 class Faisalabad & dismissal of NTDC appeal','','288','Civil Revision','2015-09-22',1,0,'local','Civil Suit was filed for compensation of the land for installation of Span Towers in connection with construction of 500kv Gatti Muzafargargh transmission line, Petitioner claimed the compensation to market price and re assessment of the site for this purpose.','Prayed that the compensation be made according to the market value of the land price, and strict action be taken against defendants acting otherwise the direction of court.'),(723,'',8,116,63,3,'','Civil suit filed by Mr. Muhammad Waris S/o Zardad etc land owners vs NTDC','','1174','Civil suit','2015-07-07',1,0,'local','Land owner filed Writ Petition No.804-A/2015 against Wapda/NTDC against construction work of high tension T/L which was decided in favor of NTDC on 11.11.2015. Appellant has challenged the adverse order of high court by way of filing civil petition for leave to appeal','Prayed the apex court to set aside the order dated 11.11.2015 of high court and direct respondent to make payment of compensation of the effected land'),(724,'',8,132,49,3,'','Syed Mansoor Haider Shah land owner Vs NTDC etc','','190','TRANSFER OF DECREE','2016-01-20',1,0,'local','Recovery suit filed against Ex-officer was decided/decreed in favor of NTDC on 15.10.2009. NTDC filed execution petition before Civil Judge Multan, but was not implemented due to non-availability of property of judgment debtor at Multan. As per advice of NTDC counsel cases transferred to Sadiqabad where property of judgment debtors were reported','Prayed the Honrable Court to execute the decree in favor of decree holder in order to recover its dues from the Judgment debtors'),(725,'',8,212,79,3,'','Mirza Hamid Baig, Mushtaq Ahmad & Javaid Iqbal Land Owners Vs NTDC','','850','3 No. References','2014-05-23',1,384175500,'local','Writ Petition filed by the land owners in relating to acquired land for construction of 765/500 Kv grid station Pattoki, land owners  filed Reference to challenge the Award in assessment the land price  and received payment under protest  being aggrieved with the award.','Prayed that the respondents be restrained from interfering into peaceful ownership of the possession of the petitioners land.'),(726,'',8,163,111,3,'','MR. GHULAM ABBAS S/O BARKHARDAR LAND OWNERS ETC VS PROVINCE OF PUNJAB/NTDC ETC','','1384','REFERENCE','2018-06-26',1,0,'local','Plaintiff filed ref. for compensation of his land acquired by NTDC for construction of 500KV/220KV G/S at Chak No.201 at Distt. Chiniote.','Prayed the learned court to consider ref. and respondent may be directed to pay compensation as per market value i.e. Rs.5000000/- per Acre.'),(727,'',8,167,78,3,'','CIVIL SUIT FOR INJUNCTIVE ORDER & PAYMENT OF COMPENSATION FILED BY MR. MUHAMMAD HANIF KHAN LAND OWNER ETC VS SHAH ZAMAN/NTDC ETC','','1543','CIVIL SUIT','2018-08-20',1,0,'local','Civil Suit was filed against acquiring of land and erecting electric poles for construction of 132 KV D/C TL from 147 MW Patrind HPP to 220 Kv 220 Kv Mansehra new G/S.','Prayed that the defendants be restrained by granting Stay Order by doing any act on the land of the plaintiff and due compensation be paid to the land owners.'),(728,'',8,131,79,3,'','MR. ABDUL SATTAR S/O SARAJ DIN ETC LAND OWNERS VS WAPDA ETC REGARDING CONST. OF 500KV D/C T/L FROM 1200 MEGA WATT BALLOKI POWER PLANT TO 500 KV NEW LAHORE G/S','','1552','DECLARATION','2018-10-15',1,0,'local','Civil Suit with declarative and injunctive order was filed by  Mr. Abdul Sattar  against erecting of towers on the land of the plaintiff for construction of 500 KV Quad Bundle D/C T/L on Drake Conductors from 1200 MW Balloki Power plant to 500 Kv Lahore South G/S.','Prayed that Stay Order may be granted to restrained the defendants from erecting towers and poles.'),(729,'',8,170,94,3,'','MR. ABDUL ASGHAR LAND OWNER VS NTDC ETC','','1442','APPEAL','2018-11-15',1,0,'local','Civil suit was filed by the land owner against installation of tower no.101,102 for the T/L of 220 Kv Terbela -Burhan which is passing over the suit property. Case was dismissed with the direction to approach Dy. Commissioner. Being aggrieved plaintiff filed Appeal against order dated 22-10-2018.','Prayed that the impugned order dated 22-10-2018 may kindly be set-aside and an opportunity of presenting evidence be given to the Appellant.'),(730,'',8,56,1,193,'','WP NO.252016 OF 2018 FILED BY M/S MUGHALS PAKISTAN PVT. LTD. AND OTHERS VS LESCO/NTDC AND OTHERS','','1625','WP NO.252016','2019-03-14',1,0,'local','The Petitioners M/S Mughals Pakistan Pvt Ltd filed writ petition before Lahore High Court Lahore against installation of tower high tension transmission lines in the suit property without NOC and fulfilling other requirements by the NTDC/LESCO.','Prayed that the respondents  may be restrained from interfering into the land of the petitioners  and an injunctive order may kindly be passed with declaration against installation of the disputed transmission lines.'),(731,'',1,5,3,5,'','Case No. 4B(247)/2018-L filed by Mr. Ghafoor Hussain, Telecom Mechanic VS NTDCL','','589','Case No. 4B(247)/2018-L','2014-04-24',1,0,'local','The official filed case before FST for grant of selection grade BPS-16 alongwith other benefits, which were not allowed to him by the department, for which he is entitled.','Prayed the Commission to pass order in his favour and against respondent (NTDC) to grant him selection scale.'),(732,'',11,213,2,92,'','COMPLAINT FILED BY MS. MADIHA GOHAR W/O OF MR. MUHAMMAD ZUBAIR SALEEM EX. DEPUTY MANAGER WAREHOUSE NTDC MULTAN FOR GRANT OF FAMILY PENSION VS NTDC','','1636','COMPLAINT','2019-03-07',1,0,'local','The officer disappeared from official duty w.e.f 01.02.2018 without any intimation or approval. Due to willful absence, he was awarded the Major Penalty of Removal from Service by GM (P&CM) NTDC vide order dated 02.08.2018. Now his wife has filed Application against NTDC before Chairman Commission of Inquiry on Enforced Disappearances Islamabad.','Wife of the Ex. Officer has requested the Commission for recovery of her missing husband and further to direct NTDC for restoration of salary etc. Matter was fixed on 07.03.2019.'),(733,'',8,116,63,122,'','Civil Suit for declaration etc; filed by Mr. Sher Muhammad s/o Fareed land owners etc VS Chairman WAPDA etc;','','1201','Civil Suit','2015-08-01',1,0,'local','Suit for injunction to order the defendants to shift the high tension T/L going to pass over the houses/properties of the plaintiffs to original proposed route already surveyed by the company','Prayed the learned court that respondents be restrained from installing high tension T/L over the houses and property of the petitioner till final adjudication of this suit'),(734,'',24,176,2,144,'','To contest the Show Cause Notice Dated 06.05.2019 issued by NEPRA Islamabad for imposing for fine on NTDC amounting to One Hundred Million Rupees (100,000,000)','','1667','Show Cause Notice','2019-06-05',1,0,'local','NEPRA issued Show Cause Notice dated 06.05.2019 under Rule 4(8) & (9) of the NEPRA (Fines) Rules-2002 and asked NTDC to show cause against imposition of fine of                     Rs. 100,000,000 for allegedly violating the provisions of law arising out of grid code, 2015 and to ensure minimum cost generation despatch','NTDC approached NEPRA authorities to withdraw the impugn show cause notice and revisit the proposed fine imposed upon company'),(735,'',8,136,84,3,'','FILING OF APPLICATION BEFORE EXECUTING COURT FOR MODIFYING & CLARIFYING ORDERS DATED 30.10.2018 IN THE CASE TITLED IMAM DIN & SARDAR KHAN LAND OWNERS ETC VS NTDC ETC','','384','APPLICATION','1970-01-01',1,0,'local','Wapda acquired land for construction of 220/500KV G/S Rawat near Islamabad during 1988 and compensation was paid to the land owners. Some land owners filed reference before civil judge Rawalpindi for enhancement of cost of land, which was decided in their favor on 22.09.1992. Execution petition filed by Mr. Imam Din & Sardar Khan for implementation of court order is pending before Senior Civil Judge Rawalpindi','Prayed the court to pass an appropriate order for implementation of judgment/decree and payment of enhanced compensation with entrust.'),(736,'',11,56,1,29,'','WP NO. 47854/2019 FILED BY M/S ASIF & SONS VS. NTDC','','1706','WP NO. 47854/2019','2019-09-12',1,0,'local','',''),(737,'',30,214,53,3,'','REFERENCE AGAINST AWARD NO.77/LACP DATED:17.01.2017 FILED BY MR. MUHAMMAD RAFIQUE LAND OWNER VS NTDC ADDITIONAL DISTT. & SESSION JUDGE-I NOWSHEHRA.','','1693','AWARD NO.77/LACP','2019-07-15',1,0,'local','',''),(738,'',30,215,141,194,'','APPEAL FILED BY WAJID MEHMOOD VS. NTDC AGAINST ORDER DATED: 12.07.2019 PASSED BY CIVIL JUDGE 1ST CLASS JHELUM','','1681','APPEAL','2019-09-17',1,0,'local','',''),(739,'',30,198,141,3,'','CIVIL SUIT FILED BY MR. MUHAMMAD MASOOD S/O MUHAMMAD INAYT LAND OWNER VS NTDC ETC','','1684','CIVIL SUIT','2019-07-09',1,0,'local','',''),(740,'',30,198,141,3,'','CONTEMPT APPLICATION FILED BY MR. WAJID MEHMOOD S/O MUHAMMAD AZAM LAND OWNER VS NTDC ETC FOR COMPLIANCE OF ORDER DATED:12.07.2019','','1681','APPLICATION','2019-09-04',1,0,'local','',''),(741,'',30,198,141,195,'','CIVIL SUIT FOR DECLARATION AND INJUNCTIVE ORDER FILED BY MST. SARWAR BEGUM LAND OWNER ETC VS. NTDC & OTHERS','','1705','CIVIL SUIT','2019-09-16',1,0,'local','',''),(742,'',30,198,141,121,'','CIVIL SUIT FILED BY MR. MUHAMMAD ASLAM LAND OWNER VS. NTDC ETC','','1712','CIVIL SUIT','2019-09-16',1,200000,'local','',''),(743,'',30,198,141,3,'','CIVIL SUIT FILED BY MR. RAJA RAB NAWAZ KHAN S/O HUKAM KHAN LAND OWNER VS NTDC ETC BEFORE','','1687','CIVIL SUIT','2019-07-20',1,0,'local','',''),(744,'',3,11,1,11,'','CASE NO. 4B(225)/2019-L FILED BY MUHAMMAD ALEEM ASIF VS NTDC','','1714','CASE NO. 4B(225)/2019-L','2019-08-27',1,0,'local','',''),(745,'',6,5,3,21,'','GRIEVANCE PETITION NO. 4A (88)/2019-M ALONGWITH CMA NO. 24(91)/2019-M FILED BY MR. ABDUL REHMAN HEAD CLERK VS. PWHEWU & NTDC','','1695','PETITION NO. 4A (88)/2019-M','2019-08-23',1,0,'local','',''),(746,'',7,9,4,3,'','C.P NO. D-1786 OF 2019 TITLED MUHAMMAD MATTAL LAND OWNER VS. FEDERATION OF PAKISTAN AND OTHERS','','1698','C.P NO. D-1786','2019-09-11',1,0,'local','',''),(747,'',31,9,4,196,'','CP NO. D-1887 OF 2019 FILED BY MR. ATIF MAZHAR XEN VS. FOP & OTHERS','','1702','CP NO. D-1887','2019-09-17',1,0,'local','',''),(748,'',31,100,1,197,'','SUIT FOR PERMANENT AND MANDATORY INJUCTION FILED BY MR. MUHAMMAD AIZAZ FAREED DEPUTY MANAGER VS. NTDC','','1699','SUIT','2019-08-08',1,0,'local','',''),(749,'',31,100,1,197,'','SUIT FOR PERMANENT AND MANDATORY INJUCTION FILED BY MR. MUHAMMAD AIZAZ FAREED DEPUTY MANAGER VS. NTDC','','1699','SUIT','2019-08-08',1,0,'local','','');

/*Table structure for table `caseattachdoc` */

DROP TABLE IF EXISTS `caseattachdoc`;

CREATE TABLE `caseattachdoc` (
  `caseattachdoc_PK` int(11) NOT NULL AUTO_INCREMENT,
  `CaseId` int(200) NOT NULL,
  `FileName` varchar(200) NOT NULL,
  PRIMARY KEY (`caseattachdoc_PK`)
) ENGINE=InnoDB AUTO_INCREMENT=10 DEFAULT CHARSET=latin1;

/*Data for the table `caseattachdoc` */

insert  into `caseattachdoc`(`caseattachdoc_PK`,`CaseId`,`FileName`) values (2,0,''),(9,66,'p2.png');

/*Table structure for table `casecity` */

DROP TABLE IF EXISTS `casecity`;

CREATE TABLE `casecity` (
  `CaseCityId` int(11) NOT NULL AUTO_INCREMENT,
  `CaseCity` varchar(250) NOT NULL,
  PRIMARY KEY (`CaseCityId`)
) ENGINE=InnoDB AUTO_INCREMENT=164 DEFAULT CHARSET=latin1;

/*Data for the table `casecity` */

insert  into `casecity`(`CaseCityId`,`CaseCity`) values (1,'Lahore'),(2,'Islamabad'),(3,'Multan'),(4,'Hyderabad'),(5,'Kotri'),(6,'Sukkur'),(7,'565'),(8,'Quetta'),(9,'Karachi'),(10,'N.Feroze'),(11,'D.G Khan'),(12,'Peshawar'),(13,'Mardan'),(14,'Dera Ismail Khan'),(15,'MARDAN'),(16,'Abbottabad'),(17,'RAJANPUR'),(18,'Taxila'),(19,'BANNU'),(20,'DERA ISMAIL KHAN'),(21,'PESHAWAR'),(22,'Okara'),(23,'Karachi'),(24,'Lahore'),(25,'Karachi'),(26,'Sadiqabad'),(27,'LAHORE'),(28,'Faisalabad'),(29,'LAHORE'),(30,'LAHORE'),(31,'ISLAMABAD'),(32,'LAHORE'),(33,'Lahore'),(34,'LAHORE'),(35,'Multan'),(36,'Sialkot'),(37,'Faisalabad'),(38,'Faisalabad'),(39,'Lahore'),(40,'Faisalabad'),(41,'FAISALABAD'),(42,'LAHORE'),(43,'Mardan'),(44,'Muzaffargarh'),(45,'Muzaffargarh'),(46,'Batgram'),(47,'Lahore'),(48,'Batgram'),(49,'Dasu'),(50,'Daska'),(51,'Mardan'),(52,'Bahawalpur'),(53,'Nowshera'),(54,'Nowshera'),(55,'Daska'),(56,'Shangla'),(57,'Besham'),(58,'Peshawar'),(59,'Sahiwal'),(60,'Shangla'),(61,'Vehari'),(62,'Nankana Sahib'),(63,'Kohistan'),(64,'Batgram'),(65,'Faisalabad'),(66,'Mansehra'),(67,'Abbotabad'),(68,'Bannu'),(69,'Lakki Marawat'),(70,'Sahiwal'),(71,'Besham'),(72,'Faisalabad'),(73,'Peshawar'),(74,'Bagh AJK'),(75,'Bagh AJK27.02.2016'),(76,'Batgram'),(77,'Lahore'),(78,'Muzaffarabad'),(79,'Kasur'),(80,'DASU'),(81,'ABBOTABAD'),(82,'AJK'),(83,'Dasu.'),(84,'Rawalpindi'),(85,'Muzaffarabad'),(86,'Mardan'),(87,'Shangla'),(88,'Batkhela'),(89,'Shangla'),(90,'Bannu'),(91,'AJK'),(92,'RAWLAKOT'),(93,'Muzaffarabad'),(94,'Haripur'),(95,'Battagram'),(96,'SAWAT'),(97,'Faisalabad'),(98,'KOHISTAN'),(99,'KOHISTAN'),(100,'KOHISTAN'),(101,'KOHISTAN'),(102,'KOHISTAN'),(103,'KOHISTAN'),(104,'KOHISTAN'),(105,'KOHISTAN'),(106,'KOHISTAN'),(107,'KOHISTAN'),(108,'MARDAN'),(109,'MARDAN'),(110,'BATKHELA'),(111,'CHINIOT'),(112,'MALAKAND'),(113,'AJ&K'),(114,'SAWAT'),(115,'Muzaffarabad'),(116,'SHANGLA'),(117,'BATKHELA'),(118,'HARIPUR'),(119,'GUJRANWALA'),(120,'SHEIKHUPURA'),(121,'CHINIOT'),(122,'ISLAMABAD'),(123,'Islamabad'),(124,'Islamabad'),(125,'ISLAMABAD'),(126,'Islamabad'),(127,'Rawalpindi'),(128,'NANKANA SAHIB'),(129,'RAHIMYAR KHAN'),(130,'Gilgit-Baltistan'),(131,'Lahore'),(132,'Lahore'),(133,'ICC'),(134,'Lahore'),(135,'Islamabad'),(136,'Banu'),(137,'Muzaffarabad'),(138,'HARIPUR'),(139,'RAWALPINDI'),(140,'MUZAFFARABAD'),(141,'JEHLUM'),(142,'AJ&K'),(143,'SHANGHLA KPK'),(144,'RAWALPINDI'),(145,'DHEERKOT'),(146,'JEHLUM'),(147,'NOWSHEHRA'),(148,'JEHLUM'),(149,'Jampur'),(150,'D.G. Khan'),(151,'Multan'),(152,'LAHORE'),(153,'MULTAN CANTT'),(154,'MULTAN BENCH'),(155,'HYDERABAD'),(156,'LORALAI'),(157,'LORALAI'),(158,'HYDERABAD'),(159,'Karachi'),(160,'Kasur'),(161,'ISLAMABAD'),(162,'NOWSHEHRA.'),(163,'JHELUM');

/*Table structure for table `casecounsels` */

DROP TABLE IF EXISTS `casecounsels`;

CREATE TABLE `casecounsels` (
  `CaseCounsels_Id` int(11) NOT NULL AUTO_INCREMENT,
  `CaseId` int(200) NOT NULL,
  `CounselId` int(200) NOT NULL,
  `SanctionedFee` int(200) NOT NULL,
  `RecordStatus` tinyint(1) NOT NULL DEFAULT '1',
  `MiscExpenses` int(32) NOT NULL,
  `Clerkage` int(32) NOT NULL,
  `TADA` int(32) NOT NULL,
  `Anyother` int(32) NOT NULL,
  PRIMARY KEY (`CaseCounsels_Id`)
) ENGINE=InnoDB AUTO_INCREMENT=555 DEFAULT CHARSET=latin1;

/*Data for the table `casecounsels` */

insert  into `casecounsels`(`CaseCounsels_Id`,`CaseId`,`CounselId`,`SanctionedFee`,`RecordStatus`,`MiscExpenses`,`Clerkage`,`TADA`,`Anyother`) values (1,0,0,222222,0,0,0,0,0),(3,0,0,3333,0,0,0,0,0),(4,0,0,7777,0,0,0,0,0),(9,8,1,7777,0,0,0,0,0),(14,0,1,777,0,0,0,0,0),(15,0,10,888,0,0,0,0,0),(16,8,10,99,0,0,0,0,0),(17,47,1,767,0,0,0,0,0),(20,47,1,8,0,0,0,0,0),(21,47,1,65756756,0,0,0,0,0),(22,47,1,6,0,0,0,0,0),(23,47,10,999,1,0,0,0,0),(24,47,1,7777,1,0,0,0,0),(25,47,11,2,0,0,0,0,0),(26,47,11,2,0,0,0,0,0),(27,9,0,9,1,0,0,0,0),(28,66,1,30000,1,0,0,0,0),(29,67,1,50000,0,0,0,0,0),(30,67,13,25000,1,5000,5000,0,0),(31,68,14,13000,1,0,0,0,0),(32,69,15,25000,1,0,0,0,0),(33,70,16,12000,1,0,0,0,0),(34,71,17,12000,1,0,0,0,0),(35,72,17,12000,1,0,0,0,0),(36,73,18,75000,1,0,0,0,0),(37,74,19,25000,1,0,0,0,0),(38,75,17,25000,1,0,0,0,0),(39,76,20,25000,1,0,0,0,0),(40,78,21,12000,1,0,0,0,0),(41,79,13,12000,1,0,0,0,0),(42,80,13,60000,1,0,0,0,0),(43,81,13,50000,1,0,0,0,0),(44,82,22,12000,1,0,0,0,0),(45,83,13,50000,1,0,0,0,0),(46,84,13,50000,1,0,0,0,0),(47,85,23,25000,1,0,0,0,0),(48,86,24,25000,1,0,0,0,0),(49,87,25,50000,1,0,0,0,0),(50,89,26,50000,1,0,0,0,0),(51,91,27,50000,1,0,0,0,0),(52,111,28,25000,1,0,0,0,0),(53,119,13,25000,1,0,0,0,0),(54,120,24,25000,1,0,0,0,0),(55,121,29,12000,1,0,0,0,0),(56,122,26,50000,1,0,0,0,0),(57,123,28,25000,1,0,0,0,0),(58,124,27,25000,1,0,0,0,0),(59,125,30,25000,1,0,0,0,0),(60,126,30,50000,1,0,0,0,0),(61,127,28,50000,1,0,0,0,0),(62,129,31,50000,1,0,0,0,0),(63,130,26,25000,1,0,0,0,0),(64,114,13,50000,1,0,0,0,0),(65,131,32,12000,1,0,0,0,0),(66,132,20,25000,1,0,0,0,0),(67,133,33,50000,1,0,0,0,0),(68,134,23,50000,1,0,0,0,0),(69,135,31,25000,1,0,0,0,0),(70,136,14,12000,1,0,0,0,0),(71,137,34,25000,1,0,0,0,0),(72,138,34,25000,1,0,0,0,0),(73,139,34,25000,1,0,0,0,0),(74,140,34,25000,1,0,0,0,0),(75,141,35,50000,1,0,0,0,0),(76,142,36,25000,1,0,0,0,0),(77,143,31,50000,1,0,0,0,0),(78,144,37,75000,1,0,0,0,0),(79,145,38,50000,1,0,0,0,0),(80,146,39,150000,1,0,0,0,0),(81,147,19,500000,1,0,0,0,0),(82,148,40,50000,1,0,0,0,0),(83,149,18,1500000,1,0,0,0,0),(84,150,18,1500000,1,0,0,0,0),(85,151,18,1500000,1,0,0,0,0),(86,152,18,1500000,1,0,0,0,0),(87,153,18,1500000,1,0,0,0,0),(88,154,18,1500000,1,0,0,0,0),(89,155,18,1500000,1,0,0,0,0),(90,156,18,1500000,1,0,0,0,0),(91,157,18,1500000,1,0,0,0,0),(92,158,18,1500000,1,0,0,0,0),(93,159,41,1200000,1,0,0,0,0),(94,160,41,1200000,1,0,0,0,0),(95,161,41,1200000,1,0,0,0,0),(96,162,41,1200000,1,0,0,0,0),(97,163,41,1200000,1,0,0,0,0),(98,164,41,1200000,1,0,0,0,0),(99,165,41,1200000,1,0,0,0,0),(100,166,41,1200000,1,0,0,0,0),(101,167,42,50000,1,0,0,0,0),(102,168,43,7500000,1,0,0,0,0),(103,169,19,75000,1,0,0,0,0),(104,170,18,75000,1,0,0,0,0),(105,171,44,150000,1,0,0,0,0),(106,172,39,1000000,1,0,0,0,0),(107,173,45,600000,1,0,0,0,0),(108,182,46,4500000,1,0,0,0,0),(109,183,14,75000,1,0,0,0,0),(110,184,18,75000,1,0,0,0,0),(111,185,18,75000,1,0,0,0,0),(112,186,53,25000,1,0,0,0,0),(113,187,17,12000,1,0,0,0,0),(114,188,23,25000,1,0,0,0,0),(115,189,24,25000,1,0,0,0,0),(116,190,28,25000,1,0,0,0,0),(117,191,28,25000,1,0,0,0,0),(118,192,28,25000,1,0,0,0,0),(119,193,28,25000,1,0,0,0,0),(120,194,47,25000,1,0,0,0,0),(121,195,35,25000,1,0,0,0,0),(122,196,48,25000,1,0,0,0,0),(123,197,49,12000,1,0,0,0,0),(124,198,50,12000,1,0,0,0,0),(125,199,25,25000,1,0,0,0,0),(126,200,17,25000,1,0,0,0,0),(127,201,51,25000,1,0,0,0,0),(128,202,17,25000,1,0,0,0,0),(129,203,49,25000,1,0,0,0,0),(130,204,49,25000,1,0,0,0,0),(131,205,49,25000,1,0,0,0,0),(132,206,38,25000,1,0,0,0,0),(133,207,52,25000,1,0,0,0,0),(134,208,17,25000,1,0,0,0,0),(135,209,17,25000,1,0,0,0,0),(136,210,38,25000,1,0,0,0,0),(137,211,53,25000,1,0,0,0,0),(138,212,54,25000,1,0,0,0,0),(139,213,55,25000,1,0,0,0,0),(140,214,56,25000,1,0,0,0,0),(141,215,57,25000,1,0,0,0,0),(142,216,55,25000,1,0,0,0,0),(143,217,54,25000,1,0,0,0,0),(144,218,58,25000,1,0,0,0,0),(145,219,57,25000,1,0,0,0,0),(146,220,58,25000,1,0,0,0,0),(147,221,49,25000,1,0,0,0,0),(148,222,58,25000,1,0,0,0,0),(149,223,58,25000,1,0,0,0,0),(150,224,55,25000,1,0,0,0,0),(151,225,49,25000,1,0,0,0,0),(152,226,28,25000,1,0,0,0,0),(153,227,59,25000,1,0,0,0,0),(154,228,59,15000,1,0,0,0,0),(155,229,59,15000,1,0,0,0,0),(156,230,59,15000,1,0,0,0,0),(157,231,60,12000,1,0,0,0,0),(158,232,50,25000,1,0,0,0,0),(159,233,17,25000,1,0,0,0,0),(160,234,49,25000,1,0,0,0,0),(161,235,17,25000,1,0,0,0,0),(162,236,52,25000,1,0,0,0,0),(163,237,52,20000,1,0,0,0,0),(164,238,61,25000,1,0,0,0,0),(165,239,61,25000,1,0,0,0,0),(166,240,62,25000,1,0,0,0,0),(167,424,11,20000,0,5000,5000,0,0),(168,439,17,20000,0,0,0,0,0),(169,630,77,300000,1,5000,5000,0,0),(170,628,43,50000,1,10000,10000,0,0),(171,627,14,50000,1,10000,10000,0,0),(172,626,78,50000,1,10000,10000,0,0),(173,624,78,50000,1,10000,10000,0,0),(174,623,78,50000,1,10000,10000,0,0),(175,622,14,25000,1,5000,5000,0,0),(176,614,45,600000,1,0,0,0,0),(177,612,14,25000,1,5000,5000,0,0),(178,611,14,25000,0,5000,5000,0,0),(179,611,14,25000,1,0,5000,0,0),(180,609,14,50000,1,0,10000,0,0),(181,608,14,50000,1,0,10000,0,0),(182,607,79,50000,1,0,10000,0,0),(183,606,47,50000,1,0,10000,0,0),(184,605,14,25000,1,0,5000,0,0),(185,604,14,25000,1,0,5000,0,0),(186,603,14,25000,1,0,5000,0,0),(187,602,14,25000,1,0,5000,0,0),(188,601,14,25000,1,0,5000,0,0),(189,600,14,25000,1,0,5000,0,0),(190,599,14,25000,1,0,5000,0,0),(191,598,14,25000,1,0,5000,0,0),(192,597,14,25000,1,0,5000,0,0),(193,596,14,25000,1,0,5000,0,0),(194,595,14,25000,1,0,5000,0,0),(195,594,14,25000,1,0,5000,0,0),(196,593,14,25000,1,0,5000,0,0),(197,592,14,25000,1,0,5000,0,0),(198,591,14,25000,1,0,5000,0,0),(199,589,14,25000,1,0,5000,0,0),(200,588,14,25000,1,0,5000,0,0),(201,587,14,25000,1,0,5000,0,0),(202,586,14,25000,1,0,5000,0,0),(203,585,14,25000,1,0,5000,0,0),(204,584,14,25000,1,0,5000,0,0),(205,583,14,25000,1,0,5000,0,0),(206,582,14,25000,1,0,5000,0,0),(207,581,14,25000,1,0,5000,0,0),(208,580,14,25000,1,0,5000,0,0),(209,579,14,25000,1,0,5000,0,0),(210,578,14,25000,1,0,5000,0,0),(211,577,14,25000,1,0,5000,0,0),(212,247,14,25000,1,0,5000,0,0),(213,576,80,200000,1,0,0,0,0),(214,575,81,50000,1,0,10000,0,0),(215,574,81,50000,1,0,10000,0,0),(216,573,82,25000,1,0,5000,0,0),(217,572,83,25000,1,0,5000,0,0),(218,571,84,20000,1,0,0,0,0),(219,570,84,25000,1,0,5000,0,0),(220,568,86,100000,1,0,0,0,0),(221,567,43,400000,1,0,0,0,0),(222,566,86,100000,1,0,0,0,0),(223,565,14,250000,1,0,0,0,0),(224,563,53,25000,1,0,5000,0,0),(225,562,87,50000,1,0,0,0,0),(226,561,17,50000,1,0,0,0,0),(227,560,50,25000,1,0,0,0,0),(228,559,14,25000,1,0,0,0,0),(229,558,14,12000,1,0,0,0,0),(230,557,14,25000,1,0,0,0,0),(231,556,14,25000,1,0,0,0,0),(232,555,14,50000,1,0,0,0,0),(233,554,14,50000,1,0,0,0,0),(234,553,14,50000,1,0,0,0,0),(235,552,88,25000,1,0,0,0,0),(236,551,89,950000,1,0,0,0,0),(237,550,89,1500000,1,0,0,0,0),(238,549,90,12000,1,0,0,0,0),(239,548,91,25000,1,0,0,0,0),(240,547,29,25000,1,0,0,0,0),(241,545,92,12000,1,0,0,0,0),(242,544,93,12000,1,0,0,0,0),(243,543,93,25000,1,0,0,0,0),(244,542,93,25000,1,0,0,0,0),(245,541,45,75000,1,0,0,0,0),(246,540,85,50000,1,0,0,0,0),(247,539,94,1000000,1,0,0,0,0),(248,537,55,25000,1,0,0,0,0),(249,536,95,12000,1,0,0,0,0),(250,535,54,12000,1,0,0,0,0),(251,534,35,25000,1,0,0,0,0),(252,533,14,25000,1,0,0,0,0),(253,532,90,12000,1,0,0,0,0),(254,531,96,25000,1,0,0,0,0),(255,530,62,25000,1,0,0,0,0),(256,529,97,50000,1,0,0,0,0),(257,528,59,15000,1,0,0,0,0),(258,527,59,25000,1,0,0,0,0),(259,526,98,50000,1,0,0,0,0),(260,525,98,50000,1,0,0,0,0),(261,524,99,50000,1,0,0,0,0),(262,522,100,25000,1,0,0,0,0),(263,520,89,50000,1,0,0,0,0),(264,519,101,25000,1,0,0,0,0),(265,518,95,25000,1,0,0,0,0),(266,517,54,12000,1,0,0,0,0),(267,516,102,25000,1,0,0,0,0),(268,515,103,20000,1,0,0,0,0),(269,510,104,25000,1,0,0,0,0),(270,509,105,25000,1,0,0,0,0),(271,508,106,25000,1,0,0,0,0),(272,507,107,25000,1,0,0,0,0),(273,506,108,12000,1,0,0,0,0),(274,505,109,50000,1,0,0,0,0),(275,514,40,25000,1,0,0,0,0),(276,513,110,50000,1,0,0,0,0),(277,512,104,25000,1,0,0,0,0),(278,511,40,25000,1,0,0,0,0),(279,504,109,50000,1,0,0,0,0),(280,503,95,25000,1,0,0,0,0),(281,502,111,25000,1,0,0,0,0),(282,501,111,25000,1,0,0,0,0),(283,500,47,50000,1,0,0,0,0),(284,499,112,25000,1,0,0,0,0),(285,498,112,25000,1,0,0,0,0),(286,497,112,25000,1,0,0,0,0),(287,496,113,25000,1,0,0,0,0),(288,495,106,25000,1,0,0,0,0),(289,492,106,25000,1,0,0,0,0),(290,493,95,12000,1,0,0,0,0),(291,494,95,25000,1,0,0,0,0),(292,491,106,25000,1,0,0,0,0),(293,490,114,25000,1,0,0,0,0),(294,489,114,25000,1,0,0,0,0),(295,488,107,25000,1,0,0,0,0),(296,487,107,25000,1,0,0,0,0),(297,484,115,25000,1,0,0,0,0),(298,483,110,50000,1,0,0,0,0),(299,482,116,25000,1,0,0,0,0),(300,481,105,25000,1,0,0,0,0),(301,479,116,25000,1,0,0,0,0),(302,477,117,25000,1,0,0,0,0),(303,476,117,25000,1,0,0,0,0),(304,475,117,25000,1,0,0,0,0),(305,474,117,25000,1,0,0,0,0),(306,473,118,25000,1,0,0,0,0),(307,472,117,25000,1,0,0,0,0),(308,471,117,25000,1,0,0,0,0),(309,470,12,25000,1,0,0,0,0),(310,469,107,25000,1,0,0,0,0),(311,468,107,25000,1,0,0,0,0),(312,467,44,150000,1,0,0,0,0),(313,466,109,50000,1,0,0,0,0),(314,465,119,50000,1,0,0,0,0),(315,464,106,25000,1,0,0,0,0),(316,463,107,25000,1,0,0,0,0),(317,462,107,25000,1,0,0,0,0),(318,461,114,25000,1,0,0,0,0),(319,460,19,50000,1,0,0,0,0),(320,459,42,25000,1,0,0,0,0),(321,457,120,25000,1,0,0,0,0),(322,456,121,25000,1,0,0,0,0),(323,455,122,25000,1,0,0,0,0),(324,454,116,25000,1,0,0,0,0),(325,453,116,25000,1,0,0,0,0),(326,452,116,25000,1,0,0,0,0),(327,450,1,25000,1,0,0,0,0),(328,449,116,25000,1,0,0,0,0),(329,448,49,50000,1,0,0,0,0),(330,447,49,50000,1,0,0,0,0),(331,446,122,25000,1,0,0,0,0),(332,445,90,100000,1,0,0,0,0),(333,444,122,25000,1,0,0,0,0),(334,443,123,50000,1,0,0,0,0),(335,442,49,50000,1,0,0,0,0),(336,441,124,50000,1,0,0,0,0),(337,440,116,25000,1,0,0,0,0),(338,439,90,100000,1,0,0,0,0),(339,438,90,100000,1,0,0,0,0),(340,437,90,100000,1,0,0,0,0),(341,436,103,25000,1,0,0,0,0),(342,434,113,20000,1,0,0,0,0),(343,433,56,25000,1,0,0,0,0),(344,432,44,25000,1,0,0,0,0),(345,431,125,25000,1,0,0,0,0),(346,430,116,25000,1,0,0,0,0),(347,429,19,50000,1,0,0,0,0),(348,428,39,150000,1,0,0,0,0),(349,427,126,25000,1,0,0,0,0),(350,426,127,25000,1,0,0,0,0),(351,425,12,25000,1,0,0,0,0),(352,424,49,50000,1,0,0,0,0),(353,423,109,50000,1,0,0,0,0),(354,421,116,12000,1,0,0,0,0),(355,420,116,25000,1,0,0,0,0),(356,419,116,12000,1,0,0,0,0),(357,418,38,25000,1,0,0,0,0),(358,417,84,12000,1,0,0,0,0),(359,416,84,12000,1,0,0,0,0),(360,415,107,25000,1,0,0,0,0),(361,414,107,25000,1,0,0,0,0),(362,413,128,12000,1,0,0,0,0),(363,412,14,12000,1,0,0,0,0),(364,411,49,12000,1,0,0,0,0),(365,410,107,25000,1,0,0,0,0),(366,408,14,12000,1,0,0,0,0),(367,407,44,12000,1,0,0,0,0),(368,406,107,25000,1,0,0,0,0),(369,405,89,25000,1,0,0,0,0),(370,404,116,12000,1,0,0,0,0),(371,403,129,8000,1,0,0,0,0),(372,402,129,12000,1,0,0,0,0),(373,401,129,12000,1,0,0,0,0),(374,400,15,12000,1,0,0,0,0),(375,399,116,12000,1,0,0,0,0),(376,398,116,12000,1,0,0,0,0),(377,397,57,12000,1,0,0,0,0),(378,396,130,50000,1,0,0,0,0),(379,395,130,50000,1,0,0,0,0),(380,394,44,25000,1,0,0,0,0),(381,392,114,12000,1,0,0,0,0),(382,391,114,12000,1,0,0,0,0),(383,389,95,12000,1,0,0,0,0),(384,388,95,12000,1,0,0,0,0),(385,387,131,12000,1,0,0,0,0),(386,386,95,50000,1,0,0,0,0),(387,385,107,25000,1,0,0,0,0),(388,384,116,12000,1,0,0,0,0),(389,383,132,12000,1,0,0,0,0),(390,382,116,12000,1,0,0,0,0),(391,381,57,12000,1,0,0,0,0),(392,381,57,12000,1,0,0,0,0),(393,380,116,12000,1,0,0,0,0),(394,379,133,12000,1,0,0,0,0),(395,378,133,12000,1,0,0,0,0),(396,377,114,12000,1,0,0,0,0),(397,376,61,25000,1,0,0,0,0),(398,375,95,25000,1,0,0,0,0),(399,374,134,25000,1,0,0,0,0),(400,373,102,25000,1,0,0,0,0),(401,372,135,25000,1,0,0,0,0),(402,371,95,12000,1,0,0,0,0),(403,370,58,50000,1,0,0,0,0),(404,369,52,25000,1,0,0,0,0),(405,368,136,25000,1,0,0,0,0),(406,367,102,25000,1,0,0,0,0),(407,366,102,25000,1,0,0,0,0),(408,365,49,25000,1,0,0,0,0),(409,364,52,25000,1,0,0,0,0),(410,363,135,25000,1,0,0,0,0),(411,362,137,12000,1,0,0,0,0),(412,361,138,12000,1,0,0,0,0),(413,360,139,25000,1,0,0,0,0),(414,359,137,25000,1,0,0,0,0),(415,357,140,33600,1,0,0,0,0),(416,356,14,12000,1,0,0,0,0),(417,355,91,12000,1,0,0,0,0),(418,354,141,12000,1,0,0,0,0),(419,353,142,75000,1,0,0,0,0),(420,352,95,25000,1,0,0,0,0),(421,351,143,15000,1,0,0,0,0),(422,350,47,50000,1,0,0,0,0),(423,349,77,50000,1,0,0,0,0),(424,348,77,100000,1,0,0,0,0),(425,346,77,50000,1,0,0,0,0),(426,345,55,50000,1,0,0,0,0),(427,344,43,50000,1,0,0,0,0),(428,343,61,50000,1,0,0,0,0),(429,342,78,50000,1,0,0,0,0),(430,341,78,50000,1,0,0,0,0),(431,340,76,50000,1,0,0,0,0),(432,339,144,50000,1,0,0,0,0),(433,338,144,50000,1,0,0,0,0),(434,337,76,50000,1,0,0,0,0),(435,335,76,220000,1,0,0,0,0),(436,334,76,200000,1,0,0,0,0),(437,333,76,200000,1,0,0,0,0),(438,332,145,400000,1,0,0,0,0),(439,331,59,50000,1,0,0,0,0),(440,330,19,25000,1,0,0,0,0),(441,328,57,25000,1,0,0,0,0),(442,327,14,400000,1,0,0,0,0),(443,326,146,12000,1,0,0,0,0),(444,325,78,50000,1,0,0,0,0),(445,324,147,25000,1,0,0,0,0),(446,323,147,25000,1,0,0,0,0),(447,322,19,25000,1,0,0,0,0),(448,321,19,50000,1,0,0,0,0),(449,320,59,250000,1,0,0,0,0),(450,319,31,50000,1,0,0,0,0),(451,317,31,13000,1,0,0,0,0),(452,316,14,12000,1,0,0,0,0),(453,315,49,25000,1,0,0,0,0),(454,314,49,12000,1,0,0,0,0),(455,313,148,12000,1,0,0,0,0),(456,312,75,250000,1,0,0,0,0),(457,311,149,25000,1,0,0,0,0),(458,310,149,12000,1,0,0,0,0),(459,308,150,50000,1,0,0,0,0),(460,307,114,25000,1,0,0,0,0),(461,306,1,12000,1,0,0,0,0),(462,304,12,25000,1,0,0,0,0),(463,303,47,25000,1,0,0,0,0),(464,301,152,12000,1,0,0,0,0),(465,300,153,25000,1,0,0,0,0),(466,299,50,50000,1,0,0,0,0),(467,298,42,12000,1,0,0,0,0),(468,297,47,12500,1,0,0,0,0),(469,296,55,12500,1,0,0,0,0),(470,295,55,12500,1,0,0,0,0),(471,294,42,12000,1,0,0,0,0),(472,293,19,50000,1,0,0,0,0),(473,292,55,25000,1,0,0,0,0),(474,291,47,25000,1,0,0,0,0),(475,290,50,35000,1,0,0,0,0),(476,289,34,25000,1,0,0,0,0),(477,288,23,50000,1,0,0,0,0),(478,287,154,40000,1,0,0,0,0),(479,283,154,50000,1,0,0,0,0),(480,282,154,30000,1,0,0,0,0),(481,280,154,30000,1,0,0,0,0),(482,278,32,12000,1,0,0,0,0),(483,277,23,50000,1,0,0,0,0),(484,276,23,50000,1,0,0,0,0),(485,275,145,50000,1,0,0,0,0),(486,274,155,100000,1,0,0,0,0),(487,273,145,400000,1,0,0,0,0),(488,272,31,100000,1,0,0,0,0),(489,271,34,25000,1,0,0,0,0),(490,269,14,12000,1,0,0,0,0),(491,268,49,25000,1,0,0,0,0),(492,267,28,50000,1,0,0,0,0),(493,266,28,25000,1,0,0,0,0),(494,265,156,25000,1,0,0,0,0),(495,264,28,25000,1,0,0,0,0),(496,263,30,50000,1,0,0,0,0),(497,262,30,15000,1,0,0,0,0),(498,261,30,15000,1,0,0,0,0),(499,260,30,15000,1,0,0,0,0),(500,259,30,15000,1,0,0,0,0),(501,257,30,25000,1,0,0,0,0),(502,258,30,15000,1,0,0,0,0),(503,256,30,50000,1,0,0,0,0),(504,255,30,25000,1,0,0,0,0),(505,253,24,25000,1,0,0,0,0),(506,252,13,50000,1,0,0,0,0),(507,251,21,12000,1,0,0,0,0),(508,250,13,12000,1,0,0,0,0),(509,249,13,12000,1,0,0,0,0),(510,248,61,25000,1,0,0,0,0),(511,245,75,250000,1,0,0,0,0),(512,731,163,25000,1,0,0,0,0),(513,305,159,25000,1,0,0,0,0),(514,700,15,50000,1,0,0,0,0),(515,702,15,50000,1,0,0,0,0),(516,703,15,50000,1,0,0,0,0),(517,709,15,50000,1,0,0,0,0),(518,725,90,750000,1,0,0,0,0),(519,730,102,50000,1,0,0,0,0),(520,665,77,50000,1,0,0,0,0),(521,669,87,50000,1,0,0,0,0),(522,675,47,25000,1,0,0,0,0),(523,677,27,50000,1,0,0,0,0),(524,680,30,50000,1,0,0,0,0),(525,732,102,25000,1,0,0,0,0),(526,722,19,50000,1,0,0,0,0),(527,390,160,12000,1,0,0,0,0),(528,393,90,25000,1,0,0,0,0),(529,733,116,25000,1,0,0,0,0),(530,128,161,50000,1,0,0,0,0),(531,246,61,12000,1,0,0,0,0),(532,254,30,25000,1,0,0,0,0),(533,716,30,25000,1,0,0,0,0),(534,713,15,25000,1,0,0,0,0),(535,712,15,25000,1,0,0,0,0),(536,711,52,25000,1,0,0,0,0),(537,710,15,25000,1,0,0,0,0),(538,708,153,25000,1,0,0,0,0),(539,707,15,50000,1,0,0,0,0),(540,706,153,25000,1,0,0,0,0),(541,705,162,25000,1,0,0,0,0),(542,734,77,100000,1,0,0,0,0),(543,735,55,25000,1,0,0,0,0),(544,659,61,25000,1,0,0,0,0),(545,737,114,25000,1,0,0,0,0),(546,738,164,25000,1,0,0,0,0),(547,698,164,25000,1,0,0,0,0),(548,740,164,25000,1,0,0,0,0),(549,741,164,25000,1,0,0,0,0),(550,742,164,25000,1,0,0,0,0),(551,743,164,25000,1,0,0,0,0),(552,745,15,25000,1,0,0,0,0),(553,746,165,50000,1,0,0,0,0),(554,747,30,50000,1,0,0,0,0);

/*Table structure for table `casecounselstablelog` */

DROP TABLE IF EXISTS `casecounselstablelog`;

CREATE TABLE `casecounselstablelog` (
  `CaseCounselsTableLog_PK` int(11) NOT NULL AUTO_INCREMENT,
  `UserId` int(200) NOT NULL,
  `DateTime` timestamp NOT NULL DEFAULT CURRENT_TIMESTAMP,
  `Action` varchar(10) NOT NULL,
  `CaseCounsels_Id` int(200) NOT NULL,
  PRIMARY KEY (`CaseCounselsTableLog_PK`)
) ENGINE=InnoDB AUTO_INCREMENT=565 DEFAULT CHARSET=latin1;

/*Data for the table `casecounselstablelog` */

insert  into `casecounselstablelog`(`CaseCounselsTableLog_PK`,`UserId`,`DateTime`,`Action`,`CaseCounsels_Id`) values (1,1,'2018-03-01 09:36:05','I',20),(2,1,'2018-03-01 09:36:09','I',21),(3,1,'2018-03-01 09:36:12','E',20),(4,1,'2018-03-01 09:36:15','E',20),(5,1,'2018-03-01 09:36:18','E',20),(6,1,'2018-03-01 09:36:30','D',20),(7,1,'2018-03-01 09:36:44','D',21),(8,1,'2018-03-01 09:36:59','I',22),(9,1,'2018-03-01 09:37:43','E',22),(10,1,'2018-03-01 09:37:46','E',22),(11,1,'2018-03-01 09:37:51','E',22),(12,1,'2018-03-01 09:37:54','E',22),(13,1,'2018-03-01 09:37:58','E',22),(14,1,'2018-03-01 09:40:10','E',22),(15,1,'2018-03-01 09:40:12','D',22),(16,1,'2018-03-01 09:40:17','I',23),(17,1,'2018-03-01 09:45:04','I',24),(18,1,'2018-03-01 09:45:11','I',25),(19,1,'2018-03-01 09:45:15','D',25),(20,1,'2018-03-11 15:54:42','I',28),(21,1,'2018-05-29 08:24:57','I',29),(22,1,'2018-06-01 07:12:00','D',29),(23,1,'2018-06-01 07:12:49','I',30),(24,1,'2018-06-01 07:18:13','E',30),(25,1,'2018-06-01 07:19:24','I',31),(26,1,'2018-06-01 07:29:06','I',32),(27,1,'2018-06-01 07:37:02','I',33),(28,1,'2018-06-07 06:32:28','I',34),(29,1,'2018-06-07 06:41:15','I',35),(30,1,'2018-06-07 06:53:52','I',36),(31,1,'2018-06-07 07:06:54','I',37),(32,1,'2018-06-07 07:13:56','I',38),(33,1,'2018-06-13 06:47:30','I',39),(34,1,'2018-06-13 07:01:19','I',40),(35,1,'2018-06-13 07:05:46','I',41),(36,1,'2018-06-13 07:11:43','I',42),(37,1,'2018-06-13 07:20:46','I',43),(38,1,'2018-06-13 07:26:28','I',44),(39,1,'2018-06-13 07:29:37','I',45),(40,1,'2018-06-13 07:33:48','I',46),(41,1,'2018-06-13 07:41:04','I',47),(42,1,'2018-06-13 07:46:16','I',48),(43,1,'2018-06-13 08:02:56','I',49),(44,1,'2018-07-10 10:15:55','I',50),(45,1,'2018-07-11 08:19:03','I',51),(46,1,'2018-07-11 08:31:52','I',52),(47,1,'2018-07-12 01:19:09','I',53),(48,1,'2018-07-12 01:38:49','I',54),(49,1,'2018-07-12 01:56:47','I',55),(50,1,'2018-07-12 02:10:13','I',56),(51,1,'2018-07-12 02:13:03','I',57),(52,1,'2018-07-12 04:41:40','I',58),(53,1,'2018-07-12 04:55:14','I',59),(54,1,'2018-07-12 05:09:27','I',60),(55,1,'2018-07-12 05:15:48','I',61),(56,1,'2018-07-12 05:48:25','I',62),(57,1,'2018-07-12 05:58:28','I',63),(58,1,'2018-07-12 07:03:24','I',64),(59,1,'2018-07-18 07:04:35','I',65),(60,1,'2018-07-18 07:19:45','I',66),(61,1,'2018-07-18 07:32:56','I',67),(62,1,'2018-07-18 07:41:47','I',68),(63,1,'2018-07-18 07:53:01','I',69),(64,1,'2018-07-18 08:04:10','I',70),(65,1,'2018-07-18 09:36:51','I',71),(66,1,'2018-07-18 09:40:57','I',72),(67,1,'2018-07-18 09:43:48','I',73),(68,1,'2018-07-18 09:46:35','I',74),(69,1,'2018-07-18 09:51:06','I',75),(70,1,'2018-07-18 09:58:30','I',76),(71,1,'2018-07-18 10:03:43','I',77),(72,1,'2018-07-24 06:26:07','I',78),(73,1,'2018-07-24 06:33:16','I',79),(74,1,'2018-07-24 06:54:28','I',80),(75,1,'2018-07-24 06:59:24','I',81),(76,1,'2018-07-24 07:06:04','I',82),(77,1,'2018-07-24 07:11:25','I',83),(78,1,'2018-07-26 09:29:47','I',84),(79,1,'2018-07-26 09:32:15','I',85),(80,1,'2018-07-26 09:36:39','I',86),(81,1,'2018-07-26 09:39:13','I',87),(82,1,'2018-07-26 09:48:59','I',88),(83,1,'2018-07-26 09:50:58','I',89),(84,1,'2018-07-26 09:52:48','I',90),(85,1,'2018-07-26 09:55:07','I',91),(86,1,'2018-07-26 09:56:56','I',92),(87,1,'2018-07-26 09:59:05','I',93),(88,1,'2018-07-26 10:02:14','E',93),(89,1,'2018-07-26 10:05:43','I',94),(90,1,'2018-07-26 10:06:14','E',93),(91,1,'2018-07-26 10:08:13','I',95),(92,1,'2018-07-26 10:09:56','I',96),(93,1,'2018-07-26 10:12:02','I',97),(94,1,'2018-07-26 10:14:23','I',98),(95,1,'2018-07-26 10:16:44','I',99),(96,1,'2018-07-26 10:21:31','I',100),(97,1,'2018-07-26 10:26:44','I',101),(98,1,'2018-07-26 10:33:07','I',102),(99,1,'2018-07-27 06:22:34','I',103),(100,1,'2018-07-27 06:28:37','I',104),(101,1,'2018-07-27 06:35:12','I',105),(102,1,'2018-07-27 06:50:02','I',106),(103,1,'2018-07-27 07:13:01','I',107),(104,1,'2018-07-27 07:39:11','I',108),(105,1,'2018-07-27 07:43:52','I',109),(106,1,'2018-07-27 07:48:26','I',110),(107,1,'2018-07-27 07:50:33','I',111),(108,1,'2018-07-31 06:54:45','I',112),(109,1,'2018-07-31 06:57:42','I',113),(110,1,'2018-07-31 07:02:18','I',114),(111,1,'2018-07-31 07:05:29','I',115),(112,1,'2018-07-31 07:09:00','I',116),(113,1,'2018-07-31 07:19:46','I',117),(114,1,'2018-07-31 07:24:28','I',118),(115,1,'2018-07-31 07:28:58','I',119),(116,1,'2018-07-31 07:39:43','I',120),(117,1,'2018-07-31 07:42:26','I',121),(118,1,'2018-07-31 07:59:47','I',122),(119,1,'2018-07-31 08:06:07','I',123),(120,1,'2018-07-31 08:11:47','I',124),(121,1,'2018-07-31 09:43:12','I',125),(122,1,'2018-07-31 09:47:01','I',126),(123,1,'2018-07-31 09:52:44','I',127),(124,1,'2018-07-31 09:57:30','I',128),(125,1,'2018-07-31 10:01:44','I',129),(126,1,'2018-07-31 10:01:49','E',129),(127,1,'2018-07-31 10:04:26','I',130),(128,1,'2018-07-31 10:07:00','I',131),(129,1,'2018-07-31 10:09:31','I',132),(130,1,'2018-07-31 10:13:42','I',133),(131,1,'2018-07-31 10:16:14','I',134),(132,1,'2018-07-31 10:19:09','I',135),(133,1,'2018-07-31 10:22:43','I',136),(134,1,'2018-07-31 10:27:09','I',137),(135,1,'2018-07-31 10:33:27','I',138),(136,1,'2018-07-31 10:38:25','I',139),(137,1,'2018-07-31 10:49:16','I',140),(138,1,'2018-08-01 06:47:37','I',141),(139,1,'2018-08-01 07:16:41','I',142),(140,1,'2018-08-01 07:24:00','I',143),(141,1,'2018-08-01 07:31:59','I',144),(142,1,'2018-08-01 07:38:40','I',145),(143,1,'2018-08-01 07:42:15','I',146),(144,1,'2018-08-01 07:46:39','I',147),(145,1,'2018-08-01 07:49:49','I',148),(146,1,'2018-08-01 07:51:35','I',149),(147,1,'2018-08-01 07:54:59','I',150),(148,1,'2018-08-01 07:57:47','I',151),(149,1,'2018-08-01 08:00:49','I',152),(150,1,'2018-08-01 08:04:31','I',153),(151,1,'2018-08-01 08:07:15','I',154),(152,1,'2018-08-01 08:09:39','I',155),(153,1,'2018-08-01 08:11:57','I',156),(154,1,'2018-08-01 09:44:45','I',157),(155,1,'2018-08-01 09:49:07','I',158),(156,1,'2018-08-01 09:51:05','I',159),(157,1,'2018-08-01 09:53:12','I',160),(158,1,'2018-08-01 10:07:30','I',161),(159,1,'2018-08-01 10:09:46','I',162),(160,1,'2018-08-01 10:12:06','I',163),(161,1,'2018-08-01 10:14:45','I',164),(162,1,'2018-08-01 10:17:59','I',165),(163,1,'2018-08-01 10:22:43','I',166),(164,1,'2018-09-18 09:10:46','E',30),(165,42,'2019-09-06 11:06:39','I',167),(166,42,'2019-09-06 11:08:23','D',167),(167,42,'2019-09-10 19:54:18','I',168),(168,42,'2019-09-10 19:54:25','D',168),(169,42,'2019-09-15 19:30:20','I',169),(170,42,'2019-09-15 19:42:01','I',170),(171,42,'2019-09-15 19:44:56','I',171),(172,42,'2019-09-15 19:50:02','I',172),(173,42,'2019-09-15 19:55:27','I',173),(174,42,'2019-09-15 19:59:47','I',174),(175,42,'2019-09-15 20:01:24','I',175),(176,42,'2019-09-15 20:05:44','I',176),(177,42,'2019-09-15 20:10:03','I',177),(178,42,'2019-09-15 20:12:01','I',178),(179,42,'2019-09-16 09:29:30','I',179),(180,42,'2019-09-16 09:29:43','D',178),(181,42,'2019-09-16 09:30:55','I',180),(182,42,'2019-09-16 09:33:16','I',181),(183,42,'2019-09-16 09:37:44','I',182),(184,42,'2019-09-16 09:39:21','I',183),(185,42,'2019-09-16 09:41:26','I',184),(186,42,'2019-09-16 09:42:13','E',180),(187,42,'2019-09-16 09:42:30','E',181),(188,42,'2019-09-16 09:42:44','E',182),(189,42,'2019-09-16 09:42:59','E',183),(190,42,'2019-09-16 09:44:09','I',185),(191,42,'2019-09-16 09:45:44','I',186),(192,42,'2019-09-16 09:46:59','I',187),(193,42,'2019-09-16 09:47:59','I',188),(194,42,'2019-09-16 09:48:51','I',189),(195,42,'2019-09-16 09:49:56','I',190),(196,42,'2019-09-16 09:51:01','I',191),(197,42,'2019-09-16 09:52:13','I',192),(198,42,'2019-09-16 09:52:54','I',193),(199,42,'2019-09-19 09:26:36','I',194),(200,42,'2019-09-19 09:29:43','I',195),(201,42,'2019-09-19 09:30:51','I',196),(202,42,'2019-09-19 09:32:05','I',197),(203,42,'2019-09-19 09:33:42','I',198),(204,42,'2019-09-19 09:36:05','I',199),(205,42,'2019-09-19 09:37:35','I',200),(206,42,'2019-09-19 09:38:34','I',201),(207,42,'2019-09-19 09:39:41','I',202),(208,42,'2019-09-19 09:40:41','I',203),(209,42,'2019-09-19 09:41:19','I',204),(210,42,'2019-09-19 09:43:34','I',205),(211,42,'2019-09-19 09:44:45','I',206),(212,42,'2019-09-19 09:45:39','I',207),(213,42,'2019-09-19 09:46:43','I',208),(214,42,'2019-09-19 09:47:38','I',209),(215,42,'2019-09-19 09:49:09','I',210),(216,42,'2019-09-19 09:51:43','I',211),(217,42,'2019-09-19 09:54:20','I',212),(218,42,'2019-09-19 10:09:13','I',213),(219,42,'2019-09-19 10:18:27','I',214),(220,42,'2019-09-19 10:20:20','I',215),(221,42,'2019-09-19 10:23:34','I',216),(222,42,'2019-09-19 10:27:28','I',217),(223,42,'2019-09-19 10:31:05','I',218),(224,42,'2019-09-19 10:32:27','I',219),(225,42,'2019-09-19 10:34:56','E',218),(226,42,'2019-09-19 10:45:16','I',220),(227,42,'2019-09-19 10:47:30','I',221),(228,42,'2019-09-19 10:48:24','I',222),(229,42,'2019-09-19 10:50:02','I',223),(230,42,'2019-09-19 11:10:06','I',224),(231,42,'2019-09-19 11:13:52','I',225),(232,42,'2019-09-19 11:15:03','I',226),(233,42,'2019-09-19 11:17:23','I',227),(234,42,'2019-09-19 11:18:28','I',228),(235,42,'2019-09-19 11:20:00','I',229),(236,42,'2019-09-19 11:21:00','I',230),(237,42,'2019-09-19 11:22:34','I',231),(238,42,'2019-09-19 11:23:48','I',232),(239,42,'2019-09-19 11:24:54','I',233),(240,42,'2019-09-19 11:26:03','I',234),(241,42,'2019-09-19 11:30:47','I',235),(242,42,'2019-09-19 11:34:52','I',236),(243,42,'2019-09-19 11:36:28','I',237),(244,42,'2019-09-19 11:39:51','I',238),(245,42,'2019-09-19 11:42:48','I',239),(246,42,'2019-09-19 11:48:17','I',240),(247,42,'2019-09-19 11:56:25','E',240),(248,42,'2019-09-19 11:59:57','I',241),(249,42,'2019-09-19 12:03:55','I',242),(250,42,'2019-09-19 12:10:19','I',243),(251,42,'2019-09-19 12:11:59','I',244),(252,42,'2019-09-19 12:13:33','I',245),(253,42,'2019-09-19 12:15:24','I',246),(254,42,'2019-09-19 12:27:14','I',247),(255,42,'2019-09-19 12:32:56','I',248),(256,42,'2019-09-19 12:36:48','I',249),(257,42,'2019-09-19 12:40:14','I',250),(258,42,'2019-09-19 12:42:15','I',251),(259,42,'2019-09-19 12:43:56','I',252),(260,42,'2019-09-19 12:47:14','I',253),(261,42,'2019-09-19 13:56:28','I',254),(262,42,'2019-09-19 13:58:13','I',255),(263,42,'2019-09-19 14:00:50','I',256),(264,42,'2019-09-19 14:03:05','I',257),(265,42,'2019-09-19 14:04:43','I',258),(266,42,'2019-09-19 14:09:33','E',257),(267,42,'2019-09-19 14:13:48','I',259),(268,42,'2019-09-19 14:15:49','I',260),(269,42,'2019-09-19 14:18:44','I',261),(270,42,'2019-09-19 14:53:51','I',262),(271,42,'2019-09-19 14:57:47','I',263),(272,42,'2019-09-19 15:03:41','I',264),(273,42,'2019-09-19 15:06:00','I',265),(274,42,'2019-09-19 15:18:41','I',266),(275,42,'2019-09-19 15:23:05','I',267),(276,42,'2019-09-19 15:40:40','I',268),(277,42,'2019-09-19 15:44:37','I',269),(278,42,'2019-09-19 15:47:29','I',270),(279,42,'2019-09-19 15:57:38','I',271),(280,42,'2019-09-19 16:12:49','I',272),(281,42,'2019-09-19 16:16:09','I',273),(282,42,'2019-09-19 16:20:14','I',274),(283,42,'2019-09-20 09:58:21','I',275),(284,42,'2019-09-20 10:03:48','I',276),(285,42,'2019-09-20 10:05:40','I',277),(286,42,'2019-09-20 10:19:06','I',278),(287,42,'2019-09-20 10:24:07','I',279),(288,42,'2019-09-20 10:26:32','I',280),(289,42,'2019-09-20 10:43:52','I',281),(290,42,'2019-09-20 10:45:29','I',282),(291,42,'2019-09-20 10:47:41','I',283),(292,42,'2019-09-20 10:54:13','I',284),(293,42,'2019-09-20 10:55:47','I',285),(294,42,'2019-09-25 15:57:12','I',286),(295,42,'2019-09-25 16:00:47','I',287),(296,42,'2019-09-25 16:03:31','I',288),(297,42,'2019-09-26 09:14:18','I',289),(298,42,'2019-09-26 09:15:47','I',290),(299,42,'2019-09-26 09:16:56','I',291),(300,42,'2019-09-26 09:19:47','I',292),(301,42,'2019-09-26 09:23:27','I',293),(302,42,'2019-09-26 09:24:31','I',294),(303,42,'2019-09-26 09:27:41','I',295),(304,42,'2019-09-26 09:29:03','I',296),(305,42,'2019-09-26 09:34:07','I',297),(306,42,'2019-09-26 09:38:37','I',298),(307,42,'2019-09-26 09:41:32','I',299),(308,42,'2019-09-26 09:43:01','I',300),(309,42,'2019-09-26 09:47:38','I',301),(310,42,'2019-09-26 09:52:57','I',302),(311,42,'2019-09-26 09:53:40','I',303),(312,42,'2019-09-26 09:54:26','I',304),(313,42,'2019-09-26 09:55:23','I',305),(314,42,'2019-09-26 09:57:42','I',306),(315,42,'2019-09-26 10:19:14','I',307),(316,42,'2019-09-26 10:20:42','I',308),(317,42,'2019-09-26 10:21:59','I',309),(318,42,'2019-09-26 10:23:42','I',310),(319,42,'2019-09-26 10:25:00','I',311),(320,42,'2019-09-26 11:28:39','I',312),(321,42,'2019-09-26 11:32:40','I',313),(322,42,'2019-09-26 11:36:20','I',314),(323,42,'2019-09-26 11:38:01','I',315),(324,42,'2019-09-26 11:40:55','I',316),(325,42,'2019-09-26 11:42:08','I',317),(326,42,'2019-09-26 11:44:07','I',318),(327,42,'2019-09-26 11:46:21','I',319),(328,42,'2019-09-26 11:48:45','I',320),(329,42,'2019-09-26 11:54:34','I',321),(330,42,'2019-09-26 11:59:38','I',322),(331,42,'2019-09-26 12:38:18','I',323),(332,42,'2019-09-26 12:39:58','I',324),(333,42,'2019-09-26 12:44:17','I',325),(334,42,'2019-09-27 09:38:13','I',326),(335,42,'2019-09-27 09:41:15','I',327),(336,42,'2019-09-27 09:42:27','I',328),(337,42,'2019-09-27 09:43:51','I',329),(338,42,'2019-09-27 09:45:18','I',330),(339,42,'2019-09-27 09:47:17','I',331),(340,42,'2019-09-27 09:49:49','I',332),(341,42,'2019-09-27 09:50:57','I',333),(342,42,'2019-09-27 09:53:24','I',334),(343,42,'2019-09-27 09:55:05','I',335),(344,42,'2019-09-27 09:59:13','I',336),(345,42,'2019-09-27 10:00:17','I',337),(346,42,'2019-09-27 10:02:09','I',338),(347,42,'2019-09-27 10:03:53','I',339),(348,42,'2019-09-27 10:04:55','I',340),(349,42,'2019-09-27 10:10:36','I',341),(350,42,'2019-09-27 10:53:06','I',342),(351,42,'2019-09-27 10:54:44','I',343),(352,42,'2019-09-27 10:56:00','I',344),(353,42,'2019-09-27 10:58:56','I',345),(354,42,'2019-09-27 11:00:04','I',346),(355,42,'2019-09-27 11:02:00','I',347),(356,42,'2019-09-27 11:03:02','I',348),(357,42,'2019-09-27 14:37:25','I',349),(358,42,'2019-09-27 14:40:12','I',350),(359,42,'2019-09-27 14:41:38','I',351),(360,42,'2019-09-27 14:43:41','I',352),(361,42,'2019-09-27 14:45:26','I',353),(362,42,'2019-09-27 15:11:45','I',354),(363,42,'2019-09-27 15:14:22','I',355),(364,42,'2019-09-27 15:16:04','I',356),(365,42,'2019-09-27 15:17:56','I',357),(366,42,'2019-09-27 15:22:20','I',358),(367,42,'2019-09-27 15:26:17','I',359),(368,42,'2019-09-27 15:28:57','I',360),(369,42,'2019-09-27 15:30:38','I',361),(370,42,'2019-09-27 15:34:57','I',362),(371,42,'2019-09-27 15:37:59','I',363),(372,42,'2019-09-27 15:39:58','I',364),(373,42,'2019-09-27 15:54:18','I',365),(374,42,'2019-09-27 15:56:44','I',366),(375,42,'2019-09-27 15:57:57','I',367),(376,42,'2019-09-30 09:08:54','I',368),(377,42,'2019-09-30 09:09:52','I',369),(378,42,'2019-09-30 09:16:16','I',370),(379,42,'2019-09-30 09:30:34','I',371),(380,42,'2019-09-30 09:31:50','I',372),(381,42,'2019-09-30 09:33:06','I',373),(382,42,'2019-09-30 09:35:30','I',374),(383,42,'2019-09-30 09:36:42','I',375),(384,42,'2019-09-30 09:37:44','I',376),(385,42,'2019-09-30 09:38:59','I',377),(386,42,'2019-09-30 09:41:47','I',378),(387,42,'2019-09-30 09:43:01','I',379),(388,42,'2019-09-30 09:44:12','I',380),(389,42,'2019-09-30 09:48:38','I',381),(390,42,'2019-09-30 09:49:54','I',382),(391,42,'2019-09-30 09:54:59','I',383),(392,42,'2019-09-30 09:57:21','I',384),(393,42,'2019-09-30 10:00:57','I',385),(394,42,'2019-09-30 10:02:04','I',386),(395,42,'2019-09-30 10:03:32','I',387),(396,42,'2019-09-30 10:05:31','I',388),(397,42,'2019-09-30 10:07:56','I',389),(398,42,'2019-09-30 10:09:17','I',390),(399,42,'2019-09-30 10:11:46','I',391),(400,42,'2019-09-30 10:11:47','I',392),(401,42,'2019-09-30 10:12:56','I',393),(402,42,'2019-09-30 10:15:22','I',394),(403,42,'2019-09-30 10:15:55','I',395),(404,42,'2019-09-30 10:18:00','I',396),(405,42,'2019-09-30 10:20:17','I',397),(406,42,'2019-09-30 10:21:51','I',398),(407,42,'2019-09-30 10:25:49','I',399),(408,42,'2019-09-30 10:27:03','I',400),(409,42,'2019-09-30 10:30:17','I',401),(410,42,'2019-09-30 10:31:33','I',402),(411,42,'2019-09-30 10:33:09','I',403),(412,42,'2019-09-30 10:34:34','I',404),(413,42,'2019-09-30 10:37:31','I',405),(414,42,'2019-09-30 12:09:25','I',406),(415,42,'2019-09-30 12:10:38','I',407),(416,42,'2019-09-30 12:11:43','I',408),(417,42,'2019-09-30 12:13:31','I',409),(418,42,'2019-09-30 12:15:28','I',410),(419,42,'2019-09-30 12:18:02','I',411),(420,42,'2019-09-30 12:20:24','I',412),(421,42,'2019-09-30 12:23:49','I',413),(422,42,'2019-09-30 12:24:57','I',414),(423,42,'2019-09-30 12:27:26','I',415),(424,42,'2019-09-30 12:28:29','I',416),(425,42,'2019-09-30 14:20:59','I',417),(426,42,'2019-09-30 14:27:16','I',418),(427,42,'2019-09-30 14:32:18','I',419),(428,42,'2019-09-30 14:34:35','I',420),(429,42,'2019-09-30 14:38:22','I',421),(430,42,'2019-09-30 14:41:14','I',422),(431,42,'2019-09-30 14:44:07','I',423),(432,42,'2019-09-30 14:45:53','I',424),(433,42,'2019-09-30 14:47:57','I',425),(434,42,'2019-09-30 14:50:26','I',426),(435,42,'2019-09-30 14:51:43','I',427),(436,42,'2019-09-30 14:53:20','I',428),(437,42,'2019-09-30 14:54:46','I',429),(438,42,'2019-09-30 14:55:44','I',430),(439,42,'2019-09-30 14:57:27','I',431),(440,42,'2019-09-30 15:13:48','I',432),(441,42,'2019-09-30 15:15:44','I',433),(442,42,'2019-09-30 15:27:37','I',434),(443,42,'2019-09-30 15:29:42','I',435),(444,42,'2019-09-30 16:06:47','I',436),(445,42,'2019-09-30 16:09:12','I',437),(446,42,'2019-09-30 16:13:28','I',438),(447,42,'2019-09-30 16:15:07','I',439),(448,42,'2019-10-01 09:23:26','I',440),(449,42,'2019-10-01 09:44:51','I',441),(450,42,'2019-10-01 09:45:29','I',442),(451,42,'2019-10-01 09:50:07','I',443),(452,42,'2019-10-01 09:51:41','I',444),(453,42,'2019-10-01 09:55:28','I',445),(454,42,'2019-10-01 09:57:01','I',446),(455,42,'2019-10-01 09:58:38','I',447),(456,42,'2019-10-01 09:59:57','I',448),(457,42,'2019-10-01 10:02:36','I',449),(458,42,'2019-10-01 10:03:30','I',450),(459,42,'2019-10-01 10:06:12','I',451),(460,42,'2019-10-01 10:07:16','I',452),(461,42,'2019-10-01 10:09:15','I',453),(462,42,'2019-10-01 10:10:36','I',454),(463,42,'2019-10-01 10:13:33','I',455),(464,42,'2019-10-01 10:14:25','I',456),(465,42,'2019-10-01 10:18:11','I',457),(466,42,'2019-10-01 10:26:04','I',458),(467,42,'2019-10-01 10:32:07','I',459),(468,42,'2019-10-01 10:33:54','I',460),(469,42,'2019-10-01 10:34:59','I',461),(470,42,'2019-10-01 10:40:18','I',462),(471,42,'2019-10-01 10:41:41','I',463),(472,42,'2019-10-01 11:28:08','I',464),(473,42,'2019-10-01 11:32:40','I',465),(474,42,'2019-10-01 11:35:17','I',466),(475,42,'2019-10-01 11:38:19','I',467),(476,42,'2019-10-01 11:40:07','I',468),(477,42,'2019-10-01 11:41:17','I',469),(478,42,'2019-10-01 11:42:25','I',470),(479,42,'2019-10-01 11:45:28','I',471),(480,42,'2019-10-01 11:46:38','I',472),(481,42,'2019-10-01 11:48:01','I',473),(482,42,'2019-10-01 11:49:33','I',474),(483,42,'2019-10-01 11:50:38','I',475),(484,42,'2019-10-01 11:54:39','I',476),(485,42,'2019-10-01 12:13:51','I',477),(486,42,'2019-10-01 12:18:19','I',478),(487,42,'2019-10-01 12:19:59','I',479),(488,42,'2019-10-01 12:24:32','I',480),(489,42,'2019-10-01 12:26:43','I',481),(490,42,'2019-10-01 12:28:26','I',482),(491,42,'2019-10-01 12:30:39','I',483),(492,42,'2019-10-01 12:32:11','I',484),(493,42,'2019-10-01 12:34:18','I',485),(494,42,'2019-10-01 13:54:19','I',486),(495,42,'2019-10-01 13:55:51','I',487),(496,42,'2019-10-01 13:57:39','I',488),(497,42,'2019-10-01 14:00:45','I',489),(498,42,'2019-10-01 14:01:52','I',490),(499,42,'2019-10-01 14:03:37','I',491),(500,42,'2019-10-01 14:06:08','I',492),(501,42,'2019-10-01 14:07:29','I',493),(502,42,'2019-10-01 14:14:01','I',494),(503,42,'2019-10-01 14:15:12','I',495),(504,42,'2019-10-01 14:16:34','I',496),(505,42,'2019-10-01 14:17:37','I',497),(506,42,'2019-10-01 14:19:10','I',498),(507,42,'2019-10-01 14:21:52','I',499),(508,42,'2019-10-01 14:22:51','I',500),(509,42,'2019-10-01 14:24:12','I',501),(510,42,'2019-10-01 14:25:32','I',502),(511,42,'2019-10-01 15:31:06','I',503),(512,42,'2019-10-01 15:32:40','I',504),(513,42,'2019-10-01 15:34:11','I',505),(514,42,'2019-10-01 15:35:29','I',506),(515,42,'2019-10-01 15:38:26','I',507),(516,42,'2019-10-01 15:39:24','I',508),(517,42,'2019-10-01 15:40:13','I',509),(518,42,'2019-10-01 15:41:39','I',510),(519,42,'2019-10-02 10:03:40','I',511),(520,42,'2019-10-02 14:47:17','I',512),(521,42,'2019-10-02 15:15:19','I',513),(522,42,'2019-10-02 15:22:22','I',514),(523,42,'2019-10-02 15:23:53','I',515),(524,42,'2019-10-02 15:25:05','I',516),(525,42,'2019-10-02 15:30:16','I',517),(526,42,'2019-10-02 15:37:34','I',518),(527,42,'2019-10-02 15:42:21','I',519),(528,42,'2019-10-02 15:45:49','I',520),(529,42,'2019-10-02 15:48:47','I',521),(530,42,'2019-10-02 16:16:38','I',522),(531,42,'2019-10-02 16:19:15','I',523),(532,42,'2019-10-02 16:21:06','I',524),(533,42,'2019-10-03 09:55:45','I',525),(534,42,'2019-10-03 10:09:51','I',526),(535,42,'2019-10-03 10:14:25','I',527),(536,42,'2019-10-03 10:19:44','I',528),(537,42,'2019-10-03 10:31:10','I',529),(538,42,'2019-10-03 12:12:53','I',530),(539,42,'2019-10-03 12:22:06','I',531),(540,42,'2019-10-03 12:24:30','I',532),(541,42,'2019-10-04 15:23:27','I',533),(542,42,'2019-10-04 15:41:19','I',534),(543,42,'2019-10-04 15:42:10','I',535),(544,42,'2019-10-04 15:45:33','I',536),(545,42,'2019-10-04 15:48:46','I',537),(546,42,'2019-10-04 15:51:56','I',538),(547,42,'2019-10-04 15:54:14','I',539),(548,42,'2019-10-04 16:04:46','I',540),(549,42,'2019-10-04 16:15:31','I',541),(550,42,'2019-10-10 11:09:12','I',542),(551,42,'2019-10-10 11:53:25','I',543),(552,42,'2019-10-11 12:13:28','E',112),(553,42,'2019-10-11 15:28:49','E',512),(554,42,'2019-10-14 10:01:41','I',544),(555,42,'2019-10-15 14:22:16','I',545),(556,42,'2019-10-15 14:41:00','I',546),(557,42,'2019-10-15 14:47:15','I',547),(558,42,'2019-10-15 14:50:25','I',548),(559,42,'2019-10-15 14:56:44','I',549),(560,42,'2019-10-15 15:05:51','I',550),(561,42,'2019-10-15 15:08:51','I',551),(562,42,'2019-10-16 09:23:15','I',552),(563,42,'2019-10-16 09:35:45','I',553),(564,42,'2019-10-16 10:24:09','I',554);

/*Table structure for table `casenature` */

DROP TABLE IF EXISTS `casenature`;

CREATE TABLE `casenature` (
  `CaseNatureId` int(11) NOT NULL AUTO_INCREMENT,
  `CaseNature` varchar(200) NOT NULL,
  `RecordStatus` tinyint(1) NOT NULL DEFAULT '1',
  PRIMARY KEY (`CaseNatureId`)
) ENGINE=InnoDB AUTO_INCREMENT=198 DEFAULT CHARSET=latin1;

/*Data for the table `casenature` */

insert  into `casenature`(`CaseNatureId`,`CaseNature`,`RecordStatus`) values (3,'Land compensation',1),(5,'Promotion Case',1),(6,'Service matter',1),(7,'Recruitment',1),(8,'Recovery of NTDC Dues',1),(9,'Appointment as Assistant',1),(10,'Reg. of intervening period',1),(11,'Reinstatement into service',1),(12,'Recovery of liquidated damages ',1),(13,'Rent of Plot ',1),(14,'illegal Land grabbing',1),(15,'Transfer / Posting',1),(16,'Police case',1),(17,'Recovery suit',1),(18,'Clearance of road alongside B/W of NTPS',1),(19,'Against rent of a shop',1),(20,'Employee Son Quota',1),(21,'Stay against transfer/posting',1),(22,'civil suit',1),(23,'Anti Terrorist Case',1),(24,'Appeal',1),(25,'Tariff',1),(26,'Non Payment of Contractor Bill',1),(27,'Correction in Date of Birth',1),(28,'Imposition of provincial sales tax on services',1),(29,'Black Listing',1),(30,'Levy of Surcharges',1),(31,'Status Quo against Grant of Moveover',1),(32,'Imposition of Property Tax',1),(33,'Imposition of surcharges on electricity bills',1),(34,'Compensation Case',1),(35,'Payment of IPPs',1),(36,'Last pay drawn in Army',1),(37,'For Risk Allowance',1),(38,'Against Recovery of Misappropriated material ',1),(39,'Against compulsory Retirement',1),(40,'Regularization of Service',1),(41,'Promotion As SSO-II',1),(42,'To take the job of T.T forman',1),(43,'Release of increments & other Allow.',1),(44,'House Acquisition Facility',1),(45,'Fixation of Seniorty as SC at Head office Cader',1),(46,'Grant of special allownce Rs. 10,000',1),(47,'Claim for 20% H/Q Allowance',1),(48,'Fixation of last pay of PAF',1),(49,'Allow to Perform Duty',1),(50,'Extension in Contract Service',1),(51,'Termination from service',1),(52,'Theft of Material ',1),(53,'Against Result of DPE',1),(54,'Non payment of Monthly salaries',1),(55,'Promotion as Lab Assistant',1),(56,'Payment of Contractor Bill (Recovery suit)',1),(57,'Balance dues o/A octori + Damages',1),(58,'Cancelling the contract ',1),(59,'Recruitment in NTDC ',1),(60,'Against Load shedding',1),(61,'Recovery of LDs',1),(62,'Promotion as SSO-I ',1),(63,'Misappropriation of NTDC material',1),(64,'Promotion as Sr. Suptt.',1),(65,'Appointment into NTDC',1),(66,'Release of Security against completed work',1),(67,'Recovery of Bond Money / Leave Salary ',1),(68,'Pyament of LDs & Leave Salary',1),(69,'FIR against Theft of NTDC material',1),(70,'Recovery of dues',1),(71,'Award of Contract',1),(72,'Claim of damages/pentionery benefits ',1),(73,'Release of pensionary benefits',1),(74,'Misappropriation of Store Material',1),(75,'Recovery of Misappropriated Material ',1),(76,'Recovery of Misappropriated Material ',1),(77,'Recovery of Misappropriated Material',1),(86,'Against new clauses of Black Listing of Bidder',1),(87,'Encashment of performance bond',1),(88,'Slaes Tax',1),(89,'Against recovery of material & stopage of 2 increment',1),(90,'Tender matter',1),(91,'Termination of  Contract agreement',1),(92,'Family Pension claim',1),(93,'Balance Payment of Pension etc ',1),(94,'Appeal against Sale Tax',1),(95,'appeal against Income tax',1),(96,'Income Tax on services',1),(97,'Against imposition of Income Tax',1),(98,'Stay against payment of Sales Tax',1),(99,'Restoration of Pension',1),(100,'Payment of Income Tax on income/profit from generated electricity ',1),(101,'Imposition of surcharges on electricity bills',1),(102,'Recovery of Vehicle',1),(103,'Non recovery of Sales Tax ',1),(104,'Increment on Higher Qualification Basis',1),(105,'Demolishing of Boundary Wall',1),(106,'suit against cancelation of allotement of Quarter ',1),(107,'Acquifier charges',1),(108,'Possession of Quarter',1),(109,'Retention of NTDC Residence ',1),(110,'appointmnet against employee childern quota',1),(111,'Vacation of Land',1),(112,'Stay against quarter',1),(113,'Seeking passage alongside main approach road of 500 KV G/S Gatti',1),(114,'Regularization of absence period spent in litigation  for pensionery benefits.',1),(115,'Non Payment of renovation of residence B-1 ',1),(116,'Restoration of Two increments',1),(117,'compensation for damage of his house',1),(118,'Compensation for Demolishing of 5 No. Houses & Trees',1),(119,'House Compensation ',1),(120,'Enhancement of Land compensation',1),(121,'Crop compensation',1),(122,'compensation ',1),(123,'against stay order',1),(124,'against stay order',1),(125,'NTDC Funds',1),(126,'Suit for Recovery & damages',1),(127,'Rescission of contract',1),(128,'Seneority/ promotion Issue',1),(129,'Refund of over payment of land compensation',1),(130,'Shifting the Rout of 500KV T/L Patoki',1),(131,'Transfer of land',1),(132,'Compensation of Houses/Plots',1),(133,'civil suit compensation of land',1),(134,'Stay against installation of towers at Location No.112 to 118.',1),(135,'Against appointment of member of NTDC BOD ',1),(136,'Inquiry against NTDC',1),(137,'Payment of benifts under BESOS',1),(138,'Regularization of contract service',1),(139,'Against Transfer / posting',1),(140,'stay against attachement order',1),(141,'Load Shedding',1),(142,'recovery standard rent',1),(143,'Counting of NTDC Service/Pension Contribution',1),(144,'Against imposition of fine',1),(145,'Against recovery of 5% quarter Rent',1),(146,'Bidding documents reg. purchase of power transformers',1),(147,'release of payment arear / personal allowances',1),(148,'Against Inquiry by NAB Reg Bidding Process',1),(149,'Inquiry against supply of material',1),(150,'Against Supply of Transformer ',1),(151,'Stopage of Increment',1),(152,'Imposition of Fine by NEPRA',1),(153,'Dispute over Payment of WWF & WPPF between FOP/Province',1),(154,'Purchase of  650MW  electricity from NTDC',1),(155,'Against Power Purchase Agreement of IPPs',1),(156,'Recovery of Dues against supply of electricity from National Grid ',1),(157,'Implimentation of LCIA Arbitration Award',1),(158,'Violation of contract agreement',1),(159,'Payment of outstanding advertisment dues',1),(160,'Promotion of DAE',1),(161,'Ante Date Promotion as DM',1),(162,'Induction as Junior Engineer',1),(163,'Promotion as per Seniority',1),(164,'Allocation from PEPCO to NTDC',1),(165,'Against removal from Service',1),(166,'Restoration of Service',1),(167,'Fixation of Seniorty as SC at Head office Cader',1),(168,'Against Transfer posting of PEPCO employees in NTDC',1),(169,'Time scale up-gradation in BPS-20',1),(170,'Grant of special allownce Rs. 10,000',1),(171,'Treating Telecome Engineers at PAR with Elect Engr.',1),(172,'Induction in BPS-19 w.e.f 12.10.2010',1),(173,'Induction in BPS-19 w.e.f 12.10.2010',1),(174,'Against Non-Appoinment as Junior Engineer',1),(175,'Promotion as DG (HR)',1),(176,'Fixation of Seniorty by PEPCO',1),(177,'4 Advance Increments on the basis of MBA qualification',1),(178,'Pensionery Benefits',1),(179,'Payment of WWF & WPPF',1),(180,'Change of D.O.B',1),(181,'To appoint/ regularize services as AM Legal BS-17',1),(182,'Recruitment as Manager under legal directorate ',1),(183,'Recruitment for post of Junior Engineer ',1),(184,'Recruitment for post of Junior Engineer (eyesight problem)',1),(185,'To conduct a refresher course at WEAF and consider for promotion in upcoming promotion board',1),(186,'Compensation of Trees etc',1),(187,'Compensation of Piece of land',1),(188,'Damage of Tower through terrorist Acts',1),(189,'Illegal Construction under T/L',1),(190,'payment of delayed wages',1),(191,'Recovery of property Tax',1),(192,'appointment of their children against posts of Class-IV',1),(193,'Stay against installation of towers at Location No.112 to 118.',1),(194,'Compliance of Court order dated 12.07.2019 for payment of remainig amount of compensation',1),(195,'Payment of compensation of land at commercial rate',1),(196,'For reinstatement into service with all back benefits and post him at Hyderabad',1),(197,'Extension in deputation period',1);

/*Table structure for table `casenaturetablelog` */

DROP TABLE IF EXISTS `casenaturetablelog`;

CREATE TABLE `casenaturetablelog` (
  `CaseNatureTableLog_PK` int(11) NOT NULL AUTO_INCREMENT,
  `UserId` int(200) NOT NULL,
  `DateTime` timestamp NOT NULL DEFAULT CURRENT_TIMESTAMP,
  `Action` varchar(10) NOT NULL,
  `CaseNatureId` int(200) NOT NULL,
  PRIMARY KEY (`CaseNatureTableLog_PK`)
) ENGINE=InnoDB AUTO_INCREMENT=233 DEFAULT CHARSET=latin1;

/*Data for the table `casenaturetablelog` */

insert  into `casenaturetablelog`(`CaseNatureTableLog_PK`,`UserId`,`DateTime`,`Action`,`CaseNatureId`) values (1,1,'2018-03-01 10:04:18','I',9),(2,1,'2018-03-01 10:06:17','E',9),(3,1,'2018-03-01 10:09:22','D',9),(4,1,'2018-03-01 10:09:37','D',9),(5,1,'2018-03-01 10:10:33','D',8),(6,1,'2018-03-01 10:10:38','E',7),(7,1,'2018-03-01 10:11:20','E',6),(8,1,'2018-03-01 10:11:33','E',6),(9,1,'2018-03-01 10:13:01','E',6),(10,1,'2018-03-01 10:13:06','E',7),(11,1,'2018-03-01 10:13:12','E',3),(12,1,'2018-03-01 10:13:25','E',3),(13,1,'2018-03-01 10:26:42','I',10),(14,1,'2018-03-01 10:26:58','I',11),(15,1,'2018-03-01 10:27:04','E',11),(16,1,'2018-03-01 10:27:07','D',11),(17,1,'2018-03-01 10:28:13','I',12),(18,1,'2018-03-01 10:28:15','I',13),(19,1,'2018-03-01 10:28:17','I',14),(20,1,'2018-03-01 10:28:18','I',15),(21,1,'2018-03-01 10:28:19','I',16),(22,1,'2018-03-01 10:28:21','I',17),(23,1,'2018-03-01 10:28:22','I',18),(24,1,'2018-03-01 10:28:23','I',19),(25,1,'2018-03-01 10:28:28','I',20),(26,1,'2018-03-02 15:03:43','D',14),(27,1,'2018-05-28 07:58:18','I',8),(28,1,'2018-05-28 07:58:41','I',9),(29,1,'2018-06-07 06:52:18','I',10),(30,1,'2018-06-07 07:12:26','I',11),(31,1,'2018-06-13 06:51:00','I',12),(32,1,'2018-06-13 07:08:13','I',13),(33,1,'2018-06-13 07:18:05','I',14),(34,1,'2018-07-11 08:22:37','I',15),(35,1,'2018-07-12 01:33:12','I',16),(36,1,'2018-07-12 01:43:27','I',17),(37,1,'2018-07-12 02:02:19','I',18),(38,1,'2018-07-12 04:45:53','I',19),(39,1,'2018-07-12 05:05:33','I',20),(40,1,'2018-07-12 05:40:28','I',21),(41,1,'2018-07-12 05:52:03','I',22),(42,1,'2018-07-18 06:59:06','I',23),(43,1,'2018-07-18 07:12:51','I',24),(44,1,'2018-07-18 07:46:11','I',25),(45,1,'2018-07-18 07:57:56','I',26),(46,1,'2018-07-18 09:53:51','I',27),(47,1,'2018-07-18 09:59:36','I',28),(48,1,'2018-07-26 10:23:09','I',29),(49,1,'2018-07-26 10:30:17','I',30),(50,1,'2018-07-27 06:20:21','I',31),(51,1,'2018-07-27 06:36:56','I',32),(52,1,'2018-07-27 07:04:42','I',33),(53,1,'2018-07-27 07:36:14','I',34),(54,1,'2018-07-27 07:41:47','I',35),(55,1,'2018-07-27 07:45:34','I',36),(56,1,'2018-07-31 07:30:55','I',37),(57,1,'2018-07-31 07:50:24','I',38),(58,1,'2018-07-31 09:48:41','I',39),(59,1,'2018-07-31 09:58:25','I',40),(60,1,'2018-07-31 10:10:23','I',41),(61,1,'2018-07-31 10:29:10','I',42),(62,1,'2018-08-01 07:14:51','I',43),(63,1,'2018-08-01 07:22:03','I',44),(64,1,'2018-08-01 07:24:52','I',45),(65,1,'2018-08-01 07:35:50','I',46),(66,1,'2018-08-01 07:43:25','I',47),(67,1,'2018-08-01 07:55:35','I',48),(68,1,'2018-08-01 08:05:20','I',49),(69,1,'2018-08-01 08:07:54','I',50),(70,1,'2018-08-01 09:46:44','I',51),(71,42,'2019-07-22 14:02:41','E',6),(72,42,'2019-07-29 12:03:37','E',15),(73,42,'2019-07-29 12:03:37','E',15),(74,42,'2019-07-29 12:03:37','E',15),(75,42,'2019-08-27 12:10:33','I',52),(76,42,'2019-08-28 09:56:36','I',53),(77,42,'2019-08-28 10:09:52','I',54),(78,42,'2019-08-28 10:14:53','I',55),(79,42,'2019-08-28 14:19:49','I',56),(80,42,'2019-08-28 14:35:44','I',57),(81,42,'2019-08-29 14:15:43','I',58),(82,42,'2019-08-30 09:15:08','I',59),(83,42,'2019-08-30 09:32:09','I',60),(84,42,'2019-08-30 09:47:41','I',61),(85,42,'2019-08-30 09:57:08','I',62),(86,42,'2019-08-30 10:00:17','I',63),(87,42,'2019-09-02 09:41:52','I',64),(88,42,'2019-09-02 09:52:30','I',65),(89,42,'2019-09-02 10:02:23','I',66),(90,42,'2019-09-02 10:27:21','I',67),(91,42,'2019-09-02 10:32:12','I',68),(92,42,'2019-09-02 10:58:58','I',69),(93,42,'2019-09-02 11:03:56','I',70),(94,42,'2019-09-02 11:13:25','I',71),(95,42,'2019-09-02 11:43:41','I',72),(96,42,'2019-09-02 14:43:51','I',73),(97,42,'2019-09-02 14:57:18','I',74),(98,42,'2019-09-02 15:40:56','I',75),(99,42,'2019-09-02 15:40:56','I',76),(100,42,'2019-09-02 15:40:57','I',77),(101,42,'2019-09-02 15:41:43','I',78),(102,42,'2019-09-02 15:41:43','I',79),(103,42,'2019-09-02 15:41:43','I',80),(104,42,'2019-09-02 15:41:44','I',81),(105,42,'2019-09-02 15:41:44','I',82),(106,42,'2019-09-02 15:41:45','I',83),(107,42,'2019-09-02 15:41:45','I',84),(108,42,'2019-09-02 15:43:18','I',85),(109,42,'2019-09-02 15:43:46','D',78),(110,42,'2019-09-02 15:43:57','D',80),(111,42,'2019-09-02 15:44:05','D',85),(112,42,'2019-09-02 15:44:12','D',83),(113,42,'2019-09-02 15:44:19','D',84),(114,42,'2019-09-02 15:44:20','D',84),(115,42,'2019-09-02 15:44:28','D',81),(116,42,'2019-09-02 15:44:28','D',81),(117,42,'2019-09-02 15:44:36','D',82),(118,42,'2019-09-02 15:44:45','D',79),(119,42,'2019-09-02 15:46:01','E',77),(120,42,'2019-09-02 16:10:00','I',86),(121,42,'2019-09-02 17:48:49','I',87),(122,42,'2019-09-02 17:53:23','I',88),(123,42,'2019-09-02 17:56:33','I',89),(124,42,'2019-09-02 18:00:50','I',90),(125,42,'2019-09-02 18:05:25','I',91),(126,42,'2019-09-02 18:24:50','I',92),(127,42,'2019-09-02 18:30:07','I',93),(128,42,'2019-09-02 18:33:28','I',94),(129,42,'2019-09-02 18:37:46','I',95),(130,42,'2019-09-02 18:47:43','I',96),(131,42,'2019-09-03 09:24:00','I',97),(132,42,'2019-09-03 09:24:22','I',98),(133,42,'2019-09-03 09:25:07','I',99),(134,42,'2019-09-03 09:25:42','I',100),(135,42,'2019-09-03 09:26:20','I',101),(136,42,'2019-09-03 09:26:45','I',102),(137,42,'2019-09-03 09:27:36','I',103),(138,42,'2019-09-03 10:35:29','I',104),(139,42,'2019-09-03 10:59:25','I',105),(140,42,'2019-09-03 11:54:20','I',106),(141,42,'2019-09-03 12:26:45','I',107),(142,42,'2019-09-03 12:41:28','I',108),(143,42,'2019-09-03 15:31:41','I',109),(144,42,'2019-09-03 15:34:04','I',110),(145,42,'2019-09-03 15:43:47','I',111),(146,42,'2019-09-03 15:58:50','I',112),(147,42,'2019-09-03 16:02:39','I',113),(148,42,'2019-09-03 16:11:31','I',114),(149,42,'2019-09-04 09:38:03','I',115),(150,42,'2019-09-04 10:43:04','I',116),(151,42,'2019-09-04 10:46:14','I',117),(152,42,'2019-09-04 10:49:57','I',118),(153,42,'2019-09-04 10:53:48','I',119),(154,42,'2019-09-04 12:15:10','I',120),(155,42,'2019-09-04 12:21:40','I',121),(156,42,'2019-09-04 13:44:31','I',122),(157,42,'2019-09-04 13:52:19','I',123),(158,42,'2019-09-04 13:52:19','I',124),(159,42,'2019-09-04 14:54:23','I',125),(160,42,'2019-09-04 16:10:28','I',126),(161,42,'2019-09-06 10:54:59','I',127),(162,42,'2019-09-06 14:33:11','I',128),(163,42,'2019-09-11 09:13:19','I',129),(164,42,'2019-09-11 10:23:06','I',130),(165,42,'2019-09-11 10:27:19','I',131),(166,42,'2019-09-11 14:48:41','I',132),(167,42,'2019-09-12 12:38:22','I',133),(168,42,'2019-09-12 14:03:02','I',134),(169,42,'2019-09-12 14:52:10','I',135),(170,42,'2019-09-12 14:59:35','I',136),(171,42,'2019-09-12 15:02:17','I',137),(172,42,'2019-09-12 15:10:48','I',138),(173,42,'2019-09-12 16:51:38','I',139),(174,42,'2019-09-12 16:56:15','I',140),(175,42,'2019-09-13 09:43:00','I',141),(176,42,'2019-09-13 09:53:54','I',142),(177,42,'2019-09-13 09:56:47','I',143),(178,42,'2019-09-13 10:27:50','I',144),(179,42,'2019-09-13 10:33:48','I',145),(180,42,'2019-09-13 10:51:44','I',146),(181,42,'2019-09-13 10:55:18','I',147),(182,42,'2019-09-13 11:00:20','I',148),(183,42,'2019-09-13 11:17:46','I',149),(184,42,'2019-09-13 11:19:19','I',150),(185,42,'2019-09-13 11:29:57','I',151),(186,42,'2019-09-13 11:40:26','I',152),(187,42,'2019-09-14 14:01:13','I',153),(188,42,'2019-09-14 14:08:28','I',154),(189,42,'2019-09-14 14:41:18','I',155),(190,42,'2019-09-15 18:57:26','I',156),(191,42,'2019-09-15 18:59:25','I',157),(192,42,'2019-09-15 19:01:51','I',158),(193,42,'2019-09-20 11:36:55','I',159),(194,42,'2019-09-20 11:46:17','I',160),(195,42,'2019-09-20 11:52:13','I',161),(196,42,'2019-09-20 11:58:05','I',162),(197,42,'2019-09-20 12:02:41','I',163),(198,42,'2019-09-20 14:35:06','I',164),(199,42,'2019-09-20 14:38:00','I',165),(200,42,'2019-09-20 14:40:48','I',166),(201,42,'2019-09-20 14:47:25','I',167),(202,42,'2019-09-20 14:54:28','I',168),(203,42,'2019-09-20 15:12:18','I',169),(204,42,'2019-09-20 15:27:07','I',170),(205,42,'2019-09-23 09:28:11','I',171),(206,42,'2019-09-23 10:26:20','I',172),(207,42,'2019-09-23 12:28:34','I',173),(208,42,'2019-09-23 12:34:20','I',174),(209,42,'2019-09-23 12:37:47','I',175),(210,42,'2019-09-23 12:40:24','I',176),(211,42,'2019-09-23 12:43:09','I',177),(212,42,'2019-09-23 12:48:10','I',178),(213,42,'2019-09-23 12:51:25','I',179),(214,42,'2019-09-23 13:57:42','I',180),(215,42,'2019-09-23 14:16:33','I',181),(216,42,'2019-09-23 14:18:49','I',182),(217,42,'2019-09-23 14:44:33','I',183),(218,42,'2019-09-23 14:46:43','I',184),(219,42,'2019-09-23 14:56:34','I',185),(220,42,'2019-09-23 15:10:08','I',186),(221,42,'2019-09-24 09:51:34','I',187),(222,42,'2019-09-24 15:17:11','I',188),(223,42,'2019-09-24 15:32:24','I',189),(224,42,'2019-09-24 15:51:34','I',190),(225,42,'2019-09-24 16:15:17','I',191),(226,42,'2019-09-25 10:25:45','I',192),(227,42,'2019-09-25 15:35:50','I',193),(228,42,'2019-10-11 11:50:39','E',3),(229,42,'2019-10-15 14:30:34','I',194),(230,42,'2019-10-15 14:55:20','I',195),(231,42,'2019-10-16 10:21:07','I',196),(232,42,'2019-10-16 10:25:49','I',197);

/*Table structure for table `casetablelog` */

DROP TABLE IF EXISTS `casetablelog`;

CREATE TABLE `casetablelog` (
  `CaseTableLog_PK` int(11) NOT NULL AUTO_INCREMENT,
  `UserId` int(200) NOT NULL,
  `DateTime` timestamp NOT NULL DEFAULT CURRENT_TIMESTAMP,
  `Action` varchar(10) NOT NULL,
  `CaseId` int(200) NOT NULL,
  PRIMARY KEY (`CaseTableLog_PK`)
) ENGINE=InnoDB AUTO_INCREMENT=1362 DEFAULT CHARSET=latin1;

/*Data for the table `casetablelog` */

insert  into `casetablelog`(`CaseTableLog_PK`,`UserId`,`DateTime`,`Action`,`CaseId`) values (1,1,'2018-02-28 15:33:01','E',49),(2,1,'2018-02-28 15:58:37','I',53),(3,1,'2018-02-28 16:00:00','I',54),(4,1,'2018-02-28 16:00:49','I',55),(5,1,'2018-02-28 16:01:44','I',56),(6,1,'2018-02-28 16:04:13','I',57),(7,1,'2018-02-28 16:04:48','I',58),(8,1,'2018-02-28 16:05:10','I',59),(9,1,'2018-02-28 16:05:54','I',60),(10,1,'2018-02-28 16:25:29','I',61),(11,1,'2018-02-28 16:26:02','I',62),(12,1,'2018-02-28 16:27:22','E',47),(13,1,'2018-02-28 16:27:29','E',56),(14,1,'2018-02-28 16:27:38','E',49),(15,1,'2018-02-28 16:28:06','E',49),(16,1,'2018-02-28 16:28:20','I',63),(17,1,'2018-02-28 16:28:46','I',64),(18,1,'2018-02-28 16:33:50','D',64),(19,1,'2018-02-28 16:37:31','E',47),(20,1,'2018-02-28 16:38:17','E',47),(21,1,'2018-02-28 16:48:11','I',65),(22,1,'2018-03-11 14:52:32','D',65),(23,1,'2018-03-11 14:52:37','D',63),(24,1,'2018-03-11 14:52:42','D',62),(25,1,'2018-03-11 15:41:22','I',66),(26,1,'2018-05-28 08:05:34','I',67),(27,1,'2018-05-28 08:06:02','E',67),(28,1,'2018-05-28 08:06:49','E',67),(29,1,'2018-05-28 08:06:50','E',67),(30,1,'2018-05-30 04:45:44','E',67),(31,1,'2018-05-30 04:45:49','E',67),(32,1,'2018-05-30 06:41:43','D',66),(33,1,'2018-05-30 06:42:42','E',67),(34,1,'2018-05-30 06:47:07','E',67),(35,1,'2018-05-30 07:45:32','I',68),(36,1,'2018-06-01 07:25:01','I',69),(37,1,'2018-06-01 07:32:55','I',70),(38,1,'2018-06-07 06:25:21','I',71),(39,1,'2018-06-07 06:39:35','I',72),(40,1,'2018-06-07 06:51:33','I',73),(41,1,'2018-06-07 07:05:47','I',74),(42,1,'2018-06-07 07:10:46','I',75),(43,1,'2018-06-07 07:11:41','E',73),(44,1,'2018-06-07 07:12:51','E',75),(45,1,'2018-06-13 06:45:40','I',76),(46,1,'2018-06-13 06:52:28','I',77),(47,1,'2018-06-13 06:52:50','E',77),(48,1,'2018-06-13 06:52:51','E',77),(49,1,'2018-06-13 06:59:36','I',78),(50,1,'2018-06-13 07:04:54','I',79),(51,1,'2018-06-13 07:11:08','I',80),(52,1,'2018-06-13 07:20:00','I',81),(53,1,'2018-06-13 07:25:36','I',82),(54,1,'2018-06-13 07:28:24','I',83),(55,1,'2018-06-13 07:30:12','E',83),(56,1,'2018-06-13 07:32:59','I',84),(57,1,'2018-06-13 07:40:05','I',85),(58,1,'2018-06-13 07:45:31','I',86),(59,1,'2018-06-13 08:02:07','I',87),(60,1,'2018-07-10 08:11:08','E',67),(61,1,'2018-07-10 08:12:22','I',88),(62,1,'2018-07-10 08:18:33','I',88),(63,1,'2018-07-10 08:18:43','E',88),(64,1,'2018-07-10 09:00:58','I',88),(65,1,'2018-07-10 09:01:05','D',88),(66,1,'2018-07-10 10:01:07','I',89),(67,1,'2018-07-10 18:12:23','I',90),(68,1,'2018-07-10 18:12:38','D',90),(69,1,'2018-07-11 08:17:47','I',91),(70,1,'2018-07-11 08:26:03','I',92),(71,1,'2018-07-11 08:26:08','I',93),(72,1,'2018-07-11 08:26:08','I',94),(73,1,'2018-07-11 08:26:09','I',95),(74,1,'2018-07-11 08:26:09','I',96),(75,1,'2018-07-11 08:26:09','I',97),(76,1,'2018-07-11 08:26:09','I',98),(77,1,'2018-07-11 08:26:10','I',99),(78,1,'2018-07-11 08:26:10','I',100),(79,1,'2018-07-11 08:26:10','I',101),(80,1,'2018-07-11 08:26:10','I',102),(81,1,'2018-07-11 08:26:11','I',103),(82,1,'2018-07-11 08:26:12','I',104),(83,1,'2018-07-11 08:26:12','I',105),(84,1,'2018-07-11 08:26:12','I',106),(85,1,'2018-07-11 08:26:12','I',107),(86,1,'2018-07-11 08:26:12','I',108),(87,1,'2018-07-11 08:26:12','I',109),(88,1,'2018-07-11 08:26:13','I',110),(89,1,'2018-07-11 08:26:14','I',111),(90,1,'2018-07-11 08:26:41','D',93),(91,1,'2018-07-11 08:26:51','D',93),(92,1,'2018-07-11 08:26:55','D',95),(93,1,'2018-07-11 08:26:59','D',96),(94,1,'2018-07-11 08:27:03','D',99),(95,1,'2018-07-11 08:27:08','D',97),(96,1,'2018-07-11 08:27:11','D',98),(97,1,'2018-07-11 08:27:15','D',94),(98,1,'2018-07-11 08:27:19','D',92),(99,1,'2018-07-11 08:27:24','D',100),(100,1,'2018-07-11 08:27:27','D',101),(101,1,'2018-07-11 08:27:31','D',102),(102,1,'2018-07-11 08:27:35','D',103),(103,1,'2018-07-11 08:27:39','D',104),(104,1,'2018-07-11 08:27:44','D',105),(105,1,'2018-07-11 08:27:48','D',106),(106,1,'2018-07-11 08:27:52','D',107),(107,1,'2018-07-11 08:27:56','D',108),(108,1,'2018-07-11 08:28:01','D',109),(109,1,'2018-07-11 08:28:05','D',110),(110,1,'2018-07-11 17:23:27','I',112),(111,1,'2018-07-11 17:23:27','I',113),(112,1,'2018-07-11 17:23:36','I',114),(113,1,'2018-07-11 17:23:46','I',115),(114,1,'2018-07-11 17:24:23','I',116),(115,1,'2018-07-11 17:24:36','I',117),(116,1,'2018-07-11 17:24:46','I',118),(117,1,'2018-07-11 17:27:51','D',112),(118,1,'2018-07-11 17:28:11','D',113),(119,1,'2018-07-11 17:28:11','D',113),(120,1,'2018-07-12 00:58:50','D',118),(121,1,'2018-07-12 00:58:58','D',117),(122,1,'2018-07-12 00:59:05','D',116),(123,1,'2018-07-12 00:59:13','D',115),(124,1,'2018-07-12 01:10:55','I',119),(125,1,'2018-07-12 01:35:10','I',120),(126,1,'2018-07-12 01:45:53','I',121),(127,1,'2018-07-12 02:04:04','I',122),(128,1,'2018-07-12 02:07:31','I',123),(129,1,'2018-07-12 04:39:39','I',124),(130,1,'2018-07-12 04:49:43','I',125),(131,1,'2018-07-12 05:07:55','I',126),(132,1,'2018-07-12 05:14:18','I',127),(133,1,'2018-07-12 05:19:33','I',128),(134,1,'2018-07-12 05:43:57','I',129),(135,1,'2018-07-12 05:55:11','I',130),(136,1,'2018-07-18 07:01:43','I',131),(137,1,'2018-07-18 07:16:30','I',132),(138,1,'2018-07-18 07:27:21','I',133),(139,1,'2018-07-18 07:37:50','I',134),(140,1,'2018-07-18 07:49:05','I',135),(141,1,'2018-07-18 08:03:26','I',136),(142,1,'2018-07-18 09:36:01','I',137),(143,1,'2018-07-18 09:39:59','I',138),(144,1,'2018-07-18 09:40:14','E',137),(145,1,'2018-07-18 09:43:11','I',139),(146,1,'2018-07-18 09:45:56','I',140),(147,1,'2018-07-18 09:50:29','I',141),(148,1,'2018-07-18 09:55:06','I',142),(149,1,'2018-07-18 10:01:56','I',143),(150,1,'2018-07-24 06:25:13','I',144),(151,1,'2018-07-24 06:30:02','I',145),(152,1,'2018-07-24 06:53:29','I',146),(153,1,'2018-07-24 06:56:57','I',147),(154,1,'2018-07-24 07:00:41','E',147),(155,1,'2018-07-24 07:05:18','I',148),(156,1,'2018-07-24 07:09:37','I',149),(157,1,'2018-07-26 09:28:42','I',150),(158,1,'2018-07-26 09:31:18','I',151),(159,1,'2018-07-26 09:31:29','E',151),(160,1,'2018-07-26 09:35:36','I',152),(161,1,'2018-07-26 09:38:09','I',153),(162,1,'2018-07-26 09:48:15','I',154),(163,1,'2018-07-26 09:50:16','I',155),(164,1,'2018-07-26 09:52:08','I',156),(165,1,'2018-07-26 09:54:09','I',157),(166,1,'2018-07-26 09:56:16','I',158),(167,1,'2018-07-26 09:58:10','I',159),(168,1,'2018-07-26 10:03:49','I',160),(169,1,'2018-07-26 10:07:35','I',161),(170,1,'2018-07-26 10:09:21','I',162),(171,1,'2018-07-26 10:11:24','I',163),(172,1,'2018-07-26 10:13:34','I',164),(173,1,'2018-07-26 10:15:45','I',165),(174,1,'2018-07-26 10:20:54','I',166),(175,1,'2018-07-26 10:24:09','I',167),(176,1,'2018-07-26 10:32:33','I',168),(177,1,'2018-07-27 06:21:43','I',169),(178,1,'2018-07-27 06:27:00','I',170),(179,1,'2018-07-27 06:32:41','I',171),(180,1,'2018-07-27 06:48:03','I',172),(181,1,'2018-07-27 07:06:43','I',173),(182,1,'2018-07-27 07:19:44','I',174),(183,1,'2018-07-27 07:22:12','I',175),(184,1,'2018-07-27 07:24:15','I',176),(185,1,'2018-07-27 07:26:06','I',177),(186,1,'2018-07-27 07:27:29','I',178),(187,1,'2018-07-27 07:29:27','I',179),(188,1,'2018-07-27 07:31:00','I',180),(189,1,'2018-07-27 07:32:42','I',181),(190,1,'2018-07-27 07:38:10','I',182),(191,1,'2018-07-27 07:43:00','I',183),(192,1,'2018-07-27 07:47:47','I',184),(193,1,'2018-07-27 07:49:56','I',185),(194,1,'2018-07-31 06:42:04','D',68),(195,1,'2018-07-31 06:42:42','D',71),(196,1,'2018-07-31 06:43:02','D',85),(197,1,'2018-07-31 06:43:20','D',86),(198,1,'2018-07-31 06:43:35','D',111),(199,1,'2018-07-31 06:44:05','D',123),(200,1,'2018-07-31 06:52:46','I',186),(201,1,'2018-07-31 06:56:43','I',187),(202,1,'2018-07-31 07:00:37','I',188),(203,1,'2018-07-31 07:04:37','I',189),(204,1,'2018-07-31 07:08:07','I',190),(205,1,'2018-07-31 07:18:34','I',191),(206,1,'2018-07-31 07:21:44','I',192),(207,1,'2018-07-31 07:26:48','I',193),(208,1,'2018-07-31 07:34:51','I',194),(209,1,'2018-07-31 07:41:15','I',195),(210,1,'2018-07-31 07:51:59','I',196),(211,1,'2018-07-31 08:02:52','I',197),(212,1,'2018-07-31 08:08:18','I',198),(213,1,'2018-07-31 09:42:10','I',199),(214,1,'2018-07-31 09:46:08','I',200),(215,1,'2018-07-31 09:49:36','I',201),(216,1,'2018-07-31 09:56:29','I',202),(217,1,'2018-07-31 09:59:49','I',203),(218,1,'2018-07-31 10:03:40','I',204),(219,1,'2018-07-31 10:06:10','I',205),(220,1,'2018-07-31 10:08:37','I',206),(221,1,'2018-07-31 10:12:48','I',207),(222,1,'2018-07-31 10:15:10','I',208),(223,1,'2018-07-31 10:18:01','I',209),(224,1,'2018-07-31 10:21:20','I',210),(225,1,'2018-07-31 10:24:15','I',211),(226,1,'2018-07-31 10:31:06','I',212),(227,1,'2018-07-31 10:35:05','I',213),(228,1,'2018-07-31 10:42:57','I',214),(229,1,'2018-08-01 06:47:04','I',215),(230,1,'2018-08-01 07:16:03','I',216),(231,1,'2018-08-01 07:23:15','I',217),(232,1,'2018-08-01 07:31:20','I',218),(233,1,'2018-08-01 07:37:00','I',219),(234,1,'2018-08-01 07:40:31','I',220),(235,1,'2018-08-01 07:44:53','I',221),(236,1,'2018-08-01 07:48:56','I',222),(237,1,'2018-08-01 07:51:06','I',223),(238,1,'2018-08-01 07:53:27','I',224),(239,1,'2018-08-01 07:57:02','I',225),(240,1,'2018-08-01 07:59:42','I',226),(241,1,'2018-08-01 08:02:41','I',227),(242,1,'2018-08-01 08:06:39','I',228),(243,1,'2018-08-01 08:08:54','I',229),(244,1,'2018-08-01 08:11:21','I',230),(245,1,'2018-08-01 09:40:54','I',231),(246,1,'2018-08-01 09:42:59','E',231),(247,1,'2018-08-01 09:42:59','E',231),(248,1,'2018-08-01 09:48:04','I',232),(249,1,'2018-08-01 09:50:23','I',233),(250,1,'2018-08-01 09:52:30','I',234),(251,1,'2018-08-01 10:06:44','I',235),(252,1,'2018-08-01 10:08:46','I',236),(253,1,'2018-08-01 10:10:59','I',237),(254,1,'2018-08-01 10:14:11','I',238),(255,1,'2018-08-01 10:17:24','I',239),(256,1,'2018-08-01 10:21:59','I',240),(257,1,'2018-08-02 06:38:09','D',69),(258,1,'2018-08-02 06:38:18','D',70),(259,1,'2018-08-02 06:38:23','D',72),(260,1,'2018-08-02 06:38:34','D',73),(261,1,'2018-08-02 06:38:41','D',74),(262,1,'2018-08-02 06:38:46','D',75),(263,1,'2018-08-02 06:39:09','D',78),(264,1,'2018-08-02 06:39:32','D',77),(265,1,'2018-08-02 06:40:08','D',82),(266,1,'2018-08-02 06:43:55','D',120),(267,1,'2018-08-02 06:44:04','D',121),(268,1,'2018-08-02 06:44:46','D',125),(269,1,'2018-08-02 06:47:01','D',131),(270,1,'2018-08-02 06:47:59','D',136),(271,1,'2018-08-02 06:48:08','D',137),(272,1,'2018-08-02 06:48:16','D',138),(273,1,'2018-08-02 06:48:32','D',139),(274,1,'2018-08-02 06:48:41','D',140),(275,1,'2018-08-02 06:52:42','D',79),(276,1,'2018-08-02 07:51:25','E',119),(277,1,'2018-08-02 07:58:35','E',122),(278,1,'2018-08-02 07:58:48','E',126),(279,1,'2018-08-02 07:58:56','E',127),(280,1,'2018-08-02 07:59:04','E',128),(281,1,'2018-08-02 07:59:14','E',129),(282,1,'2018-08-02 07:59:28','E',130),(283,1,'2018-08-02 07:59:48','E',130),(284,1,'2018-09-11 09:33:03','E',67),(285,1,'2018-09-11 09:34:13','E',67),(286,1,'2018-09-11 09:34:19','E',67),(287,1,'2018-09-11 09:34:29','E',67),(288,1,'2018-09-13 09:57:56','I',241),(289,1,'2018-09-13 09:59:10','E',241),(290,1,'2018-09-13 10:02:43','D',241),(291,1,'2019-03-19 15:55:56','E',242),(292,1,'2019-03-19 15:56:18','D',242),(293,1,'2019-03-19 16:09:14','I',243),(294,1,'2019-03-19 16:09:26','D',243),(295,42,'2019-08-01 18:25:46','D',238),(296,42,'2019-08-22 12:09:54','I',244),(297,42,'2019-08-22 12:10:10','E',244),(298,42,'2019-08-22 12:11:16','D',244),(299,42,'2019-08-22 12:22:31','E',67),(300,42,'2019-08-22 14:51:05','E',67),(301,42,'2019-08-22 15:18:06','E',67),(302,42,'2019-08-22 15:26:19','E',67),(303,42,'2019-08-22 15:26:33','E',67),(304,42,'2019-08-22 21:05:41','I',245),(305,42,'2019-08-22 21:07:22','E',245),(306,42,'2019-08-22 21:44:27','E',67),(307,42,'2019-08-22 21:56:55','I',246),(308,42,'2019-08-22 22:05:45','E',246),(309,42,'2019-08-22 22:11:43','E',170),(310,42,'2019-08-23 15:08:16','E',81),(311,42,'2019-08-23 15:11:32','E',83),(312,42,'2019-08-23 15:12:58','E',84),(313,42,'2019-08-23 15:14:00','E',87),(314,42,'2019-08-23 15:14:24','E',89),(315,42,'2019-08-23 15:14:50','E',91),(316,42,'2019-08-23 15:15:42','E',119),(317,42,'2019-08-23 15:16:27','E',122),(318,42,'2019-08-23 15:17:10','E',124),(319,42,'2019-08-23 15:17:40','E',126),(320,42,'2019-08-23 17:45:45','E',149),(321,42,'2019-08-23 17:46:18','E',150),(322,42,'2019-08-23 17:46:58','E',151),(323,42,'2019-08-23 17:47:38','E',152),(324,42,'2019-08-23 17:48:16','E',153),(325,42,'2019-08-23 17:48:57','E',154),(326,42,'2019-08-23 17:50:21','E',155),(327,42,'2019-08-23 17:51:04','E',156),(328,42,'2019-08-23 17:51:38','E',157),(329,42,'2019-08-23 17:52:05','E',158),(330,42,'2019-08-23 17:52:54','E',159),(331,42,'2019-08-23 17:53:23','E',160),(332,42,'2019-08-23 17:54:06','E',161),(333,42,'2019-08-23 17:54:35','E',162),(334,42,'2019-08-23 17:55:08','E',163),(335,42,'2019-08-23 17:56:05','E',164),(336,42,'2019-08-23 17:56:31','E',165),(337,42,'2019-08-23 17:57:25','E',166),(338,42,'2019-08-23 17:58:27','E',167),(339,42,'2019-08-23 18:35:55','I',247),(340,42,'2019-08-24 13:08:49','E',186),(341,42,'2019-08-24 13:10:51','E',188),(342,42,'2019-08-24 13:11:59','E',189),(343,42,'2019-08-24 13:16:01','E',191),(344,42,'2019-08-24 13:17:20','E',193),(345,42,'2019-08-24 13:18:39','E',192),(346,42,'2019-08-24 13:23:34','E',196),(347,42,'2019-08-24 13:24:35','E',197),(348,42,'2019-08-24 13:30:30','E',199),(349,42,'2019-08-24 13:35:24','E',203),(350,42,'2019-08-24 13:40:34','E',207),(351,42,'2019-08-24 13:43:30','E',209),(352,42,'2019-08-24 13:45:53','E',211),(353,42,'2019-08-26 09:39:40','E',214),(354,42,'2019-08-26 09:40:44','E',215),(355,42,'2019-08-26 09:41:54','E',216),(356,42,'2019-08-26 09:43:32','E',217),(357,42,'2019-08-26 09:44:59','E',218),(358,42,'2019-08-26 09:48:16','E',220),(359,42,'2019-08-26 09:49:31','E',221),(360,42,'2019-08-26 09:56:05','E',226),(361,42,'2019-08-26 09:57:13','E',227),(362,42,'2019-08-26 14:23:33','E',228),(363,42,'2019-08-26 14:24:27','E',229),(364,42,'2019-08-26 14:25:12','E',230),(365,42,'2019-08-26 14:26:10','E',231),(366,42,'2019-08-26 14:39:24','E',234),(367,42,'2019-08-26 14:42:37','D',234),(368,42,'2019-08-26 18:11:50','D',233),(369,42,'2019-08-26 18:17:57','I',248),(370,42,'2019-08-26 18:27:46','E',236),(371,42,'2019-08-26 18:28:49','E',237),(372,42,'2019-08-26 18:34:41','E',245),(373,42,'2019-08-26 18:35:43','E',245),(374,42,'2019-08-27 10:36:21','I',249),(375,42,'2019-08-27 10:41:02','I',250),(376,42,'2019-08-27 11:08:29','I',251),(377,42,'2019-08-27 11:16:24','I',252),(378,42,'2019-08-27 11:28:01','I',253),(379,42,'2019-08-27 11:32:10','I',254),(380,42,'2019-08-27 11:33:46','E',254),(381,42,'2019-08-27 12:01:21','I',255),(382,42,'2019-08-27 12:06:19','I',256),(383,42,'2019-08-27 12:07:15','E',256),(384,42,'2019-08-27 12:14:31','I',257),(385,42,'2019-08-27 12:15:03','E',257),(386,42,'2019-08-27 12:18:55','I',258),(387,42,'2019-08-27 12:21:06','I',259),(388,42,'2019-08-28 09:38:26','I',260),(389,42,'2019-08-28 09:42:30','I',261),(390,42,'2019-08-28 09:44:43','I',262),(391,42,'2019-08-28 09:47:28','I',263),(392,42,'2019-08-28 10:00:06','I',264),(393,42,'2019-08-28 10:06:00','I',265),(394,42,'2019-08-28 10:13:18','I',266),(395,42,'2019-08-28 10:18:21','I',267),(396,42,'2019-08-28 10:21:35','I',268),(397,42,'2019-08-28 10:39:14','I',269),(398,42,'2019-08-28 12:20:54','E',135),(399,42,'2019-08-28 13:58:32','E',135),(400,42,'2019-08-28 14:03:29','I',270),(401,42,'2019-08-28 14:10:49','I',271),(402,42,'2019-08-28 14:12:10','E',141),(403,42,'2019-08-28 14:13:33','E',142),(404,42,'2019-08-28 14:14:02','E',142),(405,42,'2019-08-28 14:17:22','E',143),(406,42,'2019-08-28 14:21:50','I',272),(407,42,'2019-08-28 14:22:57','E',144),(408,42,'2019-08-28 14:25:27','E',182),(409,42,'2019-08-28 14:25:53','E',182),(410,42,'2019-08-28 14:28:51','I',273),(411,42,'2019-08-28 14:30:35','I',274),(412,42,'2019-08-28 14:31:09','E',274),(413,42,'2019-08-28 14:37:59','I',275),(414,42,'2019-08-28 16:36:57','I',276),(415,42,'2019-08-28 16:39:14','I',277),(416,42,'2019-08-28 16:42:39','I',278),(417,42,'2019-08-28 16:45:55','I',279),(418,42,'2019-08-29 10:39:39','I',280),(419,42,'2019-08-29 10:42:10','I',281),(420,42,'2019-08-29 10:42:11','I',282),(421,42,'2019-08-29 10:45:09','I',283),(422,42,'2019-08-29 10:46:48','I',284),(423,42,'2019-08-29 10:54:04','I',285),(424,42,'2019-08-29 10:54:26','E',285),(425,42,'2019-08-29 11:00:34','I',286),(426,42,'2019-08-29 11:01:04','E',286),(427,42,'2019-08-29 11:03:01','I',287),(428,42,'2019-08-29 11:03:22','E',287),(429,42,'2019-08-29 11:06:39','I',288),(430,42,'2019-08-29 11:07:08','E',288),(431,42,'2019-08-29 11:07:23','E',288),(432,42,'2019-08-29 11:09:29','I',289),(433,42,'2019-08-29 14:12:17','I',291),(434,42,'2019-08-29 14:13:25','E',291),(435,42,'2019-08-29 14:32:16','I',292),(436,42,'2019-08-29 14:33:33','E',292),(437,42,'2019-08-30 09:18:18','I',293),(438,42,'2019-08-30 09:22:42','I',294),(439,42,'2019-08-30 09:51:15','I',295),(440,42,'2019-08-30 09:51:38','E',295),(441,42,'2019-08-30 09:53:42','I',296),(442,42,'2019-08-30 09:54:08','E',296),(443,42,'2019-08-30 09:58:51','I',297),(444,42,'2019-08-30 10:03:02','I',298),(445,42,'2019-08-30 10:33:56','I',299),(446,42,'2019-08-30 14:43:02','E',194),(447,42,'2019-08-30 14:43:42','E',194),(448,42,'2019-08-30 16:17:17','I',300),(449,42,'2019-08-30 16:20:04','I',301),(450,42,'2019-09-02 09:33:33','E',301),(451,42,'2019-09-02 09:34:00','E',301),(452,42,'2019-09-02 09:40:35','I',302),(453,42,'2019-09-02 09:46:07','I',303),(454,42,'2019-09-02 09:50:43','I',304),(455,42,'2019-09-02 09:51:01','E',304),(456,42,'2019-09-02 09:58:07','I',305),(457,42,'2019-09-02 10:01:14','I',306),(458,42,'2019-09-02 10:04:21','I',307),(459,42,'2019-09-02 10:16:51','I',308),(460,42,'2019-09-02 10:17:22','E',308),(461,42,'2019-09-02 10:25:26','I',309),(462,42,'2019-09-02 10:25:58','E',309),(463,42,'2019-09-02 10:28:49','I',310),(464,42,'2019-09-02 10:30:09','E',310),(465,42,'2019-09-02 10:50:02','I',311),(466,42,'2019-09-02 10:51:06','E',311),(467,42,'2019-09-02 11:07:51','I',312),(468,42,'2019-09-02 11:12:13','E',312),(469,42,'2019-09-02 11:16:11','I',313),(470,42,'2019-09-02 11:19:56','I',314),(471,42,'2019-09-02 11:45:15','I',315),(472,42,'2019-09-02 13:41:16','I',316),(473,42,'2019-09-02 13:41:36','E',316),(474,42,'2019-09-02 13:42:48','E',316),(475,42,'2019-09-02 14:42:07','I',317),(476,42,'2019-09-02 14:46:13','I',318),(477,42,'2019-09-02 14:55:03','I',319),(478,42,'2019-09-02 15:48:46','I',320),(479,42,'2019-09-02 15:49:03','E',320),(480,42,'2019-09-02 15:54:03','E',202),(481,42,'2019-09-02 16:00:14','E',204),(482,42,'2019-09-02 16:00:33','E',204),(483,42,'2019-09-02 16:01:18','E',205),(484,42,'2019-09-02 16:02:28','E',205),(485,42,'2019-09-02 16:04:15','I',321),(486,42,'2019-09-02 16:06:43','E',321),(487,42,'2019-09-02 16:07:34','E',321),(488,42,'2019-09-02 16:09:35','I',322),(489,42,'2019-09-02 16:10:46','E',322),(490,42,'2019-09-02 16:11:04','E',322),(491,42,'2019-09-02 17:50:37','I',323),(492,42,'2019-09-02 17:52:27','I',324),(493,42,'2019-09-02 17:55:01','I',325),(494,42,'2019-09-02 17:59:35','I',326),(495,42,'2019-09-02 18:02:54','I',327),(496,42,'2019-09-02 18:05:02','I',328),(497,42,'2019-09-02 18:05:40','E',328),(498,42,'2019-09-02 18:13:57','I',329),(499,42,'2019-09-02 18:14:30','E',329),(500,42,'2019-09-02 18:17:58','I',330),(501,42,'2019-09-02 18:18:13','E',330),(502,42,'2019-09-02 18:18:26','E',330),(503,42,'2019-09-02 18:31:42','I',331),(504,42,'2019-09-02 18:32:22','E',331),(505,42,'2019-09-02 18:35:12','I',332),(506,42,'2019-09-02 18:35:38','E',332),(507,42,'2019-09-02 18:39:15','I',333),(508,42,'2019-09-02 18:39:42','E',333),(509,42,'2019-09-02 18:41:30','I',334),(510,42,'2019-09-02 18:41:56','E',334),(511,42,'2019-09-02 18:44:33','I',335),(512,42,'2019-09-02 18:44:56','E',335),(513,42,'2019-09-02 18:47:26','I',336),(514,42,'2019-09-02 18:48:21','E',336),(515,42,'2019-09-02 22:13:24','I',337),(516,42,'2019-09-02 22:14:07','E',337),(517,42,'2019-09-02 22:17:40','I',338),(518,42,'2019-09-02 22:19:40','I',339),(519,42,'2019-09-03 09:34:20','I',340),(520,42,'2019-09-03 09:35:13','E',340),(521,42,'2019-09-03 09:35:28','E',340),(522,42,'2019-09-03 09:37:06','I',341),(523,42,'2019-09-03 09:37:46','E',341),(524,42,'2019-09-03 09:39:09','I',342),(525,42,'2019-09-03 09:39:45','E',342),(526,42,'2019-09-03 09:41:28','I',343),(527,42,'2019-09-03 09:41:53','E',343),(528,42,'2019-09-03 09:46:22','I',344),(529,42,'2019-09-03 09:46:50','E',344),(530,42,'2019-09-03 09:48:25','I',345),(531,42,'2019-09-03 09:49:02','E',345),(532,42,'2019-09-03 09:51:08','I',346),(533,42,'2019-09-03 09:52:37','E',346),(534,42,'2019-09-03 09:54:05','I',347),(535,42,'2019-09-03 09:54:39','E',347),(536,42,'2019-09-03 09:56:36','I',348),(537,42,'2019-09-03 09:59:24','I',349),(538,42,'2019-09-03 09:59:53','E',349),(539,42,'2019-09-03 10:26:40','I',350),(540,42,'2019-09-03 10:27:43','E',350),(541,42,'2019-09-03 10:32:32','I',351),(542,42,'2019-09-03 10:33:44','E',351),(543,42,'2019-09-03 10:35:13','I',352),(544,42,'2019-09-03 10:36:22','E',352),(545,42,'2019-09-03 10:38:08','I',353),(546,42,'2019-09-03 10:39:04','E',353),(547,42,'2019-09-03 10:39:48','E',353),(548,42,'2019-09-03 10:42:53','I',354),(549,42,'2019-09-03 10:43:39','E',354),(550,42,'2019-09-03 10:44:21','E',354),(551,42,'2019-09-03 10:46:36','I',355),(552,42,'2019-09-03 10:47:03','E',355),(553,42,'2019-09-03 10:52:54','I',356),(554,42,'2019-09-03 10:53:12','E',356),(555,42,'2019-09-03 10:56:44','I',357),(556,42,'2019-09-03 10:57:22','E',357),(557,42,'2019-09-03 11:00:40','I',358),(558,42,'2019-09-03 11:01:13','E',358),(559,42,'2019-09-03 11:48:14','I',359),(560,42,'2019-09-03 11:48:53','E',359),(561,42,'2019-09-03 11:51:55','E',207),(562,42,'2019-09-03 11:58:28','I',360),(563,42,'2019-09-03 11:59:37','E',360),(564,42,'2019-09-03 12:02:18','E',201),(565,42,'2019-09-03 12:03:37','E',201),(566,42,'2019-09-03 12:05:08','E',209),(567,42,'2019-09-03 12:07:45','I',361),(568,42,'2019-09-03 12:08:26','E',361),(569,42,'2019-09-03 12:08:58','E',361),(570,42,'2019-09-03 12:19:11','I',362),(571,42,'2019-09-03 12:19:32','E',362),(572,42,'2019-09-03 12:20:49','E',362),(573,42,'2019-09-03 12:39:13','I',363),(574,42,'2019-09-03 12:39:44','E',363),(575,42,'2019-09-03 12:43:21','I',364),(576,42,'2019-09-03 12:43:48','E',364),(577,42,'2019-09-03 14:12:39','E',211),(578,42,'2019-09-03 14:14:29','I',365),(579,42,'2019-09-03 14:15:52','E',365),(580,42,'2019-09-03 14:15:53','E',365),(581,42,'2019-09-03 14:15:53','E',365),(582,42,'2019-09-03 14:18:12','I',366),(583,42,'2019-09-03 14:18:46','E',366),(584,42,'2019-09-03 15:27:22','I',367),(585,42,'2019-09-03 15:27:46','E',367),(586,42,'2019-09-03 15:31:20','I',368),(587,42,'2019-09-03 15:32:17','E',368),(588,42,'2019-09-03 15:41:02','I',369),(589,42,'2019-09-03 15:42:50','E',76),(590,42,'2019-09-03 15:44:59','I',370),(591,42,'2019-09-03 15:45:35','E',370),(592,42,'2019-09-03 16:01:10','I',371),(593,42,'2019-09-03 16:01:41','E',371),(594,42,'2019-09-03 16:04:46','I',372),(595,42,'2019-09-03 16:05:14','E',372),(596,42,'2019-09-03 16:06:59','I',373),(597,42,'2019-09-03 16:07:29','E',373),(598,42,'2019-09-03 16:10:29','I',374),(599,42,'2019-09-03 16:10:55','E',374),(600,42,'2019-09-03 16:12:57','I',375),(601,42,'2019-09-03 16:13:23','E',375),(602,42,'2019-09-04 09:48:20','I',376),(603,42,'2019-09-04 09:57:54','I',377),(604,42,'2019-09-04 09:58:30','E',377),(605,42,'2019-09-04 10:00:34','I',378),(606,42,'2019-09-04 10:00:58','E',378),(607,42,'2019-09-04 10:03:55','I',379),(608,42,'2019-09-04 10:06:52','I',380),(609,42,'2019-09-04 10:10:33','I',381),(610,42,'2019-09-04 10:37:09','E',381),(611,42,'2019-09-04 10:37:54','E',381),(612,42,'2019-09-04 10:39:58','I',382),(613,42,'2019-09-04 10:40:39','E',382),(614,42,'2019-09-04 10:41:28','E',382),(615,42,'2019-09-04 10:44:14','I',383),(616,42,'2019-09-04 10:44:34','E',383),(617,42,'2019-09-04 10:44:54','E',383),(618,42,'2019-09-04 10:47:52','I',384),(619,42,'2019-09-04 10:49:08','E',384),(620,42,'2019-09-04 10:55:07','I',385),(621,42,'2019-09-04 10:55:26','E',385),(622,42,'2019-09-04 10:55:43','E',385),(623,42,'2019-09-04 10:56:53','E',171),(624,42,'2019-09-04 10:57:14','E',171),(625,42,'2019-09-04 10:59:01','I',386),(626,42,'2019-09-04 10:59:38','E',386),(627,42,'2019-09-04 11:01:50','I',387),(628,42,'2019-09-04 11:02:32','E',387),(629,42,'2019-09-04 11:05:29','I',388),(630,42,'2019-09-04 11:06:16','E',388),(631,42,'2019-09-04 11:11:12','I',389),(632,42,'2019-09-04 11:11:47','E',389),(633,42,'2019-09-04 11:14:22','I',390),(634,42,'2019-09-04 11:14:45','E',390),(635,42,'2019-09-04 11:18:39','I',391),(636,42,'2019-09-04 11:19:10','E',391),(637,42,'2019-09-04 11:21:11','I',392),(638,42,'2019-09-04 11:21:39','E',392),(639,42,'2019-09-04 11:23:34','I',393),(640,42,'2019-09-04 11:24:09','E',393),(641,42,'2019-09-04 12:16:31','I',394),(642,42,'2019-09-04 12:17:48','E',394),(643,42,'2019-09-04 12:20:18','I',395),(644,42,'2019-09-04 12:20:33','E',395),(645,42,'2019-09-04 12:20:48','E',395),(646,42,'2019-09-04 12:22:53','I',396),(647,42,'2019-09-04 12:23:34','E',396),(648,42,'2019-09-04 12:26:17','I',397),(649,42,'2019-09-04 12:26:46','E',397),(650,42,'2019-09-04 12:30:42','I',398),(651,42,'2019-09-04 12:31:47','E',398),(652,42,'2019-09-04 12:33:26','I',399),(653,42,'2019-09-04 12:33:51','E',399),(654,42,'2019-09-04 13:46:18','I',400),(655,42,'2019-09-04 13:47:06','E',400),(656,42,'2019-09-04 13:47:50','E',400),(657,42,'2019-09-04 13:51:57','I',401),(658,42,'2019-09-04 13:52:35','E',401),(659,42,'2019-09-04 13:53:23','E',401),(660,42,'2019-09-04 13:53:43','E',401),(661,42,'2019-09-04 13:55:12','I',402),(662,42,'2019-09-04 13:56:15','E',402),(663,42,'2019-09-04 13:57:31','I',403),(664,42,'2019-09-04 13:58:00','E',403),(665,42,'2019-09-04 14:50:53','I',404),(666,42,'2019-09-04 14:51:24','E',404),(667,42,'2019-09-04 14:54:04','I',405),(668,42,'2019-09-04 14:54:36','E',405),(669,42,'2019-09-04 14:55:07','E',405),(670,42,'2019-09-04 16:02:34','I',406),(671,42,'2019-09-04 16:03:17','E',406),(672,42,'2019-09-04 16:05:27','I',407),(673,42,'2019-09-04 16:06:08','E',407),(674,42,'2019-09-04 16:06:34','E',407),(675,42,'2019-09-04 16:10:10','I',408),(676,42,'2019-09-04 16:10:40','E',408),(677,42,'2019-09-04 16:11:07','E',408),(678,42,'2019-09-04 16:14:06','I',409),(679,42,'2019-09-04 16:14:41','E',409),(680,42,'2019-09-04 16:36:12','I',410),(681,42,'2019-09-04 16:37:19','E',410),(682,42,'2019-09-04 16:41:09','I',411),(683,42,'2019-09-04 16:41:58','E',411),(684,42,'2019-09-05 10:42:14','I',412),(685,42,'2019-09-05 10:43:55','E',412),(686,42,'2019-09-05 10:48:10','I',413),(687,42,'2019-09-05 10:48:49','E',413),(688,42,'2019-09-05 10:57:59','I',414),(689,42,'2019-09-05 10:58:35','E',414),(690,42,'2019-09-05 11:00:13','I',415),(691,42,'2019-09-05 11:01:15','E',415),(692,42,'2019-09-05 11:04:52','I',416),(693,42,'2019-09-05 11:05:25','E',416),(694,42,'2019-09-05 11:08:15','I',417),(695,42,'2019-09-05 11:08:51','E',417),(696,42,'2019-09-05 11:14:35','I',418),(697,42,'2019-09-05 11:15:19','E',418),(698,42,'2019-09-05 12:46:13','I',419),(699,42,'2019-09-05 12:47:38','E',419),(700,42,'2019-09-05 12:50:07','I',420),(701,42,'2019-09-05 12:50:42','E',420),(702,42,'2019-09-05 12:52:27','I',421),(703,42,'2019-09-05 12:53:03','E',421),(704,42,'2019-09-05 15:33:45','I',422),(705,42,'2019-09-05 15:37:34','E',422),(706,42,'2019-09-05 15:38:55','E',422),(707,42,'2019-09-06 10:51:50','I',423),(708,42,'2019-09-06 10:52:53','E',423),(709,42,'2019-09-06 10:53:25','E',423),(710,42,'2019-09-06 10:56:11','I',424),(711,42,'2019-09-06 11:15:17','I',425),(712,42,'2019-09-06 11:15:37','E',425),(713,42,'2019-09-06 11:25:36','I',426),(714,42,'2019-09-06 11:26:10','E',426),(715,42,'2019-09-06 11:29:33','I',427),(716,42,'2019-09-06 11:31:45','E',427),(717,42,'2019-09-06 11:35:01','E',146),(718,42,'2019-09-06 11:35:21','E',146),(719,42,'2019-09-06 11:37:07','I',428),(720,42,'2019-09-06 11:40:51','I',429),(721,42,'2019-09-06 11:41:26','E',429),(722,42,'2019-09-06 11:44:52','I',430),(723,42,'2019-09-06 11:45:19','E',430),(724,42,'2019-09-06 11:47:52','I',431),(725,42,'2019-09-06 11:48:33','E',431),(726,42,'2019-09-06 14:28:48','E',148),(727,42,'2019-09-06 14:31:16','I',432),(728,42,'2019-09-06 14:31:46','E',432),(729,42,'2019-09-06 14:32:15','E',432),(730,42,'2019-09-06 14:34:09','I',433),(731,42,'2019-09-06 14:35:03','E',433),(732,42,'2019-09-06 14:35:29','E',433),(733,42,'2019-09-06 14:39:01','I',434),(734,42,'2019-09-06 14:39:24','E',434),(735,42,'2019-09-06 14:41:08','I',435),(736,42,'2019-09-06 14:41:33','E',435),(737,42,'2019-09-06 14:43:01','I',436),(738,42,'2019-09-06 14:43:25','E',436),(739,42,'2019-09-06 14:44:08','E',149),(740,42,'2019-09-06 14:44:37','E',150),(741,42,'2019-09-06 14:45:06','E',151),(742,42,'2019-09-06 14:45:41','E',152),(743,42,'2019-09-06 14:46:19','E',153),(744,42,'2019-09-06 14:46:47','E',154),(745,42,'2019-09-06 14:47:10','E',155),(746,42,'2019-09-06 14:47:54','E',157),(747,42,'2019-09-06 14:48:25','E',158),(748,42,'2019-09-06 14:48:59','E',159),(749,42,'2019-09-06 14:49:40','E',160),(750,42,'2019-09-06 14:50:24','E',161),(751,42,'2019-09-06 14:50:51','E',162),(752,42,'2019-09-06 14:51:19','E',163),(753,42,'2019-09-06 14:51:47','E',164),(754,42,'2019-09-06 14:52:39','E',165),(755,42,'2019-09-06 14:53:01','E',166),(756,42,'2019-09-10 15:43:25','E',215),(757,42,'2019-09-10 15:49:00','I',437),(758,42,'2019-09-10 15:51:04','E',437),(759,42,'2019-09-10 15:52:49','I',438),(760,42,'2019-09-10 15:53:37','E',438),(761,42,'2019-09-10 15:55:29','I',439),(762,42,'2019-09-10 15:56:10','E',439),(763,42,'2019-09-10 16:00:18','I',440),(764,42,'2019-09-10 16:00:48','E',440),(765,42,'2019-09-10 16:02:52','I',441),(766,42,'2019-09-10 16:03:24','E',441),(767,42,'2019-09-10 16:05:01','I',442),(768,42,'2019-09-10 16:05:34','E',442),(769,42,'2019-09-10 16:08:00','I',443),(770,42,'2019-09-10 16:12:52','I',444),(771,42,'2019-09-11 09:11:05','E',444),(772,42,'2019-09-11 09:14:26','I',445),(773,42,'2019-09-11 09:14:48','E',445),(774,42,'2019-09-11 09:16:19','I',446),(775,42,'2019-09-11 09:16:44','E',446),(776,42,'2019-09-11 09:23:25','I',447),(777,42,'2019-09-11 09:23:49','E',447),(778,42,'2019-09-11 09:25:01','I',448),(779,42,'2019-09-11 09:26:00','E',448),(780,42,'2019-09-11 09:28:11','I',449),(781,42,'2019-09-11 09:28:34','E',449),(782,42,'2019-09-11 09:30:50','I',450),(783,42,'2019-09-11 09:31:12','E',450),(784,42,'2019-09-11 09:33:22','I',451),(785,42,'2019-09-11 09:33:50','E',451),(786,42,'2019-09-11 09:35:47','I',452),(787,42,'2019-09-11 09:36:58','E',452),(788,42,'2019-09-11 09:37:13','E',452),(789,42,'2019-09-11 09:38:36','I',453),(790,42,'2019-09-11 09:39:19','E',453),(791,42,'2019-09-11 09:39:51','E',453),(792,42,'2019-09-11 10:12:42','I',454),(793,42,'2019-09-11 10:14:57','I',455),(794,42,'2019-09-11 10:18:41','I',456),(795,42,'2019-09-11 10:21:37','I',457),(796,42,'2019-09-11 10:22:52','I',458),(797,42,'2019-09-11 10:23:36','E',458),(798,42,'2019-09-11 10:25:36','I',459),(799,42,'2019-09-11 10:27:06','I',460),(800,42,'2019-09-11 10:27:53','E',460),(801,42,'2019-09-11 10:30:36','I',461),(802,42,'2019-09-11 10:34:01','I',462),(803,42,'2019-09-11 10:38:22','I',463),(804,42,'2019-09-11 10:44:53','I',464),(805,42,'2019-09-11 10:45:19','E',464),(806,42,'2019-09-11 10:48:09','I',465),(807,42,'2019-09-11 11:49:23','I',466),(808,42,'2019-09-11 11:51:56','I',467),(809,42,'2019-09-11 11:55:05','I',468),(810,42,'2019-09-11 11:55:43','E',468),(811,42,'2019-09-11 11:59:27','I',469),(812,42,'2019-09-11 12:02:47','I',470),(813,42,'2019-09-11 12:06:01','I',471),(814,42,'2019-09-11 12:07:37','I',472),(815,42,'2019-09-11 12:13:49','I',473),(816,42,'2019-09-11 12:14:12','E',473),(817,42,'2019-09-11 12:25:26','I',474),(818,42,'2019-09-11 12:25:48','E',474),(819,42,'2019-09-11 12:28:01','I',475),(820,42,'2019-09-11 12:28:30','E',475),(821,42,'2019-09-11 12:50:26','I',476),(822,42,'2019-09-11 12:50:52','E',476),(823,42,'2019-09-11 12:52:47','I',477),(824,42,'2019-09-11 12:53:11','E',477),(825,42,'2019-09-11 12:54:36','I',478),(826,42,'2019-09-11 12:55:05','E',478),(827,42,'2019-09-11 14:18:19','I',479),(828,42,'2019-09-11 14:19:56','E',479),(829,42,'2019-09-11 14:21:58','I',480),(830,42,'2019-09-11 14:22:44','E',480),(831,42,'2019-09-11 14:25:01','I',481),(832,42,'2019-09-11 14:25:26','E',481),(833,42,'2019-09-11 14:29:00','I',482),(834,42,'2019-09-11 14:29:27','E',482),(835,42,'2019-09-11 14:31:05','I',483),(836,42,'2019-09-11 14:31:27','E',483),(837,42,'2019-09-11 14:33:05','I',484),(838,42,'2019-09-11 14:33:32','E',484),(839,42,'2019-09-11 14:34:33','I',485),(840,42,'2019-09-11 14:35:12','E',485),(841,42,'2019-09-11 14:37:56','I',486),(842,42,'2019-09-11 14:38:36','E',486),(843,42,'2019-09-11 14:38:59','E',486),(844,42,'2019-09-11 14:48:22','I',487),(845,42,'2019-09-11 18:22:13','E',487),(846,42,'2019-09-11 18:23:41','E',487),(847,42,'2019-09-11 18:25:03','I',488),(848,42,'2019-09-11 18:25:19','E',488),(849,42,'2019-09-11 19:08:47','I',489),(850,42,'2019-09-11 19:09:15','E',489),(851,42,'2019-09-11 19:11:20','I',490),(852,42,'2019-09-11 19:11:34','E',490),(853,42,'2019-09-12 11:09:43','I',491),(854,42,'2019-09-12 11:10:10','E',491),(855,42,'2019-09-12 11:10:24','E',491),(856,42,'2019-09-12 11:11:21','I',492),(857,42,'2019-09-12 11:11:43','E',492),(858,42,'2019-09-12 11:14:28','I',493),(859,42,'2019-09-12 11:14:48','E',493),(860,42,'2019-09-12 11:16:11','I',494),(861,42,'2019-09-12 11:22:40','I',495),(862,42,'2019-09-12 11:22:59','E',495),(863,42,'2019-09-12 11:25:39','I',496),(864,42,'2019-09-12 11:26:08','E',496),(865,42,'2019-09-12 11:27:55','I',497),(866,42,'2019-09-12 11:28:15','E',497),(867,42,'2019-09-12 11:28:32','E',497),(868,42,'2019-09-12 11:29:30','I',498),(869,42,'2019-09-12 11:29:58','E',498),(870,42,'2019-09-12 11:31:03','I',499),(871,42,'2019-09-12 11:31:28','E',499),(872,42,'2019-09-12 11:32:56','I',500),(873,42,'2019-09-12 11:33:20','E',500),(874,42,'2019-09-12 11:39:40','I',501),(875,42,'2019-09-12 11:40:02','E',501),(876,42,'2019-09-12 11:41:42','I',502),(877,42,'2019-09-12 11:42:13','E',502),(878,42,'2019-09-12 11:44:38','I',503),(879,42,'2019-09-12 11:45:08','E',503),(880,42,'2019-09-12 11:50:10','I',504),(881,42,'2019-09-12 11:50:33','E',504),(882,42,'2019-09-12 11:51:51','I',505),(883,42,'2019-09-12 11:52:17','E',505),(884,42,'2019-09-12 11:57:06','I',506),(885,42,'2019-09-12 11:57:28','E',506),(886,42,'2019-09-12 11:59:40','I',507),(887,42,'2019-09-12 12:00:01','E',507),(888,42,'2019-09-12 12:02:14','I',508),(889,42,'2019-09-12 12:02:41','E',508),(890,42,'2019-09-12 12:11:50','I',509),(891,42,'2019-09-12 12:12:12','E',509),(892,42,'2019-09-12 12:15:40','I',510),(893,42,'2019-09-12 12:16:06','E',510),(894,42,'2019-09-12 12:18:12','I',511),(895,42,'2019-09-12 12:18:38','E',511),(896,42,'2019-09-12 12:19:59','I',512),(897,42,'2019-09-12 12:20:27','E',512),(898,42,'2019-09-12 12:22:01','I',513),(899,42,'2019-09-12 12:26:12','E',513),(900,42,'2019-09-12 12:29:51','I',514),(901,42,'2019-09-12 12:30:16','E',514),(902,42,'2019-09-12 12:33:07','I',515),(903,42,'2019-09-12 12:33:30','E',515),(904,42,'2019-09-12 12:34:59','I',516),(905,42,'2019-09-12 12:35:24','E',516),(906,42,'2019-09-12 12:38:07','I',517),(907,42,'2019-09-12 12:38:33','E',517),(908,42,'2019-09-12 12:38:58','E',517),(909,42,'2019-09-12 14:05:41','I',518),(910,42,'2019-09-12 14:06:07','E',518),(911,42,'2019-09-12 14:08:10','I',519),(912,42,'2019-09-12 14:08:38','E',519),(913,42,'2019-09-12 14:49:09','I',520),(914,42,'2019-09-12 14:53:34','I',521),(915,42,'2019-09-12 14:54:03','E',521),(916,42,'2019-09-12 14:55:46','I',522),(917,42,'2019-09-12 14:56:15','E',522),(918,42,'2019-09-12 14:57:38','I',523),(919,42,'2019-09-12 14:58:05','E',523),(920,42,'2019-09-12 15:00:59','I',524),(921,42,'2019-09-12 15:01:23','E',524),(922,42,'2019-09-12 15:03:06','I',525),(923,42,'2019-09-12 15:03:33','E',525),(924,42,'2019-09-12 15:06:06','I',526),(925,42,'2019-09-12 15:06:40','E',526),(926,42,'2019-09-12 16:38:18','I',527),(927,42,'2019-09-12 16:38:57','E',527),(928,42,'2019-09-12 16:41:33','I',528),(929,42,'2019-09-12 16:42:08','E',528),(930,42,'2019-09-12 16:43:59','E',229),(931,42,'2019-09-12 16:44:36','E',230),(932,42,'2019-09-12 16:45:08','E',231),(933,42,'2019-09-12 16:46:55','I',529),(934,42,'2019-09-12 16:47:45','E',236),(935,42,'2019-09-12 16:48:15','E',237),(936,42,'2019-09-12 16:51:24','I',530),(937,42,'2019-09-12 16:51:58','E',530),(938,42,'2019-09-12 16:52:30','E',530),(939,42,'2019-09-12 16:53:42','E',248),(940,42,'2019-09-12 16:54:00','E',248),(941,42,'2019-09-12 16:56:00','I',531),(942,42,'2019-09-12 16:56:40','E',531),(943,42,'2019-09-12 16:57:17','E',531),(944,42,'2019-09-13 09:40:16','I',532),(945,42,'2019-09-13 09:41:28','E',532),(946,42,'2019-09-13 09:42:45','I',533),(947,42,'2019-09-13 09:43:35','E',533),(948,42,'2019-09-13 09:45:31','I',534),(949,42,'2019-09-13 09:46:01','E',534),(950,42,'2019-09-13 09:47:11','I',535),(951,42,'2019-09-13 09:47:42','E',535),(952,42,'2019-09-13 09:49:28','I',536),(953,42,'2019-09-13 09:53:21','I',537),(954,42,'2019-09-13 09:54:16','E',537),(955,42,'2019-09-13 09:54:41','E',537),(956,42,'2019-09-13 09:56:24','I',538),(957,42,'2019-09-13 09:57:02','E',538),(958,42,'2019-09-13 09:57:39','E',538),(959,42,'2019-09-13 09:59:37','I',539),(960,42,'2019-09-13 10:00:04','E',539),(961,42,'2019-09-13 10:27:35','I',540),(962,42,'2019-09-13 10:28:29','E',540),(963,42,'2019-09-13 10:28:52','E',540),(964,42,'2019-09-13 10:30:26','I',541),(965,42,'2019-09-13 10:30:52','E',541),(966,42,'2019-09-13 10:31:11','E',540),(967,42,'2019-09-13 10:33:36','I',542),(968,42,'2019-09-13 10:33:58','E',542),(969,42,'2019-09-13 10:34:20','E',542),(970,42,'2019-09-13 10:36:14','I',543),(971,42,'2019-09-13 10:36:54','E',543),(972,42,'2019-09-13 10:37:19','E',543),(973,42,'2019-09-13 10:38:45','I',544),(974,42,'2019-09-13 10:39:12','E',544),(975,42,'2019-09-13 10:41:48','I',545),(976,42,'2019-09-13 10:42:12','E',545),(977,42,'2019-09-13 10:43:45','I',546),(978,42,'2019-09-13 10:44:04','E',546),(979,42,'2019-09-13 10:45:43','I',547),(980,42,'2019-09-13 10:46:14','E',547),(981,42,'2019-09-13 10:48:08','I',548),(982,42,'2019-09-13 10:48:36','E',548),(983,42,'2019-09-13 10:50:00','I',549),(984,42,'2019-09-13 10:50:25','E',549),(985,42,'2019-09-13 10:52:43','I',550),(986,42,'2019-09-13 10:53:05','E',550),(987,42,'2019-09-13 10:53:58','I',551),(988,42,'2019-09-13 10:54:22','E',551),(989,42,'2019-09-13 10:57:30','I',552),(990,42,'2019-09-13 10:57:58','E',552),(991,42,'2019-09-13 10:59:07','E',167),(992,42,'2019-09-13 11:01:10','I',553),(993,42,'2019-09-13 11:01:39','E',553),(994,42,'2019-09-13 11:02:39','I',554),(995,42,'2019-09-13 11:03:11','E',554),(996,42,'2019-09-13 11:05:21','I',555),(997,42,'2019-09-13 11:06:59','I',556),(998,42,'2019-09-13 11:07:25','E',556),(999,42,'2019-09-13 11:07:40','E',555),(1000,42,'2019-09-13 11:10:08','I',557),(1001,42,'2019-09-13 11:17:34','I',558),(1002,42,'2019-09-13 11:18:27','E',558),(1003,42,'2019-09-13 11:22:21','I',559),(1004,42,'2019-09-13 11:27:00','I',560),(1005,42,'2019-09-13 11:27:25','E',560),(1006,42,'2019-09-13 11:29:42','I',561),(1007,42,'2019-09-13 11:30:17','E',561),(1008,42,'2019-09-13 11:32:18','I',562),(1009,42,'2019-09-13 11:35:52','I',563),(1010,42,'2019-09-13 11:40:14','I',564),(1011,42,'2019-09-13 11:41:05','E',564),(1012,42,'2019-09-13 14:34:55','I',565),(1013,42,'2019-09-13 14:35:19','E',565),(1014,42,'2019-09-14 13:52:29','E',183),(1015,42,'2019-09-14 13:53:14','E',183),(1016,42,'2019-09-14 14:02:58','I',566),(1017,42,'2019-09-14 14:03:34','E',566),(1018,42,'2019-09-14 14:06:45','I',567),(1019,42,'2019-09-14 14:07:18','E',567),(1020,42,'2019-09-14 14:09:28','I',568),(1021,42,'2019-09-14 14:10:25','E',568),(1022,42,'2019-09-14 14:11:37','E',568),(1023,42,'2019-09-14 14:14:33','I',569),(1024,42,'2019-09-14 14:18:44','I',570),(1025,42,'2019-09-14 14:19:52','E',570),(1026,42,'2019-09-14 14:20:59','I',571),(1027,42,'2019-09-14 14:21:25','E',571),(1028,42,'2019-09-14 14:23:43','I',572),(1029,42,'2019-09-14 14:25:05','E',572),(1030,42,'2019-09-14 14:27:48','I',573),(1031,42,'2019-09-14 14:28:41','E',573),(1032,42,'2019-09-14 14:32:50','I',574),(1033,42,'2019-09-14 14:33:25','E',574),(1034,42,'2019-09-14 14:39:29','I',575),(1035,42,'2019-09-14 14:40:20','E',575),(1036,42,'2019-09-14 14:43:07','I',576),(1037,42,'2019-09-14 14:44:22','E',576),(1038,42,'2019-09-14 14:54:02','I',577),(1039,42,'2019-09-14 14:54:58','E',577),(1040,42,'2019-09-14 14:58:25','I',578),(1041,42,'2019-09-14 15:01:26','I',579),(1042,42,'2019-09-14 15:02:53','E',579),(1043,42,'2019-09-14 15:14:47','I',580),(1044,42,'2019-09-14 15:17:42','I',581),(1045,42,'2019-09-14 15:19:06','I',582),(1046,42,'2019-09-14 15:19:52','E',582),(1047,42,'2019-09-14 15:21:27','I',583),(1048,42,'2019-09-14 15:24:14','I',584),(1049,42,'2019-09-14 15:25:48','I',585),(1050,42,'2019-09-14 15:27:15','I',586),(1051,42,'2019-09-14 15:28:47','I',587),(1052,42,'2019-09-14 15:30:09','I',588),(1053,42,'2019-09-14 15:32:41','I',589),(1054,42,'2019-09-14 15:35:27','I',590),(1055,42,'2019-09-14 15:36:49','I',591),(1056,42,'2019-09-14 15:38:08','I',592),(1057,42,'2019-09-14 15:39:34','I',593),(1058,42,'2019-09-14 15:40:57','I',594),(1059,42,'2019-09-14 15:42:36','I',595),(1060,42,'2019-09-14 15:43:44','I',596),(1061,42,'2019-09-14 15:44:59','I',597),(1062,42,'2019-09-14 15:46:18','I',598),(1063,42,'2019-09-14 15:47:30','I',599),(1064,42,'2019-09-14 15:48:53','I',600),(1065,42,'2019-09-14 15:50:07','I',601),(1066,42,'2019-09-14 15:51:47','I',602),(1067,42,'2019-09-14 15:52:53','I',603),(1068,42,'2019-09-14 15:53:57','I',604),(1069,42,'2019-09-14 15:54:58','I',605),(1070,42,'2019-09-14 15:57:13','I',606),(1071,42,'2019-09-14 15:58:15','E',168),(1072,42,'2019-09-14 16:00:00','I',607),(1073,42,'2019-09-14 16:01:46','I',608),(1074,42,'2019-09-14 16:03:17','I',609),(1075,42,'2019-09-14 16:05:06','I',610),(1076,42,'2019-09-14 16:07:28','I',611),(1077,42,'2019-09-14 16:09:01','E',611),(1078,42,'2019-09-14 16:10:29','I',612),(1079,42,'2019-09-14 16:12:29','I',613),(1080,42,'2019-09-14 16:14:17','I',614),(1081,42,'2019-09-14 16:15:53','I',615),(1082,42,'2019-09-14 16:17:47','I',616),(1083,42,'2019-09-14 16:19:01','I',617),(1084,42,'2019-09-14 16:20:12','I',618),(1085,42,'2019-09-14 16:21:25','I',619),(1086,42,'2019-09-14 16:22:48','I',620),(1087,42,'2019-09-14 16:24:12','I',621),(1088,42,'2019-09-14 16:27:27','I',622),(1089,42,'2019-09-14 16:29:21','E',622),(1090,42,'2019-09-14 16:32:01','I',623),(1091,42,'2019-09-14 16:32:38','E',623),(1092,42,'2019-09-14 16:32:44','E',623),(1093,42,'2019-09-15 18:51:45','I',624),(1094,42,'2019-09-15 18:52:15','E',624),(1095,42,'2019-09-15 18:53:20','I',625),(1096,42,'2019-09-15 18:53:48','E',625),(1097,42,'2019-09-15 18:55:12','I',626),(1098,42,'2019-09-15 18:56:30','I',627),(1099,42,'2019-09-15 18:58:50','I',628),(1100,42,'2019-09-15 19:00:45','I',629),(1101,42,'2019-09-15 19:08:50','I',630),(1102,42,'2019-09-15 19:12:11','E',630),(1103,42,'2019-09-15 19:14:29','I',631),(1104,42,'2019-09-15 19:15:19','E',631),(1105,42,'2019-09-15 20:08:35','D',613),(1106,42,'2019-09-20 11:36:42','I',632),(1107,42,'2019-09-20 11:37:44','E',632),(1108,42,'2019-09-20 11:42:14','I',633),(1109,42,'2019-09-20 11:42:52','E',633),(1110,42,'2019-09-20 11:47:54','I',634),(1111,42,'2019-09-20 11:49:08','E',634),(1112,42,'2019-09-20 11:50:26','I',635),(1113,42,'2019-09-20 11:51:12','E',635),(1114,42,'2019-09-20 11:53:39','I',636),(1115,42,'2019-09-20 11:54:04','E',636),(1116,42,'2019-09-20 11:56:31','I',637),(1117,42,'2019-09-20 11:57:06','E',637),(1118,42,'2019-09-20 11:59:33','I',638),(1119,42,'2019-09-20 12:00:23','E',638),(1120,42,'2019-09-20 12:01:43','I',639),(1121,42,'2019-09-20 12:04:36','I',640),(1122,42,'2019-09-20 12:05:13','E',640),(1123,42,'2019-09-20 14:33:35','I',641),(1124,42,'2019-09-20 14:34:23','E',641),(1125,42,'2019-09-20 14:36:39','I',642),(1126,42,'2019-09-20 14:39:35','I',643),(1127,42,'2019-09-20 14:42:06','I',644),(1128,42,'2019-09-20 14:45:07','I',645),(1129,42,'2019-09-20 14:51:20','I',646),(1130,42,'2019-09-20 14:53:40','I',647),(1131,42,'2019-09-20 14:56:16','I',648),(1132,42,'2019-09-20 15:14:56','I',649),(1133,42,'2019-09-20 15:15:51','E',649),(1134,42,'2019-09-20 15:17:22','I',650),(1135,42,'2019-09-20 15:17:55','E',650),(1136,42,'2019-09-20 15:19:12','I',651),(1137,42,'2019-09-20 15:19:56','E',651),(1138,42,'2019-09-20 15:24:56','I',652),(1139,42,'2019-09-20 15:25:32','E',652),(1140,42,'2019-09-20 15:28:28','I',653),(1141,42,'2019-09-20 15:29:24','E',653),(1142,42,'2019-09-20 15:32:42','I',654),(1143,42,'2019-09-20 15:33:27','E',654),(1144,42,'2019-09-23 09:26:49','I',655),(1145,42,'2019-09-23 09:27:41','E',655),(1146,42,'2019-09-23 09:29:23','I',656),(1147,42,'2019-09-23 09:29:48','E',656),(1148,42,'2019-09-23 09:30:33','E',221),(1149,42,'2019-09-23 09:33:31','E',222),(1150,42,'2019-09-23 09:36:47','E',223),(1151,42,'2019-09-23 10:16:34','I',657),(1152,42,'2019-09-23 10:17:01','E',657),(1153,42,'2019-09-23 10:18:29','I',658),(1154,42,'2019-09-23 10:19:00','E',658),(1155,42,'2019-09-23 10:22:30','I',659),(1156,42,'2019-09-23 10:23:19','E',659),(1157,42,'2019-09-23 12:29:38','I',660),(1158,42,'2019-09-23 12:30:14','E',660),(1159,42,'2019-09-23 12:31:49','I',661),(1160,42,'2019-09-23 12:32:27','E',661),(1161,42,'2019-09-23 12:36:03','I',662),(1162,42,'2019-09-23 12:36:35','E',662),(1163,42,'2019-09-23 12:38:55','I',663),(1164,42,'2019-09-23 12:39:23','E',663),(1165,42,'2019-09-23 12:41:44','I',664),(1166,42,'2019-09-23 12:42:25','E',664),(1167,42,'2019-09-23 12:44:21','I',665),(1168,42,'2019-09-23 12:49:22','I',666),(1169,42,'2019-09-23 12:49:52','E',666),(1170,42,'2019-09-23 12:52:31','I',667),(1171,42,'2019-09-23 12:54:02','E',667),(1172,42,'2019-09-23 14:15:32','I',668),(1173,42,'2019-09-23 14:16:02','E',668),(1174,42,'2019-09-23 14:17:51','I',669),(1175,42,'2019-09-23 14:18:20','E',669),(1176,42,'2019-09-23 14:20:05','I',670),(1177,42,'2019-09-23 14:20:36','E',670),(1178,42,'2019-09-23 14:22:53','I',671),(1179,42,'2019-09-23 14:23:17','E',671),(1180,42,'2019-09-23 14:24:49','I',672),(1181,42,'2019-09-23 14:25:10','E',672),(1182,42,'2019-09-23 14:27:00','I',673),(1183,42,'2019-09-23 14:27:01','I',674),(1184,42,'2019-09-23 14:28:38','E',674),(1185,42,'2019-09-23 14:30:51','I',675),(1186,42,'2019-09-23 14:38:57','E',675),(1187,42,'2019-09-23 14:40:49','I',676),(1188,42,'2019-09-23 14:41:15','E',676),(1189,42,'2019-09-23 14:42:46','I',677),(1190,42,'2019-09-23 14:43:19','E',677),(1191,42,'2019-09-23 14:45:46','I',678),(1192,42,'2019-09-23 14:46:14','E',678),(1193,42,'2019-09-23 14:47:53','I',679),(1194,42,'2019-09-23 14:48:22','E',679),(1195,42,'2019-09-23 14:55:37','I',680),(1196,42,'2019-09-23 14:56:03','E',680),(1197,42,'2019-09-23 14:58:04','I',681),(1198,42,'2019-09-23 15:08:06','I',682),(1199,42,'2019-09-23 15:08:50','E',682),(1200,42,'2019-09-23 15:11:43','I',683),(1201,42,'2019-09-23 15:12:14','E',683),(1202,42,'2019-09-23 15:54:14','I',684),(1203,42,'2019-09-23 15:56:10','E',684),(1204,42,'2019-09-23 16:24:55','I',685),(1205,42,'2019-09-23 16:25:24','E',685),(1206,42,'2019-09-23 16:27:37','I',686),(1207,42,'2019-09-23 16:28:12','E',686),(1208,42,'2019-09-24 09:44:05','I',687),(1209,42,'2019-09-24 09:44:44','E',687),(1210,42,'2019-09-24 09:46:35','I',688),(1211,42,'2019-09-24 09:47:07','E',688),(1212,42,'2019-09-24 09:50:24','I',689),(1213,42,'2019-09-24 09:50:48','E',689),(1214,42,'2019-09-24 09:53:00','I',690),(1215,42,'2019-09-24 09:53:30','E',690),(1216,42,'2019-09-24 09:56:24','I',691),(1217,42,'2019-09-24 09:57:30','E',691),(1218,42,'2019-09-24 10:00:25','I',692),(1219,42,'2019-09-24 10:00:50','E',692),(1220,42,'2019-09-24 10:04:05','I',693),(1221,42,'2019-09-24 10:05:08','E',693),(1222,42,'2019-09-24 10:07:46','I',694),(1223,42,'2019-09-24 10:11:26','I',695),(1224,42,'2019-09-24 10:13:53','I',696),(1225,42,'2019-09-24 10:17:09','I',697),(1226,42,'2019-09-24 14:53:33','I',698),(1227,42,'2019-09-24 14:55:06','E',698),(1228,42,'2019-09-24 14:58:14','I',699),(1229,42,'2019-09-24 14:58:39','E',699),(1230,42,'2019-09-24 15:00:29','I',700),(1231,42,'2019-09-24 15:01:03','E',700),(1232,42,'2019-09-24 15:02:41','I',701),(1233,42,'2019-09-24 15:03:15','E',701),(1234,42,'2019-09-24 15:05:12','I',702),(1235,42,'2019-09-24 15:06:29','E',702),(1236,42,'2019-09-24 15:09:21','I',703),(1237,42,'2019-09-24 15:09:51','E',703),(1238,42,'2019-09-24 15:11:52','I',704),(1239,42,'2019-09-24 15:12:26','E',704),(1240,42,'2019-09-24 15:14:52','I',705),(1241,42,'2019-09-24 15:15:23','E',705),(1242,42,'2019-09-24 15:18:37','I',706),(1243,42,'2019-09-24 15:19:03','E',706),(1244,42,'2019-09-24 15:29:27','I',707),(1245,42,'2019-09-24 15:30:29','E',707),(1246,42,'2019-09-24 15:34:03','I',708),(1247,42,'2019-09-24 15:34:48','E',708),(1248,42,'2019-09-24 15:45:43','I',709),(1249,42,'2019-09-24 15:46:17','E',709),(1250,42,'2019-09-24 15:51:11','I',710),(1251,42,'2019-09-24 15:51:49','E',710),(1252,42,'2019-09-24 15:52:36','E',710),(1253,42,'2019-09-24 15:55:01','I',711),(1254,42,'2019-09-24 15:55:32','E',711),(1255,42,'2019-09-24 16:14:57','I',712),(1256,42,'2019-09-24 16:15:40','E',712),(1257,42,'2019-09-24 16:16:57','E',712),(1258,42,'2019-09-24 16:18:50','I',713),(1259,42,'2019-09-24 16:19:49','E',713),(1260,42,'2019-09-24 16:22:52','I',714),(1261,42,'2019-09-24 16:33:03','E',67),(1262,42,'2019-09-24 16:33:23','E',67),(1263,42,'2019-09-25 10:27:29','I',715),(1264,42,'2019-09-25 12:00:46','E',715),(1265,42,'2019-09-25 12:05:48','E',265),(1266,42,'2019-09-25 12:06:43','E',265),(1267,42,'2019-09-25 12:14:17','E',142),(1268,42,'2019-09-25 12:18:19','I',716),(1269,42,'2019-09-25 12:19:01','E',716),(1270,42,'2019-09-25 12:32:28','I',717),(1271,42,'2019-09-25 12:33:12','E',717),(1272,42,'2019-09-25 12:51:59','I',718),(1273,42,'2019-09-25 12:53:21','E',718),(1274,42,'2019-09-25 12:56:51','E',200),(1275,42,'2019-09-25 14:02:05','I',719),(1276,42,'2019-09-25 14:03:06','E',719),(1277,42,'2019-09-25 14:07:35','I',720),(1278,42,'2019-09-25 14:08:24','E',720),(1279,42,'2019-09-25 14:12:02','I',721),(1280,42,'2019-09-25 14:13:21','E',721),(1281,42,'2019-09-25 14:20:37','I',722),(1282,42,'2019-09-25 14:36:27','I',723),(1283,42,'2019-09-25 14:38:36','E',723),(1284,42,'2019-09-25 14:48:11','I',724),(1285,42,'2019-09-25 14:48:36','E',724),(1286,42,'2019-09-25 14:52:57','I',725),(1287,42,'2019-09-25 14:53:50','E',725),(1288,42,'2019-09-25 14:56:42','I',726),(1289,42,'2019-09-25 14:57:25','E',726),(1290,42,'2019-09-25 15:00:37','I',727),(1291,42,'2019-09-25 15:01:12','E',727),(1292,42,'2019-09-25 15:29:07','I',728),(1293,42,'2019-09-25 15:29:44','E',728),(1294,42,'2019-09-25 15:32:30','I',729),(1295,42,'2019-09-25 15:33:11','E',729),(1296,42,'2019-09-25 15:35:26','I',730),(1297,42,'2019-09-25 15:36:02','E',730),(1298,42,'2019-09-25 15:36:42','E',730),(1299,42,'2019-09-25 15:41:50','E',222),(1300,42,'2019-09-25 15:42:33','E',223),(1301,42,'2019-09-25 15:43:26','E',223),(1302,42,'2019-09-26 09:52:12','D',478),(1303,42,'2019-10-02 10:10:32','E',237),(1304,42,'2019-10-02 14:43:03','I',731),(1305,42,'2019-10-02 14:43:40','E',731),(1306,42,'2019-10-03 09:52:05','I',732),(1307,42,'2019-10-03 09:53:37','E',732),(1308,42,'2019-10-03 09:59:32','E',329),(1309,42,'2019-10-03 10:08:18','E',722),(1310,42,'2019-10-03 10:26:20','I',733),(1311,42,'2019-10-03 10:28:52','E',733),(1312,42,'2019-10-03 11:09:39','D',185),(1313,42,'2019-10-03 11:31:12','E',83),(1314,42,'2019-10-03 11:39:36','E',76),(1315,42,'2019-10-03 11:42:12','E',119),(1316,42,'2019-10-04 11:21:19','E',218),(1317,42,'2019-10-10 11:05:00','I',734),(1318,42,'2019-10-10 11:07:13','E',734),(1319,42,'2019-10-10 11:52:33','I',735),(1320,42,'2019-10-11 12:05:45','E',186),(1321,42,'2019-10-11 15:21:25','E',170),(1322,42,'2019-10-15 14:08:52','I',736),(1323,42,'2019-10-15 14:19:22','I',737),(1324,42,'2019-10-15 14:20:31','E',737),(1325,42,'2019-10-15 14:34:29','I',738),(1326,42,'2019-10-15 14:35:40','E',738),(1327,42,'2019-10-15 14:46:38','I',739),(1328,42,'2019-10-15 14:49:24','I',740),(1329,42,'2019-10-15 14:54:41','I',741),(1330,42,'2019-10-15 14:55:58','E',741),(1331,42,'2019-10-15 15:05:20','I',742),(1332,42,'2019-10-15 15:08:10','I',743),(1333,42,'2019-10-16 09:19:22','I',744),(1334,42,'2019-10-16 09:22:39','I',745),(1335,42,'2019-10-16 09:31:26','I',746),(1336,42,'2019-10-16 10:23:14','I',747),(1337,42,'2019-10-16 10:29:13','I',748),(1338,42,'2019-10-16 10:29:13','I',749),(1339,42,'2019-10-17 15:15:19','E',690),(1340,42,'2019-10-17 15:16:16','E',407),(1341,42,'2019-10-17 15:16:45','E',420),(1342,42,'2019-10-17 15:17:13','E',742),(1343,42,'2019-10-17 15:17:48','E',361),(1344,42,'2019-10-17 15:18:15','E',488),(1345,42,'2019-10-17 15:18:43','E',508),(1346,42,'2019-10-17 15:19:05','E',463),(1347,42,'2019-10-17 15:19:32','E',497),(1348,42,'2019-10-17 15:19:54','E',498),(1349,42,'2019-10-17 15:20:22','E',499),(1350,42,'2019-10-17 15:21:34','E',725),(1351,42,'2019-10-17 15:21:59','E',384),(1352,42,'2019-10-17 15:22:29','E',517),(1353,42,'2019-10-17 15:23:16','E',399),(1354,42,'2019-10-17 15:23:46','E',389),(1355,42,'2019-10-17 15:24:14','E',385),(1356,42,'2019-10-17 15:25:25','E',419),(1357,42,'2019-10-17 15:26:03','E',432),(1358,42,'2019-10-17 16:28:34','E',208),(1359,42,'2019-10-17 16:35:58','D',206),(1360,42,'2019-10-17 16:47:35','D',187),(1361,42,'2019-10-17 16:52:33','E',218);

/*Table structure for table `cedepartment` */

DROP TABLE IF EXISTS `cedepartment`;

CREATE TABLE `cedepartment` (
  `CEDeptId` int(11) NOT NULL AUTO_INCREMENT,
  `CEDeptName` varchar(250) NOT NULL,
  `GMDeptId` int(11) NOT NULL,
  PRIMARY KEY (`CEDeptId`)
) ENGINE=InnoDB AUTO_INCREMENT=3 DEFAULT CHARSET=latin1;

/*Data for the table `cedepartment` */

insert  into `cedepartment`(`CEDeptId`,`CEDeptName`,`GMDeptId`) values (1,'Chief Engineer Power',1),(2,'Chief Engineer Planning',2);

/*Table structure for table `counsel` */

DROP TABLE IF EXISTS `counsel`;

CREATE TABLE `counsel` (
  `CounselId` int(11) NOT NULL AUTO_INCREMENT,
  `CName` varchar(200) NOT NULL,
  `CAddress` varchar(200) NOT NULL,
  `CPhone` varchar(200) NOT NULL,
  `CNIC` varchar(100) NOT NULL,
  `CEmail` varchar(100) NOT NULL,
  `CNTN` varchar(200) NOT NULL,
  `RecordStatus` tinyint(1) NOT NULL DEFAULT '1',
  PRIMARY KEY (`CounselId`)
) ENGINE=InnoDB AUTO_INCREMENT=166 DEFAULT CHARSET=latin1;

/*Data for the table `counsel` */

insert  into `counsel`(`CounselId`,`CName`,`CAddress`,`CPhone`,`CNIC`,`CEmail`,`CNTN`,`RecordStatus`) values (1,'Raheela Mughal Advocate','House No.67/1, Rah-e-Sakoon Habib Ullah Colony Abbottabad','0345-9561886','','raheelabibi1@outlook.com','',1),(10,'Muhammad Bukhtiar Advocate','District Courts Bannu','0333-9723890','','','',1),(11,'Peer Liaqat Ali Shah Advocate','House No. 20-B Phase-I Sector-B Township, Bannu','03009599575','','','',1),(12,'Syed Asfandyar Ali Shah Advocate','District Courts Bannu','0335-7713610','','asfandyaralishah8@gmail.com','',1),(13,'Muhammad Arshad Pathan, Advocate','Near Ibrat Press, Gari Khata, Hyderabad.','0300-3793894','','','',1),(14,'Sheikh Muhammad Ali, Advocate','I-C, LDA Apartments, 55-Lawarance Road, Lahore','0300-6320992','','ali@rasikh.pk','',1),(15,'Ch. Saleem Akhtar Warriach  Advocate','H. No. 119, Gulshan Lal Shaheed Town  Near 84-E Shah Rukn-e-Alam Colony, Multan.','0301-7419959','','','',1),(16,'Uzma Zaki Advocate','Office No. 5, 1st. Floor, 8-Fan Road,Lahore','0301-4002773','','uzmazk@yahoo.com','',1),(17,'Mehar Shahid Mehmood Advocate','Office No. 26,3rd Floor Ali Plaza,  3-Mozang Road, Lahore','03214100656','','','',1),(18,'Muhammad Munir Paracha Advocate','House No.19, Street No.59, F-8/4 Islamabad','0300-9701586','','','',1),(19,'Aurangzeb Mirza Advocate','Office No.6, 2nd Floor Imtiaz Plaza, 85-The Mall, Lahore','0300-8401206','','','',1),(20,'Muhammad Idrees Naqshbandi  Advocate','Near Jamia Masjid , Risala Road, Hyderabad','0333-2623627','','','',1),(21,'Syed Mujeeb Alam Shah Advocate','Office 12, Ground Floor, Behind Sher Khan Chambers,  Qazi Abdul Qayoom Road, Hyderabad','0333-2138154','','','',1),(22,'Naseer-ud Din A-Abro Advocate','A-16, Sharif Esquire Hussain Abad, Hyderabad','0301-3538661','','','',1),(23,'Mr. Muhammad Rehan Khan Durrani Advocate','19 Mezzanine Floor, Humayoon Gymkhana Complex, Stadium Road, Sukkur','0321-3133845','','','',0),(24,'Syed Kamran Ali Advocate','Bungalow No.7/C Block-A Unit No.10,Latifabad, Hyderabad','0332-2667609','','','',1),(25,'Sheikh Abdul Ghani Advocate','H. No. 177 (SCH Society) Airport Road Sukkur','071-5632177','','','',1),(26,'Muhammad Idrees Naqshbandi  Advocate','Near Jamia Masjid , Risala Road, Hyderabad','0333-2623627','','','',1),(27,'Muhammad Rehan Khan Durrani Advocate','19 Mezzanine Floor, Humayoon Gymkhana Complex, Stadium Road, Sukkur','0321-3133845','','rehan.durrani786@yahoo.com','',1),(28,'Ghulam Mustafa Buzdar Advocate','House No.S-9 Institute of Engineering, Near Serena Hotel Zarghoon Road Quetta Cantt','0300-9382167','','','',1),(29,'Ch. Tayyub Raza Advocate','Annexe AuqaF, (Adjacent Gate High Court) The Mall Lahore.','0341-4182414','','','',1),(30,'Ghulam Murtaza Shaikh Advocate','House No. A/58/2, Sangum View Main Road Connecting Unit No.03&04 Latifabad Giddu Chowk Hyderabad','0315-3418063','','','',1),(31,'Syed Abbas Hayder Jafri Advocate','Flat No.06, 3rd  Floor Buldg No.23-C Khyban-e-Seher, Opposite 28 Street, (Small Shahbaz), Phase VI DHA, Karachi','0334-3238310, 0300-8231941','','','',1),(32,'Arbab Ali Chandio Advocate','District Courts, Noshehro Feroze','0306-2996460','','','',1),(33,'Qurban Ali Malano Advocate','office No. 6-7 Queens Tower 1st Floor Near HBVL Minara Road Sukkur','Nil','','','',1),(34,'Syed Muhammad Tayyab Kaleem  Advocate','District Courts,  Dera Ghazi Khan','Nil','','','',1),(35,'Mehr Irshad Ahmad Arien Advocate','Seat No.05, Near Session Court Gate, District Courts, Multan','0301-7476014','','meharirshadadv@gmail.com','',1),(36,'Usman Sheikh Advocate','75-Dilkusha Chamber Plaza Suqare, M.A Jinnah Road, Karachi','0300-2281400','','shusman32@yahoo.com','',1),(37,'Nasir Rizwan Khan Advocate',', Room No. 613, 6th Hoor Center Opposite Citys Courts, Karachi','0300-9209158','','','',1),(38,'Mian Muhammad Mudassar Bodla Advocate','Syed Law Chamber Near Family Hospital 4-Mozang Road, Lahore','0333-4362312','','','',1),(39,'Hasnain Ibrahim Kazmi Advocate','House No.12, Street No.48, Sector F-8/4, Islamabad','0321-8452727','','hasnainkaz@gmail.com','',1),(40,'Syed Ahmad Hassan Shah Advocate','207,2nd Floor Block-S  Shaukat Complex, Markaz F-8 Islamabad','0300-8502006','','ahassan@hkn.com.pk','',1),(41,'Shiekh Zamir Hussain Advocate','London Book Company Building Kashmir Road, Sadar Rawalpindi','0300-8566464','','','',1),(42,'Khalid Zaman Khan Advocate','Room No.4, 2nd Floor, Khan Plaza F-8, Markaz Islamabad','0300-5338909','','','',1),(43,'Barrister Munawar-us Salam','M/s Cornelous, Lane and Mufti Advocates, Nawa-e-Waqt Building, Queens Road, Lahore','042-36360824','','','',1),(44,'Fida Gul Advocate','Lamsay Arcade, opposite Green Shadi Hall, Iftikhar Alam Road, Cantt Peshawar','0333-9177817','','','',1),(45,'Barrister Sharjeel Adnan Sheikh','16-Lawrance Road Lahore','042-36361313','','','',1),(46,'Barrister Khalid Jawed Khan','F-27/2 Block-09 KDA Scheme No.05 Clifton Karachi','0300-8272611','','','',1),(47,'Asad Jan Advocate','Room No. 212-13, Al-Mumtaz Hotel, Hasht Nagri, Old G.T.S Bus Adda, Peshawar','0333-9117513','','','',1),(48,'Farrukh Anwaar Advocate','Farrukh & Associates Fahad Arcade, 13-Regal Street, 63 Shahrah-e-Quaid-e-Azam, Lahore','0321-7662469','','','',1),(49,'Mian Tabassum Ali Advocate','Annexe Auqat, (Adjacent Gate High Court) The Mall Lahore','0300-4182414','','tmtlawservices@gmail.com','',1),(50,'Syed Mumtaz Mazhar Naqvi Advocate','13-Malik Plaza, Basement F-8 Markaz, Islamabad','0300-5144858','','','',1),(51,'Muhammad Pervaiz Jalees Alvi Advocate','87-D, Rizwan Block, Awan Town, Multan Road Lahore','0300-4365779','','pervezjaleesalvi@gmail.com','',1),(52,'Sajjad Hussain Chughtai Advocate','Office No.24, 2nd Floor, CM Centre, Link Fareed Court Lahore','0346-4023656','','','',1),(53,'Salman Sadiq Advocate','1st  Floor, Al-Qadar Center, 1-Mozang Road, Lahore','0300-4518060','','','',1),(54,'Muhammad Abdul Rafeh Advocate','5-Al Kausar Plaza G-10 Markaz, Islamabad','0300-5108321','','rafeh111@yahoo.com','',1),(55,'Ch. Muhammad Asad Raan Advocate','House No.92-D, Street No. 2, Gali No.9, Sector G-7/3-2, Islamabad','0321-5302346','','Fraa@yahoo.com','',1),(56,'Rao Sajid Nadeem Advocate','Office No.3, Cantt Court  Lahore','0321-4837983','','','',1),(57,'Saeed Ahmad Bhatti Advocate','Akram Mansion, Nila Gumbad Anarkali, Lahore','0333-4350899','','','',1),(58,'Mian Muhammad Javaid Advocate','4-Link Farid Kot Road, Lahore','0300-4208513','','','',1),(59,'Aamir Aziz Qazi Advocate','130-Old Block Distt. Courts, Multan','0300-6367284','','','',1),(60,'Nida Gilani Advocate','24/1 Block-B, Military Accounts Cooperative Housing Society College Road, Lahore.','0334-9869297','','nidagil@yahoo.com','',1),(61,'Mustafa Irfan Advocate','Office No.401, 4th Floor, Sadiq Plaza, The Mall, Lahore','0323-8899927','','','',1),(62,'Barrister Zahrah Sehr Vayani','F-27/2, Clifton Road, KDA Scheme 5, Clifton Block 9, Karachi-75600','0300-8221558','','zahrahvayani@gmail.com','',1),(63,'couselname','Egerton road lahore','03459275557','1120153664389','baxeer@yahoo.com','21215322151',0),(64,'checkingmsg','Egerton road lahore','03459275557','132326','baxeer@yahoo.com','21215322151',0),(65,'testing_counsel','Islamabad','923459275557','NIC','baseer.khan@ntdc.com.pk','12543521542',0),(66,'FirstCounsel','Islamabad','923459275557','212152','baseer.khan@ntdc.com.pk','12543254',0),(67,'firstcounsel','BlueArea Islamabad','923459275557','454','baxeer@yahoo.com','1245541',0),(68,'firstcounsel','BlueArea Islamabad','923459275557','454','baxeer@yahoo.com','1245541',0),(69,'firstcounsel','Islamabad','923459275557','1215','baseer.khan@ntdc.com.pk','1221521',0),(70,'firstcounsel','Islamabad','923357402065','1254','atif@ntdc.com.pk','12548554',0),(71,'bcounsel','islo','923009330826','255','baxeer@outlook.com','1243255',0),(72,'mycounsel','Islamabad,pk','923459275557','12546','baseer.khan@ntdc.com.pk','125421',0),(73,'mycounsel','Islamabad,pk','923459275557','12546','baseer.khan@ntdc.com.pk','125421',0),(74,'TestingCounsel','Lahore,Pk','923218480038','36535','atif@ntdc.com.pk','12534',0),(75,'Badar Alam','Office, 504-505, 5th Floor Uni Shopping Centre Abdullah Haroon Road Saddar Karachi-74400','0300-8240565','','badaralamadv@gmail.com','',1),(76,'Mian Ashiq Hussain Advocate','Supreme Court of Pakistan 16-Link Faridkot Road (External Lawyer)','042-37312500','','ashiqhussain@live.com','',1),(77,'Barrister Mustafa Aftab A. Sherpao Mohmand & Sherpao Law Associates','H No.7 Street No.49, Sector F-6/4, Islamabad','0300-5555566','','','',1),(78,'Sardar Qasim Farooq Ali Advocate,','Awan Ali Law Associates  9-A Kiran Villas, Aziz Avenue Gulberg-V, Canal Bank Road','0300-8400682','','','',1),(79,'Sahibzada Uzair Hashim C&T Consultants','H No.322 Main Nazi mud din Road F-11/1, Islamababad','0301-8540001','','sahibzadah.hashim@gmail.com','',1),(80,'Asim Nazir Advocate','Suit No. 417, 4th Floor Eden Heights, 6-Jail Road,','0300-8447037 042-35710372','','aadvocat@gmail.com','',1),(81,'Syed Taffazul Haider Rizvi Advocate','Rizvi & Rizvi Advocates, 11-Fane Road Justice Kayani Road Lahore','042-37121791 042-37121792','','','',1),(82,'Arif Nazir Advocate','Afaaq Market, Conodas, Office No.12 Gilgit','0355-4129777','','','',1),(83,'Rai Mazhar Hussain Kharal, Advocate,','Office District Courts Rahim Yar Khan','0300-9675998','','','',1),(84,'Muhammad Ajmal Advocate','S.K.  Chaudhry Law Associates, District Courts, Nankana Sahib','0300-4511651','','','',1),(85,'Umar Akram Chaudhry','Raja Muhammad Akram & Co. Office No.33-C, Main Gulberg, Lahore','0321-7067876 042-3570208','','','',1),(86,'Dr. Amjad Hussain Bokhari ASC,','Amjad Bokhari & Associates  418, Continental Trade Center, Block-8, Clifton, Karachi','0321-2729777 021-35140670','','','',1),(87,'Syed Shahab Qutub Advocate','Axis Law Chambers  5-S Gulberg-II, Lahore','0333-4328857 0321-4111245','','','',1),(88,'Rana Naveed Ashiq Advocate,','KNK Law Associates Suite No. 30, 3rd Floor Sadiq Plaza  69-The Mall.','0300-4207954','','rananaveed11@gmail.com','',1),(89,'Barrister Ahmad Pervaiz','20-Sir Ganga Ram Mansions, The Mall, Lahore.','042-37313594, 37313520','','','',1),(90,'Fiaz Ahmad Sanghaira Advocate','2nd Floor, Anab Center, 1-Mozang Road,Lahore.','0336-4346032 0300-4346032','','fiaz.adv@yahoo.com fiazlawassociates@gmail.com','',1),(91,'Misbah Kokab Advocate','High Court Annexe Auqat, (Adjacent Gate High Court) The Mall Lahore.','0321-4182414','','','',1),(92,'Amjad Ali Tabassam Advocate','70 Allama Iqbal Law Chamber, District Courts.','0300-9823429','','','',1),(93,'Naheed Seemi Advocate','House No.38, Street No.39 Sector I-8/2, Islamabad','0335-5643704','','','',1),(94,'Hasnain Ibrahim Kazmi, Advocate','House No.12, Street No.48, Sector F-8/4, Islamabad','0321-8452727','','hasnainkaz@gmail.com','',1),(95,'Mian Muhammad Mudassar Bodla Advocate,','Syed Law Chamber Near Family Hospital 4-Mozang Road,','0333-4362312, 0321-4386312','','','',1),(96,'Faiza Safdar Advocate','Flat No.T-13, Block C-10 PHA Apartments  G-11/3 Islamabad','0331-8111865','','','',1),(97,'Hafiz Muhammad Abdul Qayyum Advocate','High Court Chambers Bahawalpur.','0321-6830010 0300-9682428','','hafizlawassociate@gmail.com','',1),(98,'Bakhtawar Bilal Sufi, Advocate,','Samar Masood, Advocate, 9-Fane Road, Lahore','042-37324148','','','',1),(99,'Raza Bashir Advocate','Shah Chahragh Chambers Annexe,  Room No.5, 2nd Floor, Adjacent,  Lahore High Court, The Mall, Lahore','0300-4371069','','','',1),(100,'Syed Kazim Hussain Kazmi Advocate','Office No. 344, 1st Floor Mujahid Plaza, Blue Area, Islamabad','0333-5114316','','','',1),(101,'Syed Muhammad Javaid Rizvi Advocate','26-C District Courts,','0333-4293943','','muhammadjavedrizvi@gmail.com','',1),(102,'Abuzar Salman Khan Niazi Advocate,','Partner Raja Muhammad Akram & Co. 33-C, Main Boulevard, Main Gulberg Lahore','0321-4406380 04235750208/042-35750074','','mail:ask.niaze@hotmail.com','',1),(103,'Syed Amjad Hussain Shah Gardezi Advocate','Azad Palaza Near Civil Court Dheerkot Distt. Bagh AJK','0300-5154415 0346-5154415','','','',1),(104,'Basharat Ali Ch. Advocate','18-A Civil Courts Wazirabad','0300-6202336','','','',1),(105,'Muhammad Ajmal Khan Tahir Kheli Advocate','Ghazi Civil Court Tehsil & Distt. Haripur','0336-9854613','','','',1),(106,'Iqbal Hussain, Advocate','17-Distt. Courts, Batkhela, Malakand,','0345-9510662','','','',1),(107,'Muhammad Ali Advocate','Distt. Bar Association Alpuri Distt. Shangla KPK','0346-9120484','','','',1),(108,'Dr. Muhammad Irtiza Awan Advocate','Al-Majeed Centre, 1-Moazang Road, 38-Link Fareed Court, Lahore.','0300-4211934','','','',1),(109,'Muhammad Aurangzaib Zahid Advocate','High Court, Distrrict Courts, Mansehra','0345-9554836','','','',1),(110,'Anwar Khan Laghmani Advocate','Distt. Courts Mansehra','0311-0033000','','','',1),(111,'Syed Naveed-ul-Hassan Advocate','Tehsil Courts Pattoki Distt. Kasur','03009406475','','','',1),(112,'Malik Atif Sajawal, Advocate','Supreme Court,  Distt. Courts Palandri AJ&K','0345-3968978','','','',1),(113,'Sardar Atta Elahi Abbasi,','ASC Azad Plaza, Near Civil Courts, Dheerkot Distt. Bagh AJK','0345-8532300','','','',1),(114,'Anwar Hussain Advocate','Distt. Courts Mardan','0321-9879106','','','',1),(115,'Asad Jan Advocate','Room No. 212-13, Al-Mumtaz Hotel, Hasht Nagri, Old G.T.S Bus Adda,','0333-9117513','','','',1),(116,'Syed Sultan Shah Advocate,','District Court, Batgram','0301-8123314','','','',1),(117,'Akhnokh Khan Advocate','Village Tain, Post office Tain Tehsil Thorar  Distt.Rawalakot AJK','0344-1522947','','','',1),(118,'Tabish Imam Kazmi Advocate','Central Bar Association c/o United General Store, Lower PLAT','0312-9063448','','','',1),(119,'Akhtar Ali Monga,','G-23, Hajvery Complex, 2-Mozang Road, Lahore','0345-8456927','','','',1),(120,'Sahfique Awan Advocate','Near Taj Mehal Hotl, State Life Building Tanga Stand, Muzaffarabad, AJ&K','0341-9619075','','','',1),(121,'S. Moazzam Ali Rizvi Advocate','H. No. 60 Street No. 4-B Lawyers Township Near Gulzar-e-Quaid Chaklala Rawalpindi 4/4-B Room No. 04 2nd Floor Nazar Plaza Commercial Centre Satellite Town Rawalpindi','0333-5321214','','','',1),(122,'Mian Farooq Ahmad Advocate','House No. 25/8 Purani Mandi,','0300-6584929','','','',1),(123,'Noor Ullah Qureshi Advocate','Chamber No.1, Custodian Building Opp GPO Old Secretariat Muzaffarabad','0313-8108661','','','',1),(124,'Shabbir Ahmad Advocate','II Floor Sadiq Plaza, Room No. 25, The Mall, Lahore','0300-4619017','','','',1),(125,'Haji Abdul Jabbar Advocate,','121-District Courts Faisalabad.','0300-8661255','','','',1),(126,'Mahar Imtiaz Younas Tullah Advocate','Office No.184, Distt.courts, Sahiwal.','0300-9696742','','','',1),(127,'Ikram Ullah Khan Advocate','District Courts, Lakki Marwat','0313-9865566','','','',1),(128,'Mr. Naseer Ahmad Bhatti Advocate,','4-Link Farid Kot Road, Lahore','0300-4208513','','','',1),(129,'Mr. Ejaz Ahmad Khan Advocate','Distt. Courts,','0333-9006110','','','',1),(130,'Muhammad Bilal Bhatti Advocate','c/o High Court Bar Association,','0300-6829656','','','',1),(131,'Saleem Akhtar Khan','Sub Divisional Courts, Daska, Distt. Sialkot','0300-9618451','','','',1),(132,'Azmat Lodhi Advocate','5-Temple Road','0300-8464337','','azmatlodhiandcompany@gmail.com','',1),(133,'Khan Maqbool Hussain Gabol Advocate','Main D.G Khan  Road','0662422790','','','',1),(134,'Pirzada Muhammad Aurangzaib Shah Advocate','Office No.1104, Al-Hafeez Heights, Ghalib Road, Gulberg-III Lahore','0321-7006698','','','',1),(135,'Zafar Ahmad Bhatti Advocate,','367-Jinnah Law Chambers, Distt. Courts,','0333-6521151 0315-6521151','','','',1),(136,'Malik Israr Elahi Advocate','Supreme Court of Pakistan office No.15-G, Gulberg II Lahore','0300-4406464','','maellahi@hotmail.com','',1),(137,'Ch. Zahoor Hussain Zafar Advocate','150 District Court, Faisalabad','0300-7667962','','','',1),(138,'Suboohi Zaib Advocate,','2nd Floor, Patyala Complex, 2-Link Mecleod Road, Lahore','0321-6347842','','','',1),(139,'Kunwar Riaz Khan, Advocate High Court,','1st Floor Babar Hotel,Chambers 4-Mozang Road, Lahore','0311-0056789','','','',1),(140,'Mian Muhamamd Mushtaq Advocate,','Chamber No. 11 District Courts, Executive Block Sialkot.','0321-6140728','','','',1),(141,'Ch. Tayyab Raza Advocate','High Court Annexe AuqaF, (Adjacent Gate High Court) The Mall Lahore','0341-4182414','','','',1),(142,'Muhammad Akram Advocate High Court','Suit No. LG-8/A, Hajveri Complex, 2-Mozang Road,','042-37246094-6 03009416795','','','',1),(143,'Naveed Akhtar Kiani Advocate','Mian Israr Law Chamber Awan-e-Auqaf Building','0333-4379410','','','',1),(144,'Barrister Arslan Akhtar','Advocate High Court Office No.401 4th floor Sadiq Plaza Mall Road, Lahore','0333-4212774','','','',1),(145,'Muhammad Anas Makhdoom Advocate,','2nd Floor, Hotel Imperial Building M.T. Khan Road, Karachi','0321-2428502','','','',1),(146,'Ch. Ayub Tariq Randhawa Advocate,','District Courts, near Labour Court No.4, Faisalabad','0306-0406533','','','',1),(147,'Umer Sharif Advocate','office No.202 Land Mark Plaza Jail Road Gulberg-V, Lahore.','0300-9460101, 042-7313954','','umerlaw@yauoo.com','',1),(148,'Sikandar Hayat Khan Sial Advocate','Madni Law Associates, 7-Turner Road,','0333-9455817','','','',1),(149,'Syed Ghazanfar Ali Advocate','office No.06&7, Aftab Tower, 3rd Floor Near AG Office Chowk, Darbar Hazrat Moj Darya, 16-Edward Road Lahore.','0300-4510443 0322-7413949','','','',1),(150,'Arif Rahim Ustarana Advocate','Distt. Courts,  Dera Ismail Khan','0300-5793465','','','',1),(151,'Syed Asfandyar Ali Shah Advocate,','District Courts Bannu','0335-7713610','','asfandyaralishah8@gmail.com','',1),(152,'Tahir Ishaq Mughal Advocate','Chamber No.47 Tehsil Courts Taxila Distt. Rawalpindi','0300-5152406','','','',1),(153,'Shakir Muhammad Malik Advocate','Distt. Courts Rajanpur','0333-6439902','','shakirmalik_lawyer@yahoo.com','',1),(154,'Muhammad Ashraf Sheikh Advocate,','House No. 36, Street No.3, Altaf Town, Opposite High Court Bar, Tariq Road, Multan','0333-6162030','','muhammadashrafsheikh@gmail.com','',1),(155,'Jagdish R. Mulani Advocate','Office No.1219/F near Ibrat Press Gari Khata','0333-2727551','','','',1),(156,'Faizullah Khan Advocate','Session Courts Qilla Saifullah Balochistan','0333-7858215','','','',1),(157,'Mr. Faizullah Khan Advocate','Session Courts Qilla Saifullah Balochistan','0333-7858215','','','',0),(158,'Aamir Aziz Qazi Advocate','130-Old Block Distt. Courts, Multan','0300-6367284','','','',1),(159,'Jahanzeb Ahmad Chughtai Advocate','Bar Room, Dera Ismail Khan','0334-7613445','','rk7911557@gmail.com','',1),(160,'Tahir Zia Mehar Advocate,','Sarwar Building-I, Turner Road,','0300-9464641','','','',1),(161,'IRFAN AHMAD QURESHI ADVOCATE','Room No.11, Distt. Counsel Building Opp Gul Center Thandi Sarak, Hyderabad','0300-3012039','','','',0),(162,'Sardar Muhammad Yousaf Lashari Advocate,','Tehsil & District Court, Jampur','0333-6482859','','','',1),(163,'Ch. Azam Hussain Hanjra Advocate','C.C No.1670 off Mian Abbas Law Chamber 2523 F Distt Jail Road Near old Building High Court Multan','0308-6736262','','','',1),(164,'Mian Muhammad Rafique Arain Advocate,','Chamber No.127, District Courts Gujranwala','0301-6368630 0333-8112562','','','',1),(165,'IRFAN AHMAD QURESHI ADVOCATE','Room No.11, Distt. Counsel Building Opp Gul Center Thandi Sarak, Hyderabad','0300-3012039','','','',1);

/*Table structure for table `counselattachdoc` */

DROP TABLE IF EXISTS `counselattachdoc`;

CREATE TABLE `counselattachdoc` (
  `counselattachdoc_PK` int(11) NOT NULL AUTO_INCREMENT,
  `CounselId` int(200) NOT NULL,
  `FileName` varchar(200) NOT NULL,
  PRIMARY KEY (`counselattachdoc_PK`)
) ENGINE=InnoDB AUTO_INCREMENT=2 DEFAULT CHARSET=latin1;

/*Data for the table `counselattachdoc` */

/*Table structure for table `counseltablelog` */

DROP TABLE IF EXISTS `counseltablelog`;

CREATE TABLE `counseltablelog` (
  `CounselTableLog_PK` int(11) NOT NULL AUTO_INCREMENT,
  `UserId` int(200) NOT NULL,
  `DateTime` timestamp NOT NULL DEFAULT CURRENT_TIMESTAMP,
  `Action` varchar(10) NOT NULL,
  `CounselId` int(200) NOT NULL,
  PRIMARY KEY (`CounselTableLog_PK`)
) ENGINE=InnoDB AUTO_INCREMENT=262 DEFAULT CHARSET=latin1;

/*Data for the table `counseltablelog` */

insert  into `counseltablelog`(`CounselTableLog_PK`,`UserId`,`DateTime`,`Action`,`CounselId`) values (1,1,'2018-03-02 16:03:18','E',1),(2,1,'2018-03-02 16:04:36','E',1),(3,1,'2018-03-02 16:05:37','E',1),(4,1,'2018-03-02 16:07:04','E',1),(5,1,'2018-03-02 16:08:02','E',1),(6,1,'2018-03-02 16:08:22','E',1),(7,1,'2018-03-02 16:08:39','E',1),(8,1,'2018-03-02 16:08:59','E',1),(9,1,'2018-03-02 16:09:55','E',1),(10,1,'2018-03-02 16:10:24','E',1),(11,1,'2018-03-02 16:11:20','E',1),(12,1,'2018-03-02 16:12:16','E',1),(13,1,'2018-03-02 16:17:27','E',1),(14,1,'2018-03-02 16:17:55','E',1),(15,1,'2018-03-02 16:18:31','E',10),(16,1,'2018-03-02 16:19:11','E',1),(17,1,'2018-03-02 16:19:24','I',13),(18,1,'2018-03-02 16:20:55','E',1),(19,1,'2018-03-02 16:21:13','E',13),(20,1,'2018-03-02 16:21:36','E',13),(21,1,'2018-03-02 16:22:38','I',14),(22,1,'2018-03-02 16:25:08','I',15),(23,1,'2018-03-02 16:25:17','E',15),(24,1,'2018-03-02 16:25:50','I',16),(25,1,'2018-03-02 16:25:55','E',16),(26,1,'2018-03-02 16:31:03','I',17),(27,1,'2018-05-30 06:49:30','E',1),(28,1,'2018-05-30 06:49:30','E',1),(29,1,'2018-05-30 06:49:30','E',1),(30,1,'2018-05-30 06:50:02','E',1),(31,1,'2018-05-30 06:51:12','E',10),(32,1,'2018-05-30 06:52:33','I',11),(33,1,'2018-05-30 06:53:55','I',12),(34,1,'2018-05-30 07:46:12','E',1),(35,1,'2018-05-31 07:41:34','I',13),(36,1,'2018-05-31 07:42:42','I',14),(37,1,'2018-05-31 07:58:55','E',14),(38,1,'2018-05-31 07:59:02','E',14),(39,1,'2018-06-01 07:28:04','I',15),(40,1,'2018-06-01 07:34:54','I',16),(41,1,'2018-06-07 06:31:13','I',17),(42,1,'2018-06-07 06:48:15','I',18),(43,1,'2018-06-07 07:02:52','I',19),(44,1,'2018-06-13 06:43:28','I',20),(45,1,'2018-06-13 06:56:49','I',21),(46,1,'2018-06-13 07:23:17','I',22),(47,1,'2018-06-13 07:35:35','I',23),(48,1,'2018-06-13 07:44:04','I',24),(49,1,'2018-06-13 07:59:31','I',25),(50,1,'2018-07-10 10:15:03','I',26),(51,1,'2018-07-10 10:18:37','I',27),(52,1,'2018-07-11 08:31:31','I',28),(53,1,'2018-07-12 01:55:48','I',29),(54,1,'2018-07-12 04:54:43','I',30),(55,1,'2018-07-12 05:47:05','I',31),(56,1,'2018-07-18 06:53:41','I',32),(57,1,'2018-07-18 07:24:59','I',33),(58,1,'2018-07-18 09:25:48','I',34),(59,1,'2018-07-18 09:49:07','I',35),(60,1,'2018-07-18 09:57:34','I',36),(61,1,'2018-07-24 06:22:41','I',37),(62,1,'2018-07-24 06:31:28','I',38),(63,1,'2018-07-24 06:51:57','I',39),(64,1,'2018-07-24 07:03:31','I',40),(65,1,'2018-07-26 10:01:52','I',41),(66,1,'2018-07-26 10:26:27','I',42),(67,1,'2018-07-26 10:31:00','I',43),(68,1,'2018-07-27 06:34:12','I',44),(69,1,'2018-07-27 07:12:28','I',45),(70,1,'2018-07-27 07:35:27','I',46),(71,1,'2018-07-31 07:39:16','I',47),(72,1,'2018-07-31 07:49:30','I',48),(73,1,'2018-07-31 08:05:40','I',49),(74,1,'2018-07-31 08:10:59','I',50),(75,1,'2018-07-31 09:52:11','I',51),(76,1,'2018-07-31 10:11:26','I',52),(77,1,'2018-07-31 10:26:28','I',53),(78,1,'2018-07-31 10:32:57','I',54),(79,1,'2018-07-31 10:37:27','I',55),(80,1,'2018-07-31 10:48:42','I',56),(81,1,'2018-08-01 06:44:28','I',57),(82,1,'2018-08-01 07:29:37','I',58),(83,1,'2018-08-01 08:04:04','I',59),(84,1,'2018-08-01 09:44:21','I',60),(85,1,'2018-08-01 10:13:06','I',61),(86,1,'2018-08-01 10:20:29','I',62),(87,1,'2019-03-08 11:15:23','E',43),(88,1,'2019-03-19 16:11:10','I',63),(89,1,'2019-03-20 09:47:31','I',64),(90,1,'2019-03-20 12:37:40','I',65),(91,1,'2019-03-20 12:49:54','I',66),(92,1,'2019-03-20 12:58:13','I',67),(93,1,'2019-03-20 12:58:16','I',68),(94,1,'2019-03-20 12:59:24','I',69),(95,1,'2019-03-20 13:14:21','I',70),(96,1,'2019-03-20 13:18:52','I',71),(97,1,'2019-03-20 13:29:04','I',72),(98,1,'2019-03-20 13:29:22','I',73),(99,1,'2019-03-20 13:34:56','I',74),(100,42,'2019-08-23 18:46:09','I',75),(101,42,'2019-09-02 18:54:02','I',76),(102,42,'2019-09-02 18:54:36','E',76),(103,42,'2019-09-15 19:28:04','I',77),(104,42,'2019-09-15 19:48:44','I',78),(105,42,'2019-09-16 09:36:55','I',79),(106,42,'2019-09-19 10:06:45','I',80),(107,42,'2019-09-19 10:13:13','I',81),(108,42,'2019-09-19 10:22:46','I',82),(109,42,'2019-09-19 10:26:48','I',83),(110,42,'2019-09-19 10:30:33','I',84),(111,42,'2019-09-19 10:39:09','I',85),(112,42,'2019-09-19 10:44:51','I',86),(113,42,'2019-09-19 11:13:12','I',87),(114,42,'2019-09-19 11:30:14','I',88),(115,42,'2019-09-19 11:34:03','I',89),(116,42,'2019-09-19 11:39:15','I',90),(117,42,'2019-09-19 11:42:19','I',91),(118,42,'2019-09-19 11:59:31','I',92),(119,42,'2019-09-19 12:03:32','I',93),(120,42,'2019-09-19 12:18:28','I',94),(121,42,'2019-09-19 12:36:22','I',95),(122,42,'2019-09-19 13:55:49','I',96),(123,42,'2019-09-19 14:00:15','I',97),(124,42,'2019-09-19 14:13:01','I',98),(125,42,'2019-09-19 14:18:17','I',99),(126,42,'2019-09-19 14:53:16','I',100),(127,42,'2019-09-19 15:03:11','I',101),(128,42,'2019-09-19 15:22:40','I',102),(129,42,'2019-09-19 15:40:09','I',103),(130,42,'2019-09-19 15:43:57','I',104),(131,42,'2019-09-19 15:47:00','I',105),(132,42,'2019-09-19 15:57:04','I',106),(133,42,'2019-09-19 16:04:49','I',107),(134,42,'2019-09-19 16:15:33','I',108),(135,42,'2019-09-19 16:19:41','I',109),(136,42,'2019-09-20 10:03:19','I',110),(137,42,'2019-09-20 10:43:17','I',111),(138,42,'2019-09-20 10:51:35','I',112),(139,42,'2019-09-25 16:00:15','I',113),(140,42,'2019-09-26 09:23:02','I',114),(141,42,'2019-09-26 09:33:51','I',115),(142,42,'2019-09-26 09:41:05','I',116),(143,42,'2019-09-26 09:47:20','I',117),(144,42,'2019-09-26 09:57:15','I',118),(145,42,'2019-09-26 11:35:54','I',119),(146,42,'2019-09-26 11:53:54','I',120),(147,42,'2019-09-26 11:59:08','I',121),(148,42,'2019-09-26 12:37:37','I',122),(149,42,'2019-09-27 09:52:59','I',123),(150,42,'2019-09-27 09:58:32','I',124),(151,42,'2019-09-27 10:58:25','I',125),(152,42,'2019-09-27 14:36:33','I',126),(153,42,'2019-09-27 14:39:45','I',127),(154,42,'2019-09-27 15:34:26','I',128),(155,42,'2019-09-30 09:29:21','I',129),(156,42,'2019-09-30 09:41:22','I',130),(157,42,'2019-09-30 10:00:33','I',131),(158,42,'2019-09-30 10:07:23','I',132),(159,42,'2019-09-30 10:15:01','I',133),(160,42,'2019-09-30 10:25:27','I',134),(161,42,'2019-09-30 10:29:57','I',135),(162,42,'2019-09-30 10:37:01','I',136),(163,42,'2019-09-30 12:17:43','I',137),(164,42,'2019-09-30 12:20:01','I',138),(165,42,'2019-09-30 12:23:30','I',139),(166,42,'2019-09-30 12:27:02','I',140),(167,42,'2019-09-30 14:26:27','I',141),(168,42,'2019-09-30 14:31:40','I',142),(169,42,'2019-09-30 14:37:26','I',143),(170,42,'2019-09-30 15:13:21','I',144),(171,42,'2019-09-30 16:12:37','I',145),(172,42,'2019-10-01 09:49:45','I',146),(173,42,'2019-10-01 09:54:59','I',147),(174,42,'2019-10-01 10:13:06','I',148),(175,42,'2019-10-01 10:17:42','I',149),(176,42,'2019-10-01 10:31:39','I',150),(177,42,'2019-10-01 10:39:24','I',151),(178,42,'2019-10-01 11:27:42','I',152),(179,42,'2019-10-01 11:30:26','I',153),(180,42,'2019-10-01 12:17:49','I',154),(181,42,'2019-10-01 13:53:41','I',155),(182,42,'2019-10-01 14:13:30','I',156),(183,42,'2019-10-01 15:28:06','I',157),(184,42,'2019-10-02 14:46:54','I',158),(185,42,'2019-10-02 15:14:51','I',159),(186,42,'2019-10-03 10:13:55','I',160),(187,42,'2019-10-03 12:12:15','I',161),(188,42,'2019-10-04 16:10:59','I',162),(189,42,'2019-10-08 14:21:35','E',1),(190,42,'2019-10-11 15:28:07','I',163),(191,42,'2019-10-15 14:39:47','I',164),(192,42,'2019-10-16 09:34:57','I',165),(193,42,'2019-10-16 09:37:19','E',165),(194,42,'2019-10-18 10:52:54','E',10),(195,42,'2019-10-18 11:15:28','E',19),(196,42,'2019-10-18 11:19:23','E',13),(197,42,'2019-10-18 11:19:35','E',16),(198,42,'2019-10-18 11:19:51','E',20),(199,42,'2019-10-18 11:20:01','E',22),(200,42,'2019-10-18 11:20:17','E',26),(201,42,'2019-10-18 11:20:36','E',27),(202,42,'2019-10-18 11:20:49','E',32),(203,42,'2019-10-18 11:21:01','E',33),(204,42,'2019-10-18 11:21:15','E',34),(205,42,'2019-10-18 11:21:27','E',36),(206,42,'2019-10-18 11:21:38','E',37),(207,42,'2019-10-18 11:21:55','E',42),(208,42,'2019-10-18 11:22:09','E',47),(209,42,'2019-10-18 11:22:24','E',44),(210,42,'2019-10-18 11:22:42','E',48),(211,42,'2019-10-18 11:23:06','E',52),(212,42,'2019-10-18 11:23:24','E',57),(213,42,'2019-10-18 11:23:39','E',53),(214,42,'2019-10-18 11:24:04','E',54),(215,42,'2019-10-18 11:24:32','E',59),(216,42,'2019-10-18 11:24:48','E',61),(217,42,'2019-10-18 11:25:02','E',75),(218,42,'2019-10-18 11:25:26','E',80),(219,42,'2019-10-18 11:25:43','E',82),(220,42,'2019-10-18 11:26:07','E',84),(221,42,'2019-10-18 11:26:34','E',60),(222,42,'2019-10-18 11:26:49','E',90),(223,42,'2019-10-18 11:27:04','E',85),(224,42,'2019-10-18 11:27:34','E',91),(225,42,'2019-10-18 11:27:52','E',92),(226,42,'2019-10-18 11:28:14','E',96),(227,42,'2019-10-18 11:28:34','E',99),(228,42,'2019-10-18 11:28:52','E',106),(229,42,'2019-10-18 11:29:15','E',165),(230,42,'2019-10-18 11:29:30','E',161),(231,42,'2019-10-18 11:30:22','E',160),(232,42,'2019-10-18 11:30:33','E',159),(233,42,'2019-10-18 11:30:48','E',158),(234,42,'2019-10-18 11:31:06','E',156),(235,42,'2019-10-18 11:31:16','E',155),(236,42,'2019-10-18 11:31:26','E',154),(237,42,'2019-10-18 11:31:37','E',153),(238,42,'2019-10-18 11:31:46','E',143),(239,42,'2019-10-18 11:31:59','E',132),(240,42,'2019-10-18 11:32:15','E',142),(241,42,'2019-10-18 11:32:28','E',152),(242,42,'2019-10-18 11:32:42','E',150),(243,42,'2019-10-18 11:32:58','E',148),(244,42,'2019-10-18 11:33:10','E',147),(245,42,'2019-10-18 11:33:21','E',139),(246,42,'2019-10-18 11:33:39','E',138),(247,42,'2019-10-18 11:33:54','E',131),(248,42,'2019-10-18 11:34:17','E',93),(249,42,'2019-10-18 11:34:56','E',109),(250,42,'2019-10-18 11:35:07','E',114),(251,42,'2019-10-18 11:35:20','E',117),(252,42,'2019-10-18 11:35:44','E',110),(253,42,'2019-10-18 11:36:21','E',115),(254,42,'2019-10-18 11:36:34','E',118),(255,42,'2019-10-18 11:36:51','E',120),(256,42,'2019-10-18 11:37:09','E',123),(257,42,'2019-10-18 11:37:21','E',145),(258,42,'2019-10-18 11:37:49','E',130),(259,42,'2019-10-18 11:38:18','E',124),(260,42,'2019-10-18 11:38:51','E',126),(261,42,'2019-10-18 11:39:06','E',127);

/*Table structure for table `court` */

DROP TABLE IF EXISTS `court`;

CREATE TABLE `court` (
  `CourtId` int(11) NOT NULL AUTO_INCREMENT,
  `CourtName` varchar(200) NOT NULL,
  `CourtLocation` varchar(200) NOT NULL,
  `RecordStatus` tinyint(1) NOT NULL DEFAULT '1',
  PRIMARY KEY (`CourtId`)
) ENGINE=InnoDB AUTO_INCREMENT=216 DEFAULT CHARSET=latin1;

/*Data for the table `court` */

insert  into `court`(`CourtId`,`CourtName`,`CourtLocation`,`RecordStatus`) values (5,'NIRC BENCH','MULTAN',1),(7,'DISTRICT & SESSION JUDGE','LAHORE',1),(8,' Additional Session Judge','Multan',0),(9,'HIGH COURT OF SINDH, CIRCUIT COURT','HYDERABAD',1),(10,'PLAT-II,','Multan',1),(11,'NIRC BENCH','LAHORE',1),(12,'PUNJAB LABOUR COURT NO.1','LAHORE',1),(13,'SUPREME COURT OF PAKISTAN','ISLAMABAD',1),(14,'FST Bench','Lahore',1),(15,'Civil Judge-II','Hyderabad',0),(16,'Civil Judge-II','Hyderabad',0),(17,'CIVIL JUDGE','HYDERABAD',1),(18,'Senior Civil Judge','Hyderabad',1),(19,'Senior Civil Judge','Kotri',1),(20,'District & Session Judge','Hyderabad',1),(21,'NIRC BENCH','SUKKUR',1),(22,'NIRC Karachi, Camp','Hyderabad',1),(23,'High Court of Sindh, Bench','Sukkur',0),(24,'NIRC BENCH','QUETTA',1),(25,'High Court Sindh','Hyderabad',0),(26,'Sindh High Court Bench','Sukkur',1),(27,'Police station Hatri','Hyderabad',1),(28,'Civil Judge','Lahore',1),(29,'District Judge','Hyderabad',1),(30,'Civil Judge','Hyderabad',1),(31,'High Court Balochistan','Quetta',1),(32,'High Court of Sindh','Karachi',1),(33,'Sindh High Court','Hyderabad',1),(34,'Additional Session Judge','N.Feroze',1),(35,'Senior Civil Judge','D.G Khan',1),(36,'Civil Judge','D.G Khan',1),(37,'Lahore High Court Bench','Multan',1),(38,'Supreme Court of Pakistan Branch Registry','Karachi',1),(39,'Supreme Court of Pakistan Branch Registry','Lahore',1),(40,'Supreme Court of Pakistan Branch Registry','Peshawar',1),(41,'NIRC Islamabad Bench','Peshawar',1),(42,'NIRC BENCH','Islamabad',1),(43,'NIRC KARACHI BENCH','Karachi',1),(44,'Islamabad High Court','Islamabad',0),(45,'Peshawar High Court','Peshawar',1),(46,'6th Additional Distt. Judge Hyderabad','Hyderabad',1),(47,'Anti Terrorism Court Hyderabad, ASJ Judicial Magistrate Kotri','Hyderabad',1),(48,'WAFAQI MOHTASIB REGIONAL OFFICE, QUETTA','QUETTA',1),(49,'Civil Judge Rajanpur','Rajanpur',0),(50,'CIVIL JUDGE RAJANPUR','RAJANPUR',1),(51,'Civil Judge','Taxila',1),(52,'abc','kkkkkk',0),(53,'Addl. Session Judge-VIII Mardan','Mardan',1),(54,'Civil Judge 1st Class East Islamabad','Islamabad',0),(55,'Civil Judge','Islamabad',1),(56,'Lahore High Court Lahore','Lahore',1),(57,'Civil Judge (West) Islamabad','Islamabad',1),(58,'CIVIL JUDGE NO.8 BANNU','BANNU',1),(59,'CIVIL JUDGE','PESHAWAR',1),(60,'Civil Judge Abbottabad','Abbottabad',0),(61,'ghih','Islamabad',0),(62,'Civil Judge Abbottabad','Abbottabad',0),(63,'Civil Judge Abbottabad','Abbottabad',1),(64,'ghgh','Lahore',0),(65,'mardan','Mardan',0),(66,'MardanOne','Mardan',1),(67,'D I Khan','Dera Ismail Khan',1),(68,'CIVIL JUDGE','MARDAN',1),(69,'Civil Judge Abbottabad','Abbottabad',1),(70,'CIVIL JUDGE RAJANPUR','RAJANPUR',1),(71,'Civil Judge,Taxila','Taxila',1),(72,'CIVIL JUDGE NO.8 BANNU','BANNU',1),(73,'CIVIL JUDGE, DERA ISMAIL KHAN','DERA ISMAIL KHAN',1),(74,'CIVIL JUDGE-VII PESHAWAR','PESHAWAR',1),(75,'Civil Judge Okara','Okara',1),(76,'HIGHT COURT OF SINDH','KARACHI',1),(77,'Senior Civil Judge','Lahore',1),(78,'Sindh Labour Appellate Tribunal','Karachi',1),(79,'Civil Judge Sadiqabad','Sadiqabad',1),(80,'ADDL. DISTT. & SESSION JUDGE','LAHORE',1),(81,'Punjab Labour Court No.4','Faisalabad',1),(82,'CIVIL JUDGE CLASS II','LAHORE',1),(83,'INSURANCE TRIBUNAL','LAHORE',1),(84,'COMMISSION OF INQUIRY ON ENFORCED DISAPPEARANCES','ISLAMABAD',1),(85,'Appellant Tribunal Inland Revenue Lahore Bench','LAHORE',1),(86,'Commissioner Appeals (PRA)','Lahore',1),(87,'ALLAQA MAGISTRATE','LAHORE',1),(88,'Civil Judge','Multan',1),(89,'Senior Civil Judge','Sialkot',1),(90,'Civil Judge','Faisalabad',1),(91,'Civil Judge Magistrate Class-I','Faisalabad',1),(92,'Civil Judge','Lahore',1),(93,'Senior Civil Judge','Faisalabad',1),(94,'ADDITIONAL DISTT. & SESSION JUDGE','FAISALABAD',1),(95,'WAFAQI MOHTASIB SECRETARIAT','LAHORE',1),(96,'Additional District & Session Judge','Mardan',1),(97,'District Collector','Muzaffargarh',1),(98,'Distt Officer Revenue','Muzaffargarh',1),(99,'Senior Civil Judge','Batgram',1),(100,'Civil Judge','Lahore',1),(101,'Senior Civil Judge III Batgram','Batgram',1),(102,'Senior Civil Judge Kohistan','Dasu',1),(103,'Additional District Judge','Daska',1),(104,'Civil Judge','Mardan',1),(105,'Lahore High Court Bahawalpur Bench','Bahawalpur',1),(106,'District Judge','Nowshera',1),(107,'District Judge','Nowshera',0),(108,'Additional Session Judge, Daska','Daska',1),(109,'Civil Judge Allaqa Qazi Alpuri District Shangla','Shangla',1),(110,'Civil Judge, Checksar Camp Court, Besham','Besham',1),(111,'Civil Judge Peshawar','Peshawar',1),(112,'Civil Judge, Chichawatni, Distt, Sahiwal','Sahiwal',1),(113,'Civil Judge Basham Alpuri Shangla','Shangla',1),(114,'Civil Judge Vehari','Vehari',1),(115,'Civil Judge, Nankana Sahib','Nankana Sahib',1),(116,'Senior Civil Judge, Kohistan','Kohistan',1),(117,'Civil Judge-II Batgram','Batgram',1),(118,'District Collector, Faisalabad','Faisalabad',1),(119,'Additional District Judge-I, Mansehra','Mansehra',1),(120,'Peshawar High Court, Abbotabad Bench','Abbotabad',1),(121,'Civil Judge III District Court, Bannu','Bannu',1),(122,'Civil Judge-II, Lakki Marawat','Lakki Marawat',1),(123,'District & Session Judge Presiding Officer PLC-10, Sahiwal','Sahiwal',1),(124,'Civil Judge-II Ilaqa Qazi Besham','Besham',1),(125,'D.O.R D.C.O Faisalabad','Faisalabad',1),(126,'Senior Civil Judge, Peshawar','Peshawar',1),(127,'Civil Judge Dheer Court Distt. Bagh AJK','Bagh AJK',1),(128,'Civil Judge Batgram','Batgram',1),(129,'Double Bench Lahore High Court Lahore','Lahore',1),(130,'High Court of AJ&K  Muzaffarabad','Muzaffarabad',1),(131,'Civil Judge Patoki Distt. Kasur','Kasur',1),(132,'Distt. & Session Judge,Kohistan at DASU','DASU',1),(133,'CIVIL JUDGE-IX ABBOTABAD','ABBOTABAD',1),(134,'CIVIL JUDGE KOTLI AJK','AJK',1),(135,'Senior Civil Judge Kohistan at Dasu.','Dasu.',1),(136,'Senior Civil Judge Rawalpindi','Rawalpindi',1),(137,'Senior Civil Judge Court No.3 Muzaffarabad','Muzaffarabad',1),(138,'Civil Judge Judicial Magistrate Takht Bhai Distt. Mardan','Mardan',1),(139,'Distt. & Session Judge Shangla','Shangla',1),(140,'Civil Judge Allaqa Qazi-II Malakand at Batkhela','Batkhela',1),(141,'Civil Judge Illaqa Qazi JFC, Besham, Distt. Shangla','Shangla',1),(142,'XEN Canal Division Distt. Bannu','Bannu',1),(143,'Civil Jjudge Thorar Distt. Rawalakot AJK','AJK',1),(144,'HIGH COURT OF AJ&K CIRCUIT BENCH RAWLAKOT','RAWLAKOT',1),(145,'Distt & Session Judge Muzaffarabad','Muzaffarabad',1),(146,'Civil Judge Judicial Megistrate Ghazi Distt. Haripur','Haripur',1),(147,'Additional District Judge-II Battagram','Battagram',1),(148,'PESHAWAR HIGH COURT MINGORA BENCH DARUL QAZA SAWAT','SAWAT',1),(149,'Civil Judge Family Court Faisalabad','Faisalabad',1),(150,'CIVIL JUDGE/JM DASU KOHISTAN','KOHISTAN',0),(151,'CIVIL JUDGE JM DASU KOHISTAN','KOHISTAN',1),(152,'CIVIL JUDGE JM DASU KOHISTAN','KOHISTAN',0),(153,'CIVIL JUDGE JM DASU KOHISTAN','KOHISTAN',0),(154,'CIVIL JUDGE JM DASU KOHISTAN','KOHISTAN',0),(155,'CIVIL JUDGE JM DASU KOHISTAN','KOHISTAN',0),(156,'CIVIL JUDGE/JM DASU KOHISTAN','KOHISTAN',0),(157,'CIVIL JUDGE JM DASU KOHISTAN','KOHISTAN',0),(158,'CIVIL JUDGE/JM DASU KOHISTAN','KOHISTAN',0),(159,'CIVIL JUDGE/JM DASU KOHISTAN','KOHISTAN',0),(160,'CIVIL JUDGE-VII MARDAN','MARDAN',1),(161,'CIVIL JUDGE (XII) MARDAN','MARDAN',1),(162,'ADDL. DISTT. JUDGE MALAKAND AT BATKHELA','BATKHELA',1),(163,'SR. CIVIL JUDGE CHINIOT','CHINIOT',1),(164,'CIVIL JUDGE ILAQA QAZI AT BATKHELA DISTT. MALAKAND','MALAKAND',1),(165,'DISTT. JUDGE SUDHNUTI PALANDRI AJ&K','AJ&K',1),(166,'PESHAWAR HIGH COURT MINGORA BENCH/DARUL QAZA SAWAT','SAWAT',1),(167,'Civil Judge Court No.1 Muzaffarabad','Muzaffarabad',1),(168,'SESSION JUDGE DISTT. SHANGLA','SHANGLA',1),(169,'DISTT. & SESSION JUDGE REFEREE COURT DISTT. MALAKAND AT BATKHELA','BATKHELA',1),(170,'ADDL. DISTT. JUDGE GHAZI DISTT. HARIPUR','HARIPUR',1),(171,'CIVIL JUDGE WAZIRABAD DISTT. GUJRANWALA','GUJRANWALA',1),(172,'ADDL. DISTT. JUDGE SHEIKHUPURA','SHEIKHUPURA',1),(173,'DSTT. JUDGE CHINIOT','CHINIOT',1),(174,'NAB (RWD) CIVIC CENTRE G-6, ISLAMABAD','ISLAMABAD',1),(175,'Civil Judge, Islamabad','Islamabad',1),(176,'NEPRA Islamabad','Islamabad',1),(177,'SENIOR CIVIL JUDGE ISLAMABAD','ISLAMABAD',1),(178,'Competition Commission of Pakistan GoP Islamabad','Islamabad',1),(179,'Banking Court Rawalpindi','Rawalpindi',1),(180,'CIVIL JUDGE JUDICIAL MAGISTRATE NANKANA SAHIB','NANKANA SAHIB',1),(181,'CIVIL JUDGE 1ST CLASS RAHIMYAR KHAN','RAHIMYAR KHAN',1),(182,'Civil Judge Hunza Gilgit-Baltistan','Gilgit-Baltistan',1),(183,'Distt. Judge, lahore','Lahore',1),(184,'Additional Distt. Judge lahore','Lahore',1),(185,'International Court of Arbitration (ICC)','ICC',1),(186,'Plate-I, Lahore','Lahore',1),(187,'National Industial Relations Commission (NIRC), Islamabad','Islamabad',1),(188,'Peshawar High Court, Banu Bench','Banu',1),(189,'Civil Judge-II Muzaffarabad','Muzaffarabad',1),(190,'JUDICIAL MAGISTRATE-II HARIPUR','HARIPUR',1),(191,'DISTRICT JUDGE RAWALPINDI','RAWALPINDI',1),(192,'CIVIL JUDGE-IV MUZAFFARABAD','MUZAFFARABAD',1),(193,'CIVIL JUDGE 1ST CLASS-CUM JUDICIAL MAGISTRATE, SOHAWA DISTRICT JEHLUM','JEHLUM',1),(194,'CIVIL JUDGE COURT NO.II MUZAFFARABAD AJ&K','AJ&K',1),(195,'SENIOR CIVIL JUDGE BESHAM DISTT. SHANGHLA KPK','SHANGHLA KPK',1),(196,'ADDL. DEPUTY COMMISIONER (REVENU) DISTT. RAWALPINDI','RAWALPINDI',1),(197,'ADDL. DISTT. JUDGE DHEERKOT','DHEERKOT',1),(198,'CIVIL JUDGE 1ST CLASS JEHLUM','JEHLUM',1),(199,'CIVIL JUDGE-IX NOWSHEHRA','NOWSHEHRA',1),(200,'ADDITIONAL DISTRICT JUDGE JEHLUM','JEHLUM',1),(201,'Additional Session Judge, Jampur','Jampur',1),(202,'Additional Session Judge, D.G. Khan','D.G. Khan',1),(203,'Judicial Magistrate, Multan','Multan',1),(204,'FULL BENCH NIRC AT LAHORE','LAHORE',1),(205,'SPECIAL JUDICIAL MAGISTRATE MULTAN CANTT','MULTAN CANTT',1),(206,'DOUBLE BENCH LAHORE HIGH COURT MULTAN BENCH','MULTAN BENCH',1),(207,'SENIOR CIVIL JUDGE AND RENT CONTROLLER-VII HYDERABAD','HYDERABAD',1),(208,'CIVIL JUDGE LORALAI','LORALAI',1),(209,'DISTRICT JUDGE LORALAI','LORALAI',1),(210,'DEPUTY COMMISSIONER, HYDERABAD','HYDERABAD',1),(211,'FST Karachi','Karachi',1),(212,'Senior Civil Judge Distt. Kasur','Kasur',1),(213,'COMMISSION OF INQUIRY ON ENFORCED DISAPPEARANCES ISLAMABAD','ISLAMABAD',1),(214,'ADDITIONAL DISTT. & SESSION JUDGE-I NOWSHEHRA.','NOWSHEHRA.',1),(215,'ADDL. DISTT. JUDGE','JHELUM',1);

/*Table structure for table `courttablelog` */

DROP TABLE IF EXISTS `courttablelog`;

CREATE TABLE `courttablelog` (
  `CourtTableLog_PK` int(11) NOT NULL AUTO_INCREMENT,
  `UserId` int(200) NOT NULL,
  `DateTime` timestamp NOT NULL DEFAULT CURRENT_TIMESTAMP,
  `Action` varchar(10) NOT NULL,
  `CourtId` int(200) NOT NULL,
  PRIMARY KEY (`CourtTableLog_PK`)
) ENGINE=InnoDB AUTO_INCREMENT=307 DEFAULT CHARSET=latin1;

/*Data for the table `courttablelog` */

insert  into `courttablelog`(`CourtTableLog_PK`,`UserId`,`DateTime`,`Action`,`CourtId`) values (1,1,'2018-03-02 15:50:06','E',5),(2,1,'2018-03-02 15:51:16','E',5),(3,1,'2018-03-02 15:51:21','E',5),(4,1,'2018-03-02 15:51:29','I',8),(5,1,'2018-03-02 15:51:33','D',8),(6,1,'2018-03-02 16:21:45','D',13),(7,1,'2018-03-02 16:22:43','D',14),(8,1,'2018-03-02 16:25:23','D',15),(9,1,'2018-03-02 16:25:59','D',16),(10,1,'2018-03-02 16:33:25','I',9),(11,1,'2018-03-02 16:34:14','E',9),(12,1,'2018-03-02 16:34:19','D',9),(13,1,'2018-05-28 07:55:05','I',9),(14,1,'2018-05-28 07:55:35','I',10),(15,1,'2018-05-28 07:55:47','E',9),(16,1,'2018-05-28 07:56:19','E',5),(17,1,'2018-05-28 07:56:59','E',7),(18,1,'2018-05-28 07:57:38','I',11),(19,1,'2018-06-07 06:34:38','I',12),(20,1,'2018-06-07 06:47:21','I',13),(21,1,'2018-06-07 07:01:36','I',14),(22,1,'2018-06-13 06:49:08','I',15),(23,1,'2018-06-13 06:49:08','I',16),(24,1,'2018-06-13 06:49:09','I',17),(25,1,'2018-06-13 06:53:27','D',15),(26,1,'2018-06-13 06:53:35','D',16),(27,1,'2018-06-13 06:54:26','I',18),(28,1,'2018-06-13 07:02:54','I',19),(29,1,'2018-06-13 07:22:02','I',20),(30,1,'2018-06-13 07:34:35','I',21),(31,1,'2018-06-13 07:43:10','I',22),(32,1,'2018-07-10 10:19:11','D',23),(33,1,'2018-07-11 08:13:41','I',23),(34,1,'2018-07-11 08:20:33','I',24),(35,1,'2018-07-11 17:20:00','I',25),(36,1,'2018-07-12 00:49:18','I',26),(37,1,'2018-07-12 00:54:34','E',23),(38,1,'2018-07-12 00:57:58','E',24),(39,1,'2018-07-12 00:58:14','E',25),(40,1,'2018-07-12 01:27:25','E',22),(41,1,'2018-07-12 01:28:42','I',27),(42,1,'2018-07-12 01:41:20','I',28),(43,1,'2018-07-12 04:47:19','I',29),(44,1,'2018-07-12 05:00:50','I',30),(45,1,'2018-07-12 05:12:39','I',31),(46,1,'2018-07-12 05:41:57','I',32),(47,1,'2018-07-12 05:53:16','I',33),(48,1,'2018-07-12 07:45:25','D',23),(49,1,'2018-07-12 07:46:42','D',25),(50,1,'2018-07-18 06:51:21','I',34),(51,1,'2018-07-18 09:24:26','I',35),(52,1,'2018-07-18 09:42:01','I',36),(53,1,'2018-07-18 09:47:53','I',37),(54,1,'2018-07-24 06:16:59','I',38),(55,1,'2018-07-24 06:28:20','I',39),(56,1,'2018-07-27 06:31:13','I',40),(57,1,'2018-07-31 07:32:28','I',41),(58,1,'2018-07-31 10:29:37','I',42),(59,1,'2018-08-01 10:20:55','I',43),(60,1,'2019-03-19 16:11:19','D',63),(61,1,'2019-03-19 16:21:50','I',44),(62,1,'2019-03-19 16:29:56','D',44),(63,1,'2019-03-20 12:42:41','D',65),(64,1,'2019-03-20 12:42:52','D',65),(65,1,'2019-03-20 12:54:25','D',66),(66,1,'2019-03-20 12:58:31','D',68),(67,1,'2019-03-20 12:58:42','D',67),(68,1,'2019-03-20 12:58:53','D',64),(69,1,'2019-03-20 13:25:02','D',71),(70,1,'2019-03-20 13:29:59','D',72),(71,42,'2019-08-23 18:28:07','I',45),(72,42,'2019-08-23 18:47:04','D',69),(73,42,'2019-08-23 18:47:14','D',70),(74,42,'2019-08-23 18:47:23','D',73),(75,42,'2019-08-23 18:47:31','D',74),(76,42,'2019-08-27 11:33:04','I',46),(77,42,'2019-08-27 12:13:03','I',47),(78,42,'2019-08-28 10:11:35','I',48),(79,42,'2019-08-29 11:31:07','I',49),(80,42,'2019-08-29 11:32:17','E',49),(81,42,'2019-08-29 11:34:40','D',49),(82,42,'2019-08-29 11:35:17','I',50),(83,42,'2019-08-29 11:37:42','I',51),(84,42,'2019-08-29 11:41:17','I',52),(85,42,'2019-08-29 12:35:39','D',52),(86,42,'2019-08-29 12:36:05','I',53),(87,42,'2019-08-29 14:28:38','I',54),(88,42,'2019-08-29 14:28:38','I',55),(89,42,'2019-08-30 09:13:47','I',56),(90,42,'2019-08-30 09:20:04','I',57),(91,42,'2019-08-30 09:33:31','I',58),(92,42,'2019-08-30 09:56:13','I',59),(93,42,'2019-08-30 10:14:29','I',60),(94,42,'2019-08-30 10:15:52','I',61),(95,42,'2019-08-30 10:16:50','E',61),(96,42,'2019-08-30 10:17:52','D',61),(97,42,'2019-08-30 10:34:58','I',62),(98,42,'2019-08-30 10:35:53','E',62),(99,42,'2019-08-30 10:36:01','D',62),(100,42,'2019-08-30 10:38:38','D',60),(101,42,'2019-08-30 10:39:09','I',63),(102,42,'2019-08-30 14:58:16','I',64),(103,42,'2019-08-30 14:59:19','I',65),(104,42,'2019-08-30 15:19:55','D',65),(105,42,'2019-08-30 15:19:59','D',64),(106,42,'2019-08-30 15:20:10','I',66),(107,42,'2019-08-30 15:20:57','I',67),(108,42,'2019-08-30 15:26:55','I',68),(109,42,'2019-08-30 15:28:01','I',69),(110,42,'2019-08-30 16:13:43','I',70),(111,42,'2019-08-30 16:18:01','I',71),(112,42,'2019-09-02 09:47:21','I',72),(113,42,'2019-09-02 09:55:24','I',73),(114,42,'2019-09-02 10:07:03','I',74),(115,42,'2019-09-02 10:21:37','I',75),(116,42,'2019-09-02 11:06:08','I',76),(117,42,'2019-09-02 11:48:50','I',77),(118,42,'2019-09-02 14:39:29','I',78),(119,42,'2019-09-02 14:56:53','I',79),(120,42,'2019-09-02 17:48:11','I',80),(121,42,'2019-09-02 17:55:49','I',81),(122,42,'2019-09-02 18:09:31','I',82),(123,42,'2019-09-02 18:20:44','I',83),(124,42,'2019-09-02 18:24:18','I',84),(125,42,'2019-09-02 18:36:48','I',85),(126,42,'2019-09-02 18:43:32','I',86),(127,42,'2019-09-03 10:31:03','I',87),(128,42,'2019-09-03 10:50:12','I',88),(129,42,'2019-09-03 10:55:14','I',89),(130,42,'2019-09-03 10:58:43','I',90),(131,42,'2019-09-03 11:45:43','I',91),(132,42,'2019-09-03 12:08:09','I',92),(133,42,'2019-09-03 12:37:30','I',93),(134,42,'2019-09-03 16:03:27','I',94),(135,42,'2019-09-04 09:47:00','I',95),(136,42,'2019-09-04 09:56:21','I',96),(137,42,'2019-09-04 09:59:17','I',97),(138,42,'2019-09-04 10:02:15','I',98),(139,42,'2019-09-04 10:04:53','I',99),(140,42,'2019-09-04 10:08:34','I',100),(141,42,'2019-09-04 10:38:47','I',101),(142,42,'2019-09-04 10:45:50','I',102),(143,42,'2019-09-04 11:00:39','I',103),(144,42,'2019-09-04 11:16:46','I',104),(145,42,'2019-09-04 12:18:45','I',105),(146,42,'2019-09-04 13:42:43','I',106),(147,42,'2019-09-04 13:42:43','I',107),(148,42,'2019-09-04 13:46:43','I',108),(149,42,'2019-09-04 14:49:15','I',109),(150,42,'2019-09-04 16:01:12','I',110),(151,42,'2019-09-04 16:05:51','I',111),(152,42,'2019-09-04 16:12:45','I',112),(153,42,'2019-09-04 16:32:49','I',113),(154,42,'2019-09-05 10:46:14','I',114),(155,42,'2019-09-05 11:02:59','I',115),(156,42,'2019-09-05 11:10:05','I',116),(157,42,'2019-09-05 12:48:36','I',117),(158,42,'2019-09-05 12:55:14','I',118),(159,42,'2019-09-05 15:32:09','I',119),(160,42,'2019-09-06 10:50:30','I',120),(161,42,'2019-09-06 11:13:49','I',121),(162,42,'2019-09-06 11:24:28','I',122),(163,42,'2019-09-06 11:28:07','I',123),(164,42,'2019-09-06 11:43:37','I',124),(165,42,'2019-09-06 11:46:42','I',125),(166,42,'2019-09-06 14:31:31','I',126),(167,42,'2019-09-06 14:37:40','I',127),(168,42,'2019-09-10 15:58:50','I',128),(169,42,'2019-09-10 16:01:40','I',129),(170,42,'2019-09-10 16:06:54','I',130),(171,42,'2019-09-10 16:11:41','I',131),(172,42,'2019-09-11 09:27:14','I',132),(173,42,'2019-09-11 09:29:47','I',133),(174,42,'2019-09-11 09:32:17','I',134),(175,42,'2019-09-11 09:34:48','I',135),(176,42,'2019-09-11 10:17:24','I',136),(177,42,'2019-09-11 10:20:22','I',137),(178,42,'2019-09-11 10:29:20','I',138),(179,42,'2019-09-11 10:32:06','I',139),(180,42,'2019-09-11 10:41:06','I',140),(181,42,'2019-09-11 10:41:46','D',54),(182,42,'2019-09-11 10:42:38','D',107),(183,42,'2019-09-11 11:58:10','I',141),(184,42,'2019-09-11 12:00:31','I',142),(185,42,'2019-09-11 12:04:42','I',143),(186,42,'2019-09-11 12:08:26','I',144),(187,42,'2019-09-11 12:12:49','I',145),(188,42,'2019-09-11 14:24:06','I',146),(189,42,'2019-09-11 14:27:42','I',147),(190,42,'2019-09-11 14:32:05','I',148),(191,42,'2019-09-11 14:38:13','I',149),(192,42,'2019-09-11 14:41:52','I',150),(193,42,'2019-09-11 14:41:53','I',151),(194,42,'2019-09-11 14:41:53','I',152),(195,42,'2019-09-11 14:41:53','I',153),(196,42,'2019-09-11 14:41:53','I',154),(197,42,'2019-09-11 14:41:53','I',155),(198,42,'2019-09-11 14:41:54','I',156),(199,42,'2019-09-11 14:41:54','I',157),(200,42,'2019-09-11 14:41:54','I',158),(201,42,'2019-09-11 14:44:29','I',159),(202,42,'2019-09-11 14:45:13','D',150),(203,42,'2019-09-11 14:45:21','D',159),(204,42,'2019-09-11 14:45:27','D',158),(205,42,'2019-09-11 14:45:35','D',157),(206,42,'2019-09-11 14:45:43','D',156),(207,42,'2019-09-11 14:45:51','D',155),(208,42,'2019-09-11 14:45:58','D',154),(209,42,'2019-09-11 14:46:07','D',153),(210,42,'2019-09-11 14:46:19','D',152),(211,42,'2019-09-11 19:07:52','I',160),(212,42,'2019-09-11 19:10:23','I',161),(213,42,'2019-09-12 11:08:42','I',162),(214,42,'2019-09-12 11:16:55','I',163),(215,42,'2019-09-12 11:21:08','I',164),(216,42,'2019-09-12 11:26:59','I',165),(217,42,'2019-09-12 11:32:03','I',166),(218,42,'2019-09-12 11:34:59','I',167),(219,42,'2019-09-12 11:58:48','I',168),(220,42,'2019-09-12 12:01:16','I',169),(221,42,'2019-09-12 12:10:51','I',170),(222,42,'2019-09-12 12:14:47','I',171),(223,42,'2019-09-12 14:07:03','I',172),(224,42,'2019-09-12 14:50:00','I',173),(225,42,'2019-09-12 14:58:56','I',174),(226,42,'2019-09-13 09:53:38','I',175),(227,42,'2019-09-13 10:28:06','I',176),(228,42,'2019-09-13 10:36:33','I',177),(229,42,'2019-09-13 10:51:21','I',178),(230,42,'2019-09-13 11:25:25','I',179),(231,42,'2019-09-14 14:17:18','I',180),(232,42,'2019-09-14 14:24:01','I',181),(233,42,'2019-09-14 14:26:41','I',182),(234,42,'2019-09-14 16:08:09','I',183),(235,42,'2019-09-14 16:27:49','I',184),(236,42,'2019-09-20 11:40:26','I',185),(237,42,'2019-09-20 11:45:23','I',186),(238,42,'2019-09-20 14:28:01','I',187),(239,42,'2019-09-23 10:14:46','I',188),(240,42,'2019-09-23 15:02:04','I',189),(241,42,'2019-09-23 15:06:57','I',190),(242,42,'2019-09-23 15:50:17','I',191),(243,42,'2019-09-23 15:52:26','I',192),(244,42,'2019-09-23 16:22:53','I',193),(245,42,'2019-09-24 09:42:55','I',194),(246,42,'2019-09-24 09:45:22','I',195),(247,42,'2019-09-24 09:51:50','I',196),(248,42,'2019-09-24 09:55:15','I',197),(249,42,'2019-09-24 10:02:53','I',198),(250,42,'2019-09-24 10:06:36','I',199),(251,42,'2019-09-24 10:15:22','I',200),(252,42,'2019-09-24 14:51:58','I',201),(253,42,'2019-09-24 14:56:24','I',202),(254,42,'2019-09-24 15:16:26','I',203),(255,42,'2019-09-24 15:53:34','I',204),(256,42,'2019-09-24 15:57:04','I',205),(257,42,'2019-09-24 16:20:57','I',206),(258,42,'2019-09-24 16:38:24','I',207),(259,42,'2019-09-25 10:25:03','I',208),(260,42,'2019-09-25 12:04:29','I',209),(261,42,'2019-09-25 12:16:15','I',210),(262,42,'2019-09-25 12:52:17','I',211),(263,42,'2019-09-25 14:52:44','I',212),(264,42,'2019-10-03 09:50:34','I',213),(265,42,'2019-10-03 12:00:53','D',157),(266,42,'2019-10-14 10:13:16','E',11),(267,42,'2019-10-14 10:14:31','E',5),(268,42,'2019-10-14 10:18:27','E',21),(269,42,'2019-10-14 10:18:46','E',24),(270,42,'2019-10-14 10:33:52','E',7),(271,42,'2019-10-14 10:36:01','E',9),(272,42,'2019-10-14 10:36:31','E',12),(273,42,'2019-10-14 10:36:56','E',13),(274,42,'2019-10-14 10:37:35','E',17),(275,42,'2019-10-14 12:49:59','E',76),(276,42,'2019-10-15 14:19:59','I',214),(277,42,'2019-10-15 14:35:01','I',215),(278,42,'2019-10-16 11:56:17','E',123),(279,42,'2019-10-16 11:57:23','E',180),(280,42,'2019-10-16 11:57:54','E',138),(281,42,'2019-10-16 12:01:32','E',165),(282,42,'2019-10-16 12:02:23','E',42),(283,42,'2019-10-16 12:02:48','E',47),(284,42,'2019-10-16 12:04:09','E',113),(285,42,'2019-10-16 12:04:49','E',91),(286,42,'2019-10-16 12:05:35','E',141),(287,42,'2019-10-16 12:06:32','E',148),(288,42,'2019-10-16 12:06:57','E',125),(289,42,'2019-10-16 12:07:44','E',169),(290,42,'2019-10-16 12:08:37','E',164),(291,42,'2019-10-16 12:09:17','E',149),(292,42,'2019-10-17 10:35:29','E',17),(293,42,'2019-10-17 10:35:57','E',18),(294,42,'2019-10-17 10:54:00','E',37),(295,42,'2019-10-17 12:47:41','E',28),(296,42,'2019-10-17 12:48:34','E',26),(297,42,'2019-10-17 12:49:26','E',59),(298,42,'2019-10-17 12:50:02','E',68),(299,42,'2019-10-17 12:50:31','E',55),(300,42,'2019-10-17 12:51:23','E',92),(301,42,'2019-10-17 12:51:53','E',73),(302,42,'2019-10-17 14:12:08','E',33),(303,42,'2019-10-17 14:12:42','E',51),(304,42,'2019-10-18 10:51:38','E',28),(305,42,'2019-10-18 11:30:10','D',161),(306,42,'2019-10-18 11:45:05','E',100);

/*Table structure for table `department` */

DROP TABLE IF EXISTS `department`;

CREATE TABLE `department` (
  `DeptId` int(11) NOT NULL AUTO_INCREMENT,
  `DeptName` varchar(255) NOT NULL,
  PRIMARY KEY (`DeptId`)
) ENGINE=MyISAM AUTO_INCREMENT=33 DEFAULT CHARSET=latin1;

/*Data for the table `department` */

insert  into `department`(`DeptId`,`DeptName`) values (1,'Chief Engineer (TELECOM) NTDC Lahore '),(2,'Chief Engineer (Asset Management) North NTDC Islamabad'),(3,'Chief Engineer (Asset Management) North Lahore'),(4,'Chief Engineer (Asset Management) South NTDC Hyderabad'),(5,'Chief Engineer (Asset Management) South NTDC Quetta'),(6,'Chief Engineer (Asset Management) South NTDC Multan '),(7,'Chief Engineer +660 (HVDC) NTDC LAHORE'),(8,'Chief Engineer (EHV-I) NTDC Lahore'),(9,'Chief Engineer (EHV-II) NTDC Hyderabad'),(10,'Chief Engineer (TSG) NTDC NKLP LAHORE'),(11,'Chief Engineer (MP&M) NTDC Wapda House LAHORE'),(12,'Chief Engineer (Sub Station Design) NTDC Lahore Old Design'),(13,'Chief Engineer (Quality Assurance & Inspection) (QA&I) NTDC Lahore Old (MI)'),(14,'Chief Engineer (Standrads & Specifications) NTDC Lahore Old (D&S)'),(15,'Chief Engineer (Protection & Control) P&C NTDC Wapda House Lahore Old (SP)'),(16,'Chief Security Officer (CSO) NTDC Lahore '),(17,'Chief Financial Officer NTDC (CFO) Lahore '),(18,'Company Secretry NTDC Lahore'),(19,'DIRECTOR GENERAL (HR&A) NTDC Lahore '),(20,'General Manager (Project Delivery) North Wapda House Lahore'),(21,'General Manager (Project Delivery) South NTDC, Hyderabad @ Jamshoro'),(22,'Chief Engineer (TSG) Lab Rawat NTDC Islamabad Old (HV&SC)'),(23,'General Manager (SO) NPCC ISLAMABAD'),(24,'General Manager (TECHNICAL) NTDC Wapda House Lahore'),(25,'General Manager (Asset Management) North NTDC Wapda House Lahore'),(26,'General Manager (Asset Management) South NTDC Hyderabad'),(27,'General Manager (Power System Planning) Power PIA Tower Lahore Old Planning Power'),(28,'General Manager (Design & Engineering) Wapda House Lahore Old (SD)'),(29,'Other Cases (MD NTDC)'),(30,'Chief Engineer(PD/GSC) North NTDC ISLAMABAD'),(31,'GENERAL MANAGER (HR) NTDC Lahore'),(32,'Director (Media & PR) NTDC Wapda House Lahore');

/*Table structure for table `gmdepartment` */

DROP TABLE IF EXISTS `gmdepartment`;

CREATE TABLE `gmdepartment` (
  `GMDeptId` int(11) NOT NULL AUTO_INCREMENT,
  `GMDeptName` varchar(250) NOT NULL,
  PRIMARY KEY (`GMDeptId`)
) ENGINE=InnoDB AUTO_INCREMENT=3 DEFAULT CHARSET=latin1;

/*Data for the table `gmdepartment` */

insert  into `gmdepartment`(`GMDeptId`,`GMDeptName`) values (1,'GM Power'),(2,'GM Planning');

/*Table structure for table `gridstation` */

DROP TABLE IF EXISTS `gridstation`;

CREATE TABLE `gridstation` (
  `gridId` int(11) NOT NULL AUTO_INCREMENT,
  `gridName` varchar(100) NOT NULL,
  `gVoltage` varchar(50) NOT NULL,
  `gRegion` varchar(50) NOT NULL,
  `gsCircleId` varchar(100) NOT NULL,
  `siteType` varchar(50) NOT NULL,
  `gCustodian` varchar(100) NOT NULL,
  `gFeed` varchar(100) NOT NULL,
  `DateOfCommission` date NOT NULL,
  `GeographicalLocation` varchar(100) NOT NULL,
  `Coordinates` varchar(100) NOT NULL,
  `SingleLineDiagram` varchar(100) NOT NULL,
  PRIMARY KEY (`gridId`)
) ENGINE=InnoDB AUTO_INCREMENT=114 DEFAULT CHARSET=latin1;

/*Data for the table `gridstation` */

insert  into `gridstation`(`gridId`,`gridName`,`gVoltage`,`gRegion`,`gsCircleId`,`siteType`,`gCustodian`,`gFeed`,`DateOfCommission`,`GeographicalLocation`,`Coordinates`,`SingleLineDiagram`) values (1,'Rawat','500','342','2','2235','2424','frr','0000-00-00','lahore','777777',''),(2,'tarbella','220','Islamabad','2','','','','0000-00-00','','',''),(3,'Bannu','220','Islamabad','1','','','','0000-00-00','','',''),(4,'Daud Khail','220','Islamabad','1','','','','0000-00-00','','',''),(5,'Guddu','500','Hyderabad','8','','','','0000-00-00','','',''),(6,'Dadu','500','Hyderabad','7','','','','0000-00-00','','',''),(7,'Shikarpur','220','Hyderabad','4','','','','0000-00-00','','',''),(8,'Bahawalpur','220','Multan','6','','','','0000-00-00','','',''),(9,'Multan','500','Multan','5','','','','0000-00-00','','',''),(10,'Sheikh Muhammadi Peshawar','500','Islamabad','1','','','','0000-00-00','','',''),(11,'Mardan','220','Islamabad','1','','','','0000-00-00','','',''),(12,'Sangjani','220','Islamabad','2','','','','0000-00-00','','',''),(13,'Shahi Bagh','220','Islamabad','1','','','','0000-00-00','','',''),(14,'University','220','Islamabad','2','','','','0000-00-00','','',''),(15,'Bund Road','220','Lahore','3','','','','0000-00-00','','',''),(16,'Ghakkar','220','Lahore','3','','','','0000-00-00','','',''),(17,'Jaranwala','220','Lahore','4','','','','0000-00-00','','',''),(18,'Kala Shah Kaku','220','Lahore','3','','','','0000-00-00','','',''),(19,'Ludewala','220','Lahore','4','','','','0000-00-00','','',''),(20,'Nishatabad','220','Lahore','4','','','','0000-00-00','','',''),(21,'New Kot Lakhpat','220','Lahore','','','','','0000-00-00','','',''),(22,'Sarfarz Nagar','220','Lahore','3','','','','0000-00-00','','',''),(23,'Sialkot(Sahuwala)','220','Lahore','3','','','','0000-00-00','','',''),(24,'Wapda Town','220','Lahore','3','','','','0000-00-00','','',''),(25,'Shalamar','220','Lahore','3','','','','0000-00-00','','',''),(26,'Sammundri Road','220kv','Lahore','4','','','','0000-00-00','','',''),(27,'Bandala','220kv','Lahore','4','','','','0000-00-00','','',''),(28,'Ghazi Road','220kv','Lahore','3','','','','0000-00-00','','',''),(29,'Toba Tek Singh','220kv','Lahore','4','','','','0000-00-00','','',''),(30,'New Muzaffar Garh','220kv','Multan','6','','','','0000-00-00','','',''),(31,'Okara','220kv','Multan','6','','','','0000-00-00','','',''),(32,'Kassowal','220kv','Lahore','6','','','','0000-00-00','','',''),(33,'Vehari','220kv','Multan','6','','','','0000-00-00','','',''),(34,'Hala Road','220kv','Hyderabad','7','','','','0000-00-00','','',''),(35,'Quetta Industrial','220kv','Hyderabad','9','','','','0000-00-00','','',''),(36,'Sibbi','220kv','Hyderabad','9','','','','0000-00-00','','',''),(37,'T.M Khan Road','220kv','Hyderabad','7','','','','0000-00-00','','',''),(38,'Daharki','220kv','Hyderabad','8','','','','0000-00-00','','',''),(39,'Rohri','220kv','Hyderabad','8','','','','0000-00-00','','',''),(40,'Lora Lai','220kv','Hyderabad','9','','','','0000-00-00','','',''),(41,'Khuzdar','220kv','Hyderabad','9','','','','0000-00-00','','',''),(42,'Sheikhupura','500kv','Lahore','4','','','','0000-00-00','','',''),(43,'Gatti(Faisalabad)','500kv','Lahore','4','','','','0000-00-00','','',''),(44,'Nokhar','500kv','Lahore','3','','','','0000-00-00','','',''),(45,'Muzaffar Garh','500kv','Multan','5','','','','0000-00-00','','',''),(46,'D.G Khan','500kv','Multan','5','','','','0000-00-00','','',''),(47,'Yousafwala','500kv','Multan','5','','','','0000-00-00','','',''),(48,'Jamshoro','500kv','Hyderabad','7','','','','0000-00-00','','',''),(49,'NKI(Karachi)','500kv','Hyderabad','7','','','','0000-00-00','','',''),(50,'Ravi LHR','220kv','Lahore','3','','','','0000-00-00','','',''),(51,'NKLP LHR','220kv','Lahore','3','','','','0000-00-00','','',''),(52,'Jhampir','220kv','Hyderabad','7','','','','0000-00-00','','',''),(53,'Chishtian','220kv','Multan','6','','','','0000-00-00','','',''),(54,'etr','33','2sdf','2','sdg','sdg','sdg','2017-07-04','sdgs','sdgsd','apache_pb.gif'),(55,'4','4','4','1','4','4','4','2017-07-03','4','4','namePlates/'),(56,'4','4','4','1','4','4','4','2017-07-03','4','4',''),(57,'yy','7','u','1','7','7','h','2017-07-16','h','h',''),(58,'yy','7','u','1','7','7','h','2017-07-16','h','h',''),(59,'6','6','6','1','66','6','6','1970-01-01','6','6',''),(60,'6','6','6','1','66','6','6','1970-01-01','6','6',''),(61,'6','6','6','3','66','6','6','1970-01-01','66','7999999',''),(63,'6','6','6','','66','6','6','1970-01-01','6','6',''),(64,'7','7','7','','7','77','7','1970-01-01','77','7',''),(65,'7','7','7','','7','77','7','1970-01-01','77','7',''),(66,'666','6','6','3','6','66','6','1970-01-01','6','66',''),(67,'666','6','6','3','6','66','6','1970-01-01','6','66','Tulips.jpg'),(68,'7','7','7','','7','7','7','1970-01-01','7','7999999','Jellyfish.jpg'),(69,'yy','5','5','2','55','5','5','1970-01-01','5','55','Koala.jpg'),(70,'yy','5','5','2','55','5','5','1970-01-01','5','55','Koala.jpg'),(71,'5','5','5','3','5','5','5','1970-01-01','5','5',''),(72,'7','7','7','2','77','7','7','1970-01-01','7','7',''),(73,'8','8','8','2','88','8','88','1970-01-01','8','88','Penguins.jpg'),(74,'8','8','8','2','88','8','88','1970-01-01','8','88',''),(75,'y','8','8','2','8','8','8','1970-01-01','8','8','Jellyfish.jpg'),(76,'8','8','8','2','8','88','8','1970-01-01','88','8','Desert.jpg'),(77,'7','7','7','4','77','7','7','1970-01-01','7','8','Chrysanthemum.jpg'),(78,'5','5','5','5','55','5','5','1970-01-01','5','5','Lighthouse.jpg'),(79,'6','6','66','','6','6','6','1970-01-01','6','6','Jellyfish.jpg'),(80,'8','8','8','2','8','8','88','1970-01-01','8','8','graph.png'),(81,'7','7','7','','7','77','7','1970-01-01','7','7',''),(82,'6','6','6','','6','6','6','1970-01-01','6','6',''),(83,'6','6','6','','66','6','6','1970-01-01','66','6',''),(84,'6','6','6','','6','6','6','1970-01-01','6','66',''),(86,'rwaq','78','lakor','2','76','hjgGGHGH','G','2017-07-06','jhjhj','hjh',''),(87,'eeee','6','6878','','6uuu','67676','667767676','2003-07-17','6kk','6jhj',''),(88,'6','6','6','','6','6','66','1970-01-01','6','66',''),(89,'6','6','6','','6','6','66','1970-01-01','6','66',''),(90,'uiuiu','66','uiu','','iui','76','767','1970-01-01','676','76',''),(91,'76','6','77','','767','67','67','1970-01-01','78','676',''),(92,'76','6','77','','767','67','67','1970-01-01','78','676',''),(93,'87','878','78','','78','78','78','1970-01-01','78','78',''),(94,'7766666666666','7','7','','7','7','7','1970-01-01','7','7',''),(95,'7676','6','767','','76','767','76','1970-01-01','7','67',''),(97,'77','7','7','','7','77','7','1970-01-01','77','7',''),(98,'77','7','7','','7','77','7','1970-01-01','77','7',''),(99,'666','6','6','','66','6','','1970-01-01','6','6',''),(100,'888','8','8','','8','88','8','1970-01-01','8','45',''),(101,'999','9','9','','9','9','9','1970-01-01','9','9',''),(102,'8888','8','8','','8','8','8','1970-01-01','88','tr',''),(103,'uuuu','6','66','','6','66','6','1970-01-01','66','6','uuuu_1500211356806.jpg'),(104,'uuuu','6','66','','6','66','6','1970-01-01','66','6','uuuu_1500211449647.jpg'),(105,'yyy','7','7','','77','7','7','1970-01-01','7','76',''),(106,'66','6','6','','2','6','6','1970-01-01','6','6','66_1500212112512.jpg'),(107,'66','6','6','','2','6','6','1970-01-01','6','6','66_1500212318508.jpg'),(108,'asma','444','jJj','1','2','9','8','1970-01-01','9','9','asma_1500212379927.jpg'),(109,'rehaan','8','8','','4','7','7','2017-07-05','77','8','rehaan_1500212507229.jpg'),(110,'rehaan','8','8','','4','7','7','2005-07-17','77','8','rehaan_1500212540080.jpg'),(111,'eeeeeeeeeeeeeeeeeeeeeeee','4444444444','44','3','3','44','4','2017-06-12','4','4','eeeeeeeeeeeeeeeeeeeeeeee_1500265522206.jpg'),(112,'eeeeeeeeeeeeeeeeeeeeeeee','4444444444','44','3','3','44','4','2017-06-12','4','4','eeeeeeeeeeeeeeeeeeeeeeee_1500265742168.jpg'),(113,'eeeeeeeeeeeeeeeeeeeeeeee','4444444444','44','3','3','44','4','2017-06-12','4','4','eeeeeeeeeeeeeeeeeeeeeeee_1500271687649.jpg');

/*Table structure for table `hearings` */

DROP TABLE IF EXISTS `hearings`;

CREATE TABLE `hearings` (
  `HearingId` int(11) NOT NULL AUTO_INCREMENT,
  `CaseId` int(100) NOT NULL,
  `IsCaseDisposedOff` int(11) NOT NULL,
  `HearingDate` date NOT NULL,
  `NextHearingDate` date NOT NULL,
  `Proceedings` longtext NOT NULL,
  `HearingStatusId` int(11) NOT NULL,
  `FinalBriefRemarksOfCase` int(11) NOT NULL,
  `RecordStatus` tinyint(1) NOT NULL DEFAULT '1',
  PRIMARY KEY (`HearingId`)
) ENGINE=InnoDB AUTO_INCREMENT=651 DEFAULT CHARSET=latin1;

/*Data for the table `hearings` */

insert  into `hearings`(`HearingId`,`CaseId`,`IsCaseDisposedOff`,`HearingDate`,`NextHearingDate`,`Proceedings`,`HearingStatusId`,`FinalBriefRemarksOfCase`,`RecordStatus`) values (45,66,0,'2018-02-01','2018-02-07','---',0,1,1),(46,66,0,'2018-02-07','2018-03-09','---',0,1,1),(47,67,0,'1970-01-01','2018-05-01','Pending in court',0,1,0),(48,67,0,'2012-08-13','2018-05-14','Pending',0,0,0),(49,69,0,'2016-02-11','2016-08-11','Pending in court',0,1,1),(50,70,0,'2015-04-15','2015-04-16','Pending',0,1,1),(51,71,0,'2010-05-21','2018-05-04','Pending',0,1,0),(52,71,0,'2018-05-04','2018-05-04','Case transferred from Labour Court No.1 Lahore',0,1,1),(53,72,0,'2010-05-21','2017-11-28','Case is adjourned Sine die on 28.10.2013 as LHC stayed proceedings of cases of NTDC employees in Labour Court',0,1,1),(54,73,0,'2017-04-18','2018-05-11','Status quo',0,1,1),(55,73,0,'2017-04-18','2018-05-11','Status quo',0,1,0),(56,74,0,'2017-05-30','2018-04-10','Pending',0,1,1),(57,75,0,'2017-05-22','2018-03-26','Pending',0,1,1),(58,76,0,'2012-03-21','2017-12-19','Pending',0,1,1),(59,78,0,'2013-01-24','2013-01-24','Pending in the court',0,1,1),(60,79,0,'2013-02-02','2013-03-22','Pending',0,1,1),(61,81,0,'2015-03-04','2015-03-04','Pending in the court',0,1,0),(62,82,0,'2013-04-25','2013-05-25','Pending in the court',0,1,1),(63,83,0,'2014-11-06','2014-11-06','Pending',0,1,1),(64,84,0,'2015-02-27','2015-04-22','Pending',0,1,1),(65,85,0,'2016-11-25','2016-11-17','Pending',0,1,1),(66,86,0,'2012-10-13','2018-01-25','Pending',0,1,1),(67,87,0,'2016-10-14','2018-03-27','Pending',0,1,0),(68,89,0,'2013-07-09','2018-04-23','Pending in the court',0,1,1),(69,89,0,'2013-07-09','2018-05-16','Pending in the court',0,0,1),(70,91,0,'2015-11-30','2018-04-12','Pending in the court',0,1,0),(71,111,0,'2015-10-06','2017-07-20','Pending in the court',0,1,1),(72,124,0,'2010-10-27','2018-03-15','pending in the court',0,1,0),(73,125,0,'2017-12-05','2018-02-19','pending in the court',0,1,1),(74,126,0,'2018-02-26','2018-04-17','pending in the court',0,1,0),(75,127,0,'2017-09-20','2018-03-20','pending in the court',0,1,1),(76,128,0,'2018-04-12','2018-04-12','pending in the court',0,1,1),(77,129,0,'2018-06-12','2018-07-05','pending in the court',0,1,0),(78,130,0,'2009-12-16','2012-09-06','Pending in the court',0,1,1),(79,114,0,'2015-06-05','2015-06-05','Pending in the court',0,1,1),(80,119,0,'2011-10-03','2011-10-04','Pending in the court',0,1,0),(81,120,0,'2014-12-04','2015-10-27','Pending in the Court',0,1,1),(82,121,0,'2014-10-15','2017-12-08','Pending in the court',0,1,1),(83,122,0,'2017-02-22','2018-04-11','Pending in the court',0,1,0),(84,123,0,'2017-12-05','2017-12-05','Pending in the court',0,1,1),(85,131,0,'2012-01-01','2018-06-27','Pending in the court',0,1,1),(86,132,0,'2012-03-12','2017-04-12','Pending in the court',0,1,1),(87,133,0,'2015-07-15','2015-07-15','Pending',0,1,0),(88,134,0,'2016-03-01','2016-04-06','Pending in the court',0,1,1),(89,135,0,'2007-05-22','2017-06-18','Pending in the court',0,1,0),(90,136,0,'2014-04-16','2017-01-12','Pending',0,1,1),(91,137,0,'2014-06-09','2018-06-12','Pending in the court',0,1,1),(92,138,0,'2014-06-09','2018-06-12','Pending',0,1,1),(93,139,0,'2014-06-09','2018-06-12','Pending',0,1,1),(94,140,0,'2014-04-04','2018-06-12','Pending',0,1,1),(95,141,0,'2015-10-22','2017-11-20','Pending',0,1,1),(96,142,0,'2014-08-12','2018-08-13','Pending',0,1,0),(97,143,0,'2017-02-07','2018-03-31','Pending',0,1,0),(98,144,0,'2016-03-16','2016-12-22','Pending in the court',0,1,0),(99,145,0,'2012-03-20','2012-03-20','Pending in the Court',0,1,0),(100,146,0,'2016-04-07','2017-04-13','Pending in the court',0,1,0),(101,147,0,'2016-04-25','2016-08-31','Pending in the court',0,0,0),(102,148,0,'2016-03-14','2016-08-19','Pending in the court',0,1,0),(103,149,0,'2016-04-04','2016-09-30','Pending in the court',0,1,0),(104,150,0,'2018-04-04','2016-09-30','Pending in the Court',0,1,1),(105,151,0,'2016-04-04','2016-09-30','Pending in the Court',0,1,1),(106,152,0,'2016-04-04','2016-09-30','Pending in the court',0,1,0),(107,153,0,'2016-04-04','2018-09-30','Pending in the court',0,1,0),(108,154,0,'2016-04-04','2016-09-30','Pending in the court',0,1,0),(109,155,0,'2016-04-04','2016-09-30','Pending in the court',0,1,1),(110,156,0,'2016-04-04','2016-09-30','Pending in the court',0,1,0),(111,157,0,'2016-04-04','2016-09-30','Pending in the court',0,1,1),(112,158,0,'2016-04-04','2016-09-30','Pending in the court',0,1,0),(113,159,0,'2016-04-04','2016-09-30','Pending in the court',0,1,1),(114,160,0,'2016-04-04','2016-09-30','Pending in the court',0,1,0),(115,161,0,'2016-04-04','2016-09-30','Pending in the court',0,1,1),(116,162,0,'2016-04-04','2018-09-30','Pending in the court',0,1,1),(117,163,0,'2016-04-04','2016-09-30','Pending in the court',0,1,1),(118,164,0,'2016-04-04','2016-09-30','Pending in the court',0,1,1),(119,165,0,'2018-04-04','2016-09-30','Pending in the court',0,1,1),(120,166,0,'2016-04-04','2016-09-30','Pending in the court',0,1,0),(121,167,0,'2013-11-08','2016-06-24','Pending in the court',0,1,1),(122,168,0,'2015-07-09','2018-04-04','Pending in the court',0,1,1),(123,169,0,'2017-03-28','2018-03-28','Pending in the court',0,1,1),(124,170,0,'2017-04-18','2018-05-11','Pending in the court',0,1,0),(125,171,0,'2017-05-24','2017-05-24','Pending in the court',0,1,1),(126,172,0,'2017-08-21','2017-08-21','Pending in the court',0,1,0),(127,173,0,'2017-05-02','2017-05-02','Pending in the court',0,1,1),(128,174,0,'2017-05-02','2017-05-02','Pending in the court',0,1,1),(129,175,0,'2017-05-02','2017-05-02','Pending in the court',0,1,1),(130,176,0,'2017-05-02','2017-05-02','Pending in the court',0,1,1),(131,177,0,'2017-05-02','2017-05-02','Pending in the court',0,1,1),(132,178,0,'2017-05-02','2017-05-02','Pending in the court',0,1,1),(133,179,0,'2017-05-02','2017-05-02','Pending in the court',0,1,1),(134,180,0,'2017-05-02','2017-05-02','Pending in the court',0,1,1),(135,181,0,'2017-05-02','2017-05-02','Pending in the court',0,1,1),(136,182,0,'2017-04-03','2017-12-13','Pending in the court',0,1,1),(137,183,0,'2018-03-29','2018-03-29','Pending in the court',0,1,1),(138,184,0,'2018-03-21','2018-03-21','Pending in the court',0,1,1),(139,185,0,'2018-03-21','2018-03-21','Pending in the court',0,1,1),(140,186,0,'2016-02-11','2017-02-09','Pending in the court',0,1,0),(141,187,0,'2010-05-21','2018-07-30','Pending in the court',0,1,1),(142,188,0,'2016-11-25','2018-05-17','Pending in the court',0,1,0),(143,189,0,'2012-10-13','2018-01-25','Pending in the court',0,1,0),(144,190,0,'2015-10-06','2017-07-20','Pending in the court',0,1,1),(145,191,0,'2017-12-05','2017-12-05','Pending in the court',0,1,0),(146,192,0,'2018-07-12','2018-07-12','Pending in the court',0,1,0),(147,193,0,'2018-07-09','2018-08-01','Pending in the Court',0,1,1),(148,194,0,'2017-04-06','2018-07-09','Pending in the court',0,1,1),(149,195,0,'2017-01-31','2018-05-11','Pending in the court',0,1,1),(150,196,0,'2015-04-20','2018-03-29','Pending in the court',0,1,0),(151,197,0,'2014-01-23','2018-02-20','Pending in the court',0,1,1),(152,198,0,'2013-12-12','2018-07-12','Pending in the court',0,1,0),(153,199,0,'2016-12-01','2018-03-27','Pending in the court',0,1,1),(154,200,0,'2016-12-01','2018-07-10','Pending in the court',0,1,0),(155,201,0,'2017-02-28','2018-07-10','Pending in the court',0,1,1),(156,202,0,'2017-08-15','2018-07-10','Pending in the court',0,1,1),(157,203,0,'2015-11-04','2018-03-14','Pending in the court',0,1,1),(158,204,0,'2015-11-04','2018-03-14','Pending in the court',0,1,0),(159,205,0,'2015-11-04','2018-03-14','Pending in the court',0,1,1),(160,206,0,'2015-01-22','2018-04-12','Pending in the court',0,1,1),(161,207,0,'2015-05-27','2018-06-19','Pending in the court',0,1,1),(162,208,0,'2016-05-10','2018-05-16','Pending in the court',0,1,1),(163,209,0,'2016-08-01','2018-05-26','Pending in the court',0,1,0),(164,210,0,'2017-04-06','2018-07-12','Pending in the court',0,1,1),(165,211,0,'2018-03-19','2018-07-11','Pending in the court',0,1,0),(166,212,0,'2014-07-08','2015-02-26','Pending in the court',0,1,1),(167,213,0,'2018-03-22','2018-07-20','Pending in the court',0,1,1),(168,214,0,'2015-04-08','2017-12-27','Pending in the court',0,1,1),(169,215,0,'2016-03-30','2016-05-30','Pending',0,1,1),(170,216,0,'2017-11-27','2018-03-06','Pending',0,1,1),(171,217,0,'2013-08-07','2013-08-07','Pending',0,1,0),(172,218,0,'2014-11-10','2014-12-11','Pending',0,1,0),(173,219,0,'2016-05-02','2018-07-10','Pending',0,1,0),(174,220,0,'2015-09-14','2018-02-15','Pending',0,1,0),(175,221,0,'2015-12-18','2017-10-12','Pending',0,1,0),(176,222,0,'2016-03-17','2016-03-17','Pending',0,1,0),(177,223,0,'2015-10-13','2018-03-14','Pending',0,1,0),(178,224,0,'2016-04-21','2018-03-01','Pending',0,0,1),(179,225,0,'2016-08-29','2017-06-19','Pending',0,1,0),(180,226,0,'2016-05-10','2016-05-10','Pending',0,1,1),(181,227,0,'2013-08-05','2018-07-03','Pending',0,1,0),(182,229,0,'2016-07-27','2018-07-03','Pending',0,1,0),(183,230,0,'2016-05-10','2018-07-03','Pending',0,1,0),(184,231,0,'2014-04-28','2018-06-11','Pending',0,1,1),(185,232,0,'2015-01-22','2018-07-11','Pending',0,1,1),(186,233,0,'2016-09-21','2018-03-20','Pending',0,1,1),(187,234,0,'2015-07-28','2017-08-15','Pending',0,1,1),(188,235,0,'2017-06-15','2018-07-02','Pending',0,1,1),(189,236,0,'2017-06-21','2018-06-11','Pending',0,1,0),(190,237,0,'2017-08-22','2018-06-11','Pending',0,1,0),(191,238,0,'2018-02-06','2018-06-28','Pending',0,1,1),(192,239,0,'2018-02-06','2018-06-28','Pending',0,1,1),(193,240,0,'2018-05-02','2018-06-05','Pending',0,1,1),(194,67,0,'2019-08-14','2019-08-31','Pending',0,1,0),(195,80,0,'1976-08-11','1970-01-01','pending',0,1,1),(196,246,0,'2012-07-20','2015-04-15','Matter is being pursued by NTDC through nominated counsel',0,1,1),(197,246,0,'2015-04-15','2019-08-15','pending',0,1,0),(198,247,0,'2015-10-20','2017-03-25','Writ Petition is being pursued by NTDC before Peshawar High Court, Peshawar',0,1,1),(199,250,0,'2013-02-02','2013-03-22','Matter is being pursued by NTDC through nominated counsel',0,1,0),(200,336,0,'2017-10-03','2018-01-23','NTDC is pursuing the case through appointed lawyer.',0,1,1),(201,630,0,'2019-01-23','2019-01-23','Writ Petition is being pursued by NTDC before Lahore High Court, Lahore',0,1,1),(202,629,0,'2018-09-18','2018-09-18','NTDC is defending Writ Petition through engaged lawyer before Lahore High Court Lahore',0,1,1),(203,628,0,'2018-05-30','2018-05-30','NTDC is pursuing Recovery Suit before Islamabad High Court Islamabad',0,1,1),(204,627,0,'2013-10-09','2017-11-28','NTDC is defending Contempt Petition through nominated lawyer before Lahore High Court Lahore',0,1,1),(205,626,0,'2017-10-05','2018-01-25','NTDC is defending writ petition through engaged lawyer before Lahore High Court Lahore',0,1,1),(206,624,0,'2017-10-05','2018-01-25','NTDC is defending Civil Revision through engaged counsel before the learned court.',0,1,1),(207,623,0,'2017-10-05','2018-01-25','NTDC is defending Civil Revision through engaged counsel before the court of law.',0,1,1),(208,622,0,'2017-08-29','2017-08-29','NTDC is defending Civil Revision through engaged counsel before Additional Distt. Judge Lahore',0,1,1),(209,614,0,'2017-05-02','2017-05-02','NTDC is defending Civil Appeal through nominated counsel before  Supreme Court Of Pakistan Islamabad',0,1,1),(210,612,0,'2017-05-25','2017-05-25','Civil Revision is being defended by NTDC through nominated counsel before the court of law',0,1,1),(211,611,0,'2017-05-25','2017-05-25','Civil Revision is being defended by NTDC through engaged counsel before Distt. Judge, Lahore',0,1,1),(212,609,0,'2015-08-07','2015-09-28','NTDC is defending writ petition through nominated lawyer before the court of law.',0,1,1),(213,608,0,'2015-08-07','2015-09-28','NTDC is defending writ petition through engaged lawyer before the court of law.',0,1,1),(214,607,0,'2015-07-30','2015-08-20','NTDC is defending writ petition through engaged lawyer before Islamabad High Court, Islamabad',0,1,1),(215,606,0,'2015-06-18','2015-06-18','NTDC is defending writ petition through engaged lawyer before Peshawar High Court, Peshawar',0,1,1),(216,605,0,'2015-10-20','2017-04-11','Writ Petition is being defended by NTDC before Peshawar High Court, Peshawar',0,1,1),(217,604,0,'2015-10-20','2017-04-11','NTDC is defending writ petition through engaged lawyer before Peshawar High Court, Peshawar',0,1,1),(218,603,0,'2015-10-20','2017-04-11','Writ Petition is being defended by NTDC before Peshawar High Court, Peshawar',0,1,1),(219,602,0,'2015-10-20','2017-04-11','NTDC is defending writ petition through engaged lawyer before Peshawar High Court, Peshawar',0,1,1),(220,601,0,'2015-10-20','2017-04-11','Writ Petition is being defended by NTDC before Peshawar High Court, Peshawar',0,1,1),(221,600,0,'2015-10-20','2017-04-11','NTDC is defending writ petition through engaged lawyer before Peshawar High Court, Peshawar',0,1,1),(222,599,0,'2015-10-20','2017-04-11','Writ Petition is being defended by NTDC before Peshawar High Court, Peshawar',0,1,1),(223,598,0,'2015-10-20','2017-04-11','NTDC is defending writ petition through engaged lawyer before Peshawar High Court, Peshawar',0,1,1),(224,597,0,'2015-10-20','2017-04-11','Writ Petition is being defended by NTDC before Peshawar High Court, Peshawar',0,1,1),(225,596,0,'2015-10-20','2017-04-11','NTDC is defending writ petition through engaged lawyer before Peshawar High Court, Peshawar',0,1,1),(226,595,0,'2015-10-20','2017-04-11','Writ Petition is being defended by NTDC before Peshawar High Court, Peshawar',0,1,1),(227,594,0,'2015-10-20','2017-04-11','NTDC is defending writ petition through engaged lawyer before Peshawar High Court, Peshawar',0,1,1),(228,593,0,'2015-10-20','2017-04-11','Writ Petition is being defended by NTDC before Peshawar High Court, Peshawar',0,1,1),(229,592,0,'2015-10-20','2017-04-11','NTDC is defending writ petition through engaged lawyer before Peshawar High Court, Peshawar',0,1,1),(230,591,0,'2015-10-20','2017-04-11','Writ Petition is being defended by NTDC before Peshawar High Court, Peshawar',0,1,1),(231,590,0,'2015-10-20','2017-04-11','NTDC is defending writ petition through engaged lawyer before Peshawar High Court, Peshawar',0,1,1),(232,589,0,'2015-10-20','2017-04-11','Writ Petition is being defended by NTDC before Peshawar High Court, Peshawar',0,1,1),(233,588,0,'2015-10-20','2017-04-11','NTDC is defending writ petition through engaged lawyer before Peshawar High Court, Peshawar',0,1,1),(234,587,0,'2015-10-20','2017-04-11','Writ Petition is being defended by NTDC before Peshawar High Court, Peshawar',0,1,1),(235,586,0,'2015-10-20','2017-04-11','NTDC is defending writ petition through engaged lawyer before Peshawar High Court, Peshawar',0,1,1),(236,584,0,'2015-10-20','2017-04-11','NTDC is defending writ petition through engaged lawyer before Peshawar High Court, Peshawar',0,1,1),(237,583,0,'2015-10-20','2017-04-11','Writ Petition is being defended by NTDC before Peshawar High Court, Peshawar',0,1,1),(238,582,0,'2015-10-20','2017-04-11','NTDC is defending writ petition through engaged lawyer before Peshawar High Court, Peshawar',0,1,1),(239,581,0,'2015-10-20','2017-04-11','Writ Petition is being defended by NTDC before Peshawar High Court, Peshawar',0,1,1),(240,580,0,'2015-10-20','2017-04-11','NTDC is defending writ petition through engaged lawyer before Peshawar High Court, Peshawar',0,1,1),(241,579,0,'2015-10-20','2017-04-11','Writ Petition is being defended by NTDC before Peshawar High Court, Peshawar',0,1,1),(242,578,0,'2015-10-20','2017-04-11','NTDC is defending writ petition through engaged lawyer before Peshawar High Court, Peshawar',0,1,1),(243,577,0,'2015-10-20','2017-04-11','Writ Petition is being defended by NTDC before Peshawar High Court, Peshawar',0,1,1),(244,247,0,'2017-03-25','2017-03-25','Writ Petition is being pursued by NTDC before Peshawar High Court, Peshawar',0,1,0),(245,576,0,'2015-10-28','2016-11-11','NTDC is defending Civil Suit through engaged lawyer before Senior Civil Judge, Lahore',0,1,1),(246,575,0,'2017-05-02','2018-03-06','ICA is defending by NTDC before Double Bench Lahore High Court, Lahore',0,1,1),(247,570,0,'2019-02-21','2019-03-16','Civil Suit is being defended by NTDC through engaged lawyer before Civil Judge /Judicial Magistrate Nankana Sahib',0,1,1),(248,571,0,'2019-05-13','2019-06-01','NTDC is contesting Contempt Petition through nominated counsel before Civil Judge /Judicial Magistrate Nankana Sahib',0,1,1),(249,565,0,'2017-10-24','2017-10-24','NTDC is pursuing the case through appointed lawyer before NEPRA Islamabad',0,1,1),(250,567,0,'2018-10-12','2018-10-12','Writ Petition is being pursued by NTDC before Lahore High Court, Lahore',0,1,1),(251,563,0,'2019-04-03','2019-05-08','NTDC is defending the case through engaged lawyer before NIRC bench at Lahore',0,1,1),(252,561,0,'2016-03-11','2018-01-10','Writ Petition is being defended by NTDC before Lahore High Court, Lahore',0,1,1),(253,559,0,'2013-03-27','2014-03-24','NTDC is defending Contempt Petition before Civil Judge Lahore',0,1,1),(254,558,0,'2014-12-18','2014-12-18','Matter is subjudice before the court of law and being defended by NTDC through nominated counsel',0,1,1),(255,557,0,'2011-08-10','2013-07-17','Writ Petition is being defended by NTDC before Lahore High Court, Lahore',0,1,1),(256,556,0,'2014-09-30','2015-12-22','NTDC is defending writ petition through engaged lawyer before Lahore High Court, Lahore',0,1,1),(257,555,0,'2014-09-30','2015-12-22','Writ Petition is being defended by NTDC before Lahore High Court, Lahore',0,1,1),(258,554,0,'2014-09-30','2015-12-22','NTDC is defending writ petition through engaged lawyer before Lahore High Court, Lahore',0,1,1),(259,553,0,'2014-09-30','2015-12-22','Writ Petition is being defended by NTDC before Lahore High Court, Lahore',0,1,1),(260,552,0,'2014-02-04','2014-02-25','Writ Petition is being defended by NTDC before Lahore High Court, Lahore',0,1,1),(261,551,0,'2013-10-10','2013-12-23','NTDC is defending the matter through engaged counsel before the High Court Lahore',0,1,1),(262,550,0,'2013-10-10','2013-06-18','Complaint is defending by NTDC through nominated lawyer before  Competition Commission of Pakistan GOP Islamabad',0,1,1),(263,549,0,'2009-11-11','2015-10-17','Matter is being pursued by NTDC  in the court of law through appointed counsel',0,1,1),(264,548,0,'2017-01-25','2019-07-01','Warrant for arresting the officer and his guarantors has been issued by the CIVIL JUDGE 1ST CLASS LAHORE. He is not being traced and next date is fixed on 28.01.2019.',0,1,1),(265,547,0,'2017-01-25','2019-07-01','Warrant for arresting the officer and his guarantors has been issued by the CIVIL JUDGE 1ST CLASS LAHORE. He is not being traced and next date is fixed on 28.01.2019.',0,0,1),(266,546,0,'2017-01-25','2019-07-01','Warrant for arresting the officer and his guarantors has been issued by the CIVIL JUDGE 1ST CLASS LAHORE. He is not being traced and next date is fixed on 28.01.2019.',0,1,1),(267,545,0,'2011-09-12','2015-05-28','Case is sine die by the Senior Civil Judge Faisalabad because the accused officer and his guarantors are not traceable.',0,1,1),(268,544,0,'2019-02-25','2019-07-27','Suit is defending by NTDC through nominated counsel before Civil Judge Islamabad',0,1,1),(269,543,0,'2018-12-20','2019-07-10','Matter is pending adjudication before Senior Civil Judge Islamabad',0,1,1),(270,542,0,'2019-12-21','2019-09-11','Civil Suit is being defending by NTDC through engaged counsel before Senior Civil Judge Islamabad',0,0,1),(271,541,0,'2019-02-27','2019-05-21','Matter is being representing through nominated Counsel before Apex court',0,1,1),(272,540,0,'2018-03-29','2018-03-29','Matter is being pursued through nominated Counsel before learned court',0,1,1),(273,539,0,'2017-08-21','2018-09-25','NTDC is pursuing Civil Appeal through nominated counsel before Supreme Court Of Pakistan Islamabad',0,1,1),(274,537,0,'2017-03-11','2019-07-22','Recovery Suit is being pursued by NTDC before Civil Judge, Islamabad',0,1,1),(275,536,0,'2012-10-30','2018-03-08','NTDC is pursuing the recovery suit before the court of law.',0,1,1),(276,535,0,'2013-10-03','2014-01-16','Writ petition is defending by NTDC through nominated counsel before Islamabad High Court Islamabad.',0,1,1),(277,534,0,'2012-08-07','2012-08-07','NTDC is defending writ petition through nominated counsel before the court of law.',0,1,1),(278,533,0,'2012-04-20','2012-06-08','Writ petition is defending by NTDC through nominated counsel before the court of law.',0,1,1),(279,532,0,'2010-02-22','2010-03-20','NTDC is pursuing the recovery suit before the court of law.',0,1,1),(280,531,0,'2019-04-17','2019-07-17','Matter is being defended by NTDC before the Court of law',0,1,1),(281,530,0,'2019-03-20','2019-06-24','Case is being pursued by NTDC before the court of law.',0,1,1),(282,529,0,'2015-02-23','2015-11-26','Writ petition is defending by NTDC through nominated counsel before the court of law.',0,1,1),(283,527,0,'2013-08-05','2019-07-17','Next date is fixed for hearing on 30.01.2019 at NIRC Multan Bench',0,1,1),(284,528,0,'2016-07-27','2019-07-17','Next date is fixed for hearing on 30.01.2019 at NIRC Multan Bench',0,1,1),(285,526,0,'2019-03-07','2019-04-04','Writ petition is defending by NTDC through nominated counsel before the court of law.',0,1,1),(286,525,0,'2019-03-07','2019-04-20','Writ petition is being defended by NTDC through engaged lawyer before the court of law.',0,1,1),(287,524,0,'2018-09-27','2018-09-27','Case is pending adjudication before NAB (RWD) CIVIC CENTRE G-6, ISLAMABAD',0,1,1),(288,522,0,'2013-10-28','2013-10-28','NTDC is defending the writ petition through engaged lawyer before Islamabad High Court, Islamabad',0,1,1),(289,520,0,'2019-02-20','2019-04-25','RFA is being defended by NTDC through appointed lawyer before the court of law',0,1,1),(290,519,0,'2019-04-06','2019-05-14','NTDC is defending the matter through nominated counsel before the court of law',0,1,1),(291,518,0,'2019-03-02','2019-05-23','Civil Suit is being defended by NTDC through engaged lawyer in the court of law',0,1,1),(292,517,0,'2012-07-20','2019-09-10','Case decided on 30.10.2018. Now pending in the Court on clarification of order',0,0,1),(293,516,0,'2018-12-13','2018-12-13','Pending for filing of written statement at CIVIL JUDGE 1ST CLASS LAHORE',0,1,1),(294,515,0,'2016-02-27','2019-02-12','Matter is pending for Notices at Civil Judge Dheer Court Distt. Bagh AJK',0,1,1),(295,510,0,'2018-09-24','2019-02-26','Matter is being defended by NTDC through engaged lawyer before the court of law',0,1,1),(296,509,0,'2018-10-26','2018-11-15','Appeal is defending by NTDC through nominated counsel before ADDL. DISTT. JUDGE GHAZI DISTT. HARIPUR',0,1,1),(297,508,0,'2018-09-27','2018-09-27','Ref. Petition is being defended by NTDC through engaged lawyer before the court of law',0,1,1),(298,507,0,'2018-10-12','2018-10-12','Appeal is defending by NTDC through nominated counsel before the court of law',0,1,1),(299,506,0,'2011-02-03','2012-03-30','Due to non availability of proper and correct address of judgment debtor, the file is sine die adjourned.',0,1,1),(300,505,0,'2015-03-11','2015-03-11','Civil Appeal is being defended by NTDC through engaged lawyer before Peshawar High Court, Abbotabad bench',0,1,1),(301,514,0,'2016-10-27','2019-09-16','Matter is pending for submission of written statement at Civil Judge Dheer Court Distt. Bagh AJK.  Next date of hearing is 14.01.2019.',0,0,1),(302,513,0,'2018-11-20','2018-11-20','NTDC is pursuing Civil Revision through engaged lawyer before the court of law',0,1,1),(303,512,0,'2018-11-08','2019-02-18','Matter is being defended by NTDC through engaged lawyer before the court of law',0,1,1),(304,511,0,'2016-02-27','2019-02-14','Matter is pending for arguments for the new commissions at Civil Judge Dheer Court Distt. Bagh AJK',0,1,1),(305,504,0,'2015-03-11','2015-03-11','Civil Appeal is defending by NTDC through nominated counsel before Peshawar High Court, Abbotabad bench',0,1,1),(306,503,0,'2018-10-04','2018-09-21','Case is being defended by NTDC through engaged lawyer before the court of law',0,1,1),(307,502,0,'2018-05-25','2018-09-21','Stay against NTDC vacated. Fixed for framing of issues at CIVIL JUDGE PATOKI DISTT. KASUR',0,1,1),(308,501,0,'2018-01-18','2018-09-21','Stay against NTDC vacated. Fixed for framing of issues at CIVIL JUDGE PATOKI DISTT. KASUR',0,1,1),(309,500,0,'2018-09-05','2019-03-19','Fixed for arguments and date in office at PESHAWAR HIGH COURT MINGORA BENCH/DARUL QAZA SAWAT',0,1,1),(310,499,0,'2018-08-31','2019-07-18','Matter is defending by NTDC through appointed counsel before Civil Judge Faisalabad',0,1,1),(311,498,0,'2018-03-21','2018-08-31','Suit is being pursued by NTDC through engaged counsel in the court of law',0,1,1),(312,497,0,'2018-03-14','2018-08-31','Suit is defending by NTDC through nominated lawyer in the court of law',0,1,1),(313,496,0,'2018-07-21','2018-11-26','Civil Suit is being defended by NTDC through engaged counsel in the court of law',0,1,1),(314,495,0,'2018-07-03','2019-06-17','Civil Suit is defending by NTDC through appointed counsel in the court of law',0,1,1),(315,492,0,'2018-05-24','2018-05-24','Appeal is defending by NTDC through engaged lawyer in the court of law',0,1,1),(316,493,0,'2012-02-03','2012-02-03','Civil Suit is being defended by NTDC through nominated lawyer in the court of law',0,1,1),(317,494,0,'2019-05-18','2018-09-13','Contempt petition is defending by NTDC through appointed lawyer',0,1,1),(318,491,0,'2018-05-03','2018-05-03','Appeal is being defended by NTDC through appointed counsel in the court of law',0,1,1),(319,490,0,'2018-05-03','2018-05-03','Civil Suit is being defended by NTDC through appointed counsel in the court of law',0,1,1),(320,489,0,'2018-05-07','2018-05-07','Civil Suit is defending by NTDC through appointed counsel in the court of law',0,1,1),(321,488,0,'2018-04-17','2018-04-17','Pending for the submission of Written reply on behalf of NTDC. Fixed for hearing on 15.02.2019.',0,1,1),(322,487,0,'2018-04-18','2018-04-18','Pending for the submission of Written reply on behalf of NTDC. Fixed for hearing on 15.02.2019.',0,1,1),(323,484,0,'2018-04-12','2019-05-24','As the reference court Malakand has fixed the compensation amount relaying upon solely on Commission report and fixed for arguments on 18.01.2019 at PESHAWAR HIGH COURT MINGORA BENCH/DARUL QAZA SAWAT',0,1,0),(324,484,0,'2019-05-24','2019-03-15','As the reference court Malakand has fixed the compensation amount relaying upon solely on Commission report and fixed for arguments on 18.01.2019 at PESHAWAR HIGH COURT MINGORA BENCH/DARUL QAZA SAWAT',0,1,1),(325,483,0,'2018-02-10','2018-02-10','Writ petition is being defended by NTDC through engaged lawyer before the court of law.',0,1,1),(326,481,0,'2017-12-18','2017-12-18','Civil Suit is pending before Civil Judge Judicial Magistrate Ghazi Distt. Heripur and NTDC is defending the suit through engaged counsel',0,1,1),(327,479,0,'2017-11-10','2017-11-10','Matter is defending by NTDC through appointed counsel in the court of law',0,1,1),(328,477,0,'2017-11-10','2017-11-10','Matter is being pursued by NTDC through engaged counsel in the court of law',0,1,1),(329,476,0,'2017-11-10','2017-11-10','Case is being defended by NTDC through nominated counsel in the court of law',0,1,1),(330,475,0,'2017-11-10','2017-11-10','NTDC is defending the suit through Counsel in the court of law',0,1,1),(331,474,0,'2017-11-10','2017-11-10','Matter is subjudice and NTDC is defending the case through external counsel in court of law',0,1,1),(332,473,0,'2017-11-15','2017-11-15','Case is pending and NTDC is defending the case through engaged counsel in court of law',0,1,1),(333,472,0,'2017-09-09','2017-09-13','Case is being contested by NTDC before Civil Judge Thorar Distt. Rawalakot AJK',0,1,1),(334,471,0,'2017-09-09','2017-09-13','Matter is subjudice and NTDC is defending the case through external counsel in court of law',0,1,1),(335,470,0,'2017-08-02','2018-07-27','Case is pending adjudication and being defended by NTDC before XEN Canal Division Distt. Bannu',0,1,1),(336,469,0,'2017-08-15','2017-10-03','Matter is pending in the court of law',0,1,1),(337,468,0,'2017-05-18','2017-10-03','Matter is pending in the court of law',0,1,1),(338,467,0,'2017-05-24','2017-05-24','Pending before Honrable Supreme Court of Pakistan Branch Registry, Peshawar. Date in office.',0,1,1),(339,465,0,'2017-05-17','2018-06-12','Date in office and pending for arguments at Lahore High Court Lahore',0,1,1),(340,464,0,'2017-05-02','2017-07-22','Civil Suit is pending and NTDC is contesting the case through engaged lawyer before Civil Judge Allaqa Qazi-II Malakand at Batkhela',0,1,1),(341,463,0,'2017-04-19','2017-06-15','Matter is subjudice and NTDC is defending the case through external counsel in court of law',0,1,1),(342,462,0,'2017-04-19','2017-09-28','Pending appeal is defended by NTDC in the Distt. & Session Judge Shangla',0,1,1),(343,461,0,'2017-03-13','2018-03-20','Suit is pending and being pursued by NTDC through nominated Counsel',0,1,1),(344,460,0,'2017-03-10','2017-03-10','Pending for arguments at Lahore High Court Lahore',0,1,1),(345,459,0,'2015-04-29','2019-06-24','Matter is pending in the court of law and NTDC is defending through nominated lawyer.',0,1,1),(346,457,0,'2016-12-20','2018-03-08','NTDC is defending the suit through Counsel in the court of law',0,1,1),(347,456,0,'2017-11-11','2019-09-26','NTDC is defending execution of decree before Senior Civil Judge Rawalpindi through engaged lawyer.',0,1,1),(348,455,0,'2016-11-19','2018-05-11','Matter is subjudice before the court of law and being defended by NTDC through nominated counsel',0,1,1),(349,454,0,'2016-12-07','2016-12-07','Case is being through NTDC counsel before the court of law',0,1,1),(350,453,0,'2016-12-07','2016-12-07','Matter is subjudice before the court of law and being defended by NTDC through nominated counsel',0,1,1),(351,452,0,'2016-12-07','2016-12-07','NTDC is defending the suit through Counsel in the court of law',0,1,1),(352,450,0,'2016-11-29','2016-11-29','Matter is pending and being pursued by NTDC through nominated Counsel',0,1,1),(353,449,0,'2016-01-20','2016-01-20','Dismissed due settlement between parties. Copy of judgment/order is still awaited.',0,1,1),(354,448,0,'2016-02-16','2016-05-31','Writ petition is being pursued by NTDC through engaged lawyer before the court of law.',0,1,1),(355,447,0,'2016-02-16','2016-05-31','Writ petition is being defended by NTDC through engaged lawyer before the court of law.',0,1,1),(356,446,0,'2016-07-30','2016-09-05','Matter is pending and being pursued by NTDC through nominated Counsel',0,1,1),(357,445,0,'2015-01-27','2017-09-07','Pending for written reply by the petitioner',0,1,1),(358,444,0,'2016-03-31','2016-06-04','Civil Suit is pending before Civil Judge Pattoki Distt. Kasur and NTDC is contesting the suit through engaged counsel',0,1,1),(359,443,0,'2016-07-04','2016-08-22','Writ Petition is being defended by NTDC through nominated lawyer before High Court of AJ&K  Muzaffarabad',0,1,1),(360,442,0,'2016-06-27','2016-06-27','NTDC is defending the RFA through engaged counsel before Lahore High Court Lahore',0,1,1),(361,441,0,'2016-05-04','2016-05-04','ICA is being defended by NTDC through engaged counsel before Double Bench Lahore High Court Lahore',0,1,1),(362,440,0,'2016-07-28','2016-11-29','NTDC is contesting the suit through appointed counsel before the Court of law.',0,1,1),(363,439,0,'2016-04-06','2016-04-26','Parawise comments on behalf of LAC submitted in the court',0,1,1),(364,438,0,'2016-04-06','2016-04-26','Parawise comments on behalf of LAC submitted in the court',0,1,1),(365,437,0,'2016-04-06','2016-04-26','Parawise comments on behalf of LAC submitted in the court',0,1,1),(366,436,0,'2016-02-27','2018-10-31','Contempt Petition is being defended by NTDC before the court of law through engaged counsel.',0,1,1),(367,434,0,'2016-02-27','2018-11-26','Civil Suit is pending before Civil Judge Dheer Court Distt. Bagh AJK and NTDC is defending through nominated counsel.',0,1,1),(368,433,0,'2015-04-08','2018-09-04','Matter is pending and being pursued by NTDC through nominated Counsel',0,1,1),(369,432,0,'2015-10-28','2019-07-18','Evidence of Halqa Patwari directed by the Court',0,1,1),(370,431,0,'2016-07-14','2018-09-13','Appeal is being pursued by NTDC through appointed lawyer before the court of law.',0,1,1),(371,430,0,'2015-10-28','2016-11-22','Matter is pending and being pursued by NTDC through nominated Counsel',0,1,1),(372,429,0,'2015-08-05','2015-11-11','Writ petition is being pursued by NTDC before Peshawar High Court, Abbotabad bench',0,1,1),(373,428,0,'2015-07-07','2017-04-13','Matter is pending at Supreme Court of Pakistan Islamabad and date in office.',0,1,1),(374,427,0,'2015-05-26','2015-05-26','Case is pending adjudication before District & Session Judge / Presiding Officer PLC-10, Sahiwal',0,1,1),(375,426,0,'2015-05-08','2015-05-08','Civil Suit is being defended by NTDC through engaged lawyer in the court of Law.',0,1,1),(376,425,0,'2015-03-11','2015-05-13','Matter is being pursued by NTDC through nominated counsel in the court of Law',0,1,1),(377,424,0,'2015-02-09','2015-02-09','NTDC is defending the RFA through engaged lawyer before Lahore High Court, Lahore',0,1,1),(378,423,0,'2015-03-11','2014-07-17','Case is being defended by NTDC before Additional District Judge-I, Mansehra through nominated counsel.',0,1,1),(379,421,0,'2015-09-07','2017-07-24','Suit is being pursued by NTDC through nominated counsel in the court of Law',0,1,1),(380,420,0,'2014-11-20','2015-11-10','Suit is being pursued by NTDC through nominated counsel in the court of Law',0,1,1),(381,419,0,'2011-04-02','2017-07-24','Suit is being pursued by NTDC through nominated counsel in the court of Law',0,1,1),(382,418,0,'2014-11-11','2018-11-17','NTDC is pursuing the appeal before District Judge Lahore through nominated counsel.',0,1,1),(383,417,0,'2014-06-09','2014-06-11','Matter is being pursued by NTDC in the court of law through counsel before Civil Judge, Nankana Sahib',0,1,1),(384,416,0,'2014-05-22','2014-05-30','NTDC is defending the Civil Suit before the court of law through.',0,1,1),(385,415,0,'2016-11-15','2016-11-23','Matter is being pursued by NTDC in the court of law through counsel',0,1,1),(386,414,0,'2016-08-03','2016-08-17','NTDC is defending the execution petition through lawyer',0,1,1),(387,413,0,'2014-01-31','2014-05-29','Pending with the court and being pursued through appointed counsel',0,1,1),(388,412,0,'2014-03-26','2014-03-26','Recovery Suit is being defended by NTDC through engaged lawyer',0,1,1),(389,411,0,'2014-03-12','2014-09-14','NTDC is defending the Arbitration Petition before the court of law.',0,1,1),(390,410,0,'2016-03-03','2016-11-23','Pending with the court and being pursued through nominated counsel',0,1,1),(391,408,0,'2014-01-06','2014-03-07','NTDC is defending the recovery suit before the court of law.',0,1,1),(392,407,0,'2013-12-05','2014-03-05','Pending for adjudication at Civil Judge Peshawar',0,1,1),(393,406,0,'2015-06-30','2015-06-30','The case is pending for evidence of NTDC and date in office at Civil Judge, Checksar Camp Court, Besham',0,1,1),(394,405,0,'2013-11-08','2019-04-20','Pending for evidence and production of record from NAB at Addl. District Judge Lahore',0,1,1),(395,404,0,'2013-07-03','2013-07-03','Pending for adjudication at Civil Judge Allaqa Qazi Alpuri District Shangla',0,1,1),(396,403,0,'2011-06-20','2011-06-20','NTDC is contesting the appeal before District Judge Nowshera through appointed counsel.',0,1,1),(397,402,0,'2013-06-24','2013-07-03','Appeal is being defended by NTDC through nominated counsel before the court of law.',0,1,1),(398,401,0,'2011-05-31','2011-05-31','Appeal is being pursued by NTDC through appointed counsel before District Judge Nowshera',0,1,1),(399,400,0,'2013-05-13','2013-05-13','NTDC is defending the appeal before Additional Session Judge, Daska',0,1,1),(400,399,0,'2015-12-15','2015-12-15','Matter is being defended by NTDC through external counsel',0,1,1),(401,398,0,'2011-05-13','2014-04-01','Matter is being defended by NTDC through external counsel',0,1,1),(402,397,0,'2010-09-28','2010-09-28','Pending for arguments in the Court of Additional District & Session Judge, Lahore',0,1,1),(403,396,0,'2015-02-17','2018-06-19','Pending for arguments at Lahore High Court Bahawalpur Bench',0,1,1),(404,395,0,'2018-04-16','2018-06-19','Pending for arguments at Lahore High Court Bahawalpur Bench',0,1,1),(405,394,0,'2008-09-10','2008-09-10','NTDC is defending the appeal through Mr. Fida Gul Advocate Peshawar',0,1,1),(406,392,0,'2012-07-05','2012-07-05','Stay vacated and pending for main arguments at Addl. Session Judge, Mardan',0,1,1),(407,391,0,'2012-06-25','2012-07-19','Pending for arguments and evidence of plaintiff at Civil Judge, Mardan',0,1,1),(408,389,0,'2012-06-16','2019-09-07','Pending for evidence of plaintiff at Senior Civil Judge, Lahore',0,0,1),(409,388,0,'2012-04-28','2012-04-28','NTDC is defending the appeal before Additional District & Session Judge Lahore.',0,1,1),(410,387,0,'2012-04-29','2012-04-29','Pending for arguments at Additional District Judge Daska',0,1,1),(411,386,0,'2012-03-20','2012-03-20','Pending for arguments and date in office at Supreme Court of Pakistan Lahore Registry',0,1,1),(412,385,0,'2017-03-11','2017-03-24','Pending for adjudication at Senior Civil Judge-III Batgram',0,1,1),(413,384,0,'2014-04-21','2014-04-21','Matter is being pursued with the court through engaged counsel',0,1,1),(414,383,0,'2006-11-21','2010-03-04','NTDC is pursuing the case before Punjab Labour No.1 Lahore through appointed counsel.',0,1,1),(415,382,0,'2010-05-28','2019-02-18','Case is being pursued with the court through nominated counsel',0,1,1),(416,381,0,'2010-01-06','2010-01-06','Counsel is defending the case on behalf of NTDC in the court of law',0,1,1),(417,380,0,'2009-12-05','2009-12-05','Matter is pending in NTDC defending the same before court of law',0,1,1),(418,378,0,'2015-02-12','2017-09-07','NTDC is contesting the application before the court of law.',0,1,1),(419,377,0,'2006-02-04','2006-02-04','NTDC is defending the Execution Appeal through nominated lawyer.',0,1,1),(420,375,0,'2019-04-11','2019-06-20','NTDC is defending the case before the NIRC Lahore through appointed lawyer.',0,1,1),(421,374,0,'2018-12-13','2019-07-17','NTDC is contesting the matter before the NIRC Lahore through appointed lawyer.',0,1,1),(422,373,0,'2018-09-03','2019-04-25','NTDC is defending the recovery suit before the Court of law through nominated lawyer.',0,1,1),(423,372,0,'2018-09-29','2019-07-09','NTDC is contesting the Appeal before the Court of law through appointed counsel.',0,1,1),(424,371,0,'2014-03-04','2018-11-13','Matter is being defended by NTDC before Civil Judge 1st Class, Lahore',0,1,1),(425,370,0,'2015-05-27','2019-09-12','NTDC is defending the ICA through appointed lawyer before the court of law.',0,0,1),(426,369,0,'2017-02-21','2019-07-19','Writ Petition is being defended by NTDC through appointed counsel before Lahore High Court Lahore',0,1,1),(427,368,0,'2018-07-21','2018-09-05','NTDC is defending the Suit through nominated lawyer before the court of law.',0,1,1),(428,367,0,'2018-10-09','2019-07-12','Matter is being pursued by NTDC  through appointed counsel before the Court of law.',0,1,1),(429,366,0,'2018-10-09','2019-07-23','NTDC is pursuing the Execution Petition through nominated counsel before the Court of law.',0,1,1),(430,365,0,'2018-03-12','2018-11-18','NTDC is pursuing the Execution Petition through nominated counsel before Civil Judge Lahore.',0,1,1),(431,364,0,'2017-04-14','2019-07-11','NTDC is defending the Civil Appeal through appointed counsel.',0,1,1),(432,363,0,'2017-03-02','2019-07-17','NTDC is pursuing the case through nominated counsel before the Court of law.',0,1,1),(433,361,0,'2012-07-28','2017-01-19','NTDC is defending Civil Suit through nominated lawyer before the court of law.',0,1,1),(434,359,0,'2016-03-14','2019-06-25','NTDC is contesting the suit through appointed counsel before the Court of law.',0,1,1),(435,357,0,'2015-02-11','2019-07-04','NTDC is pursuing the Civil suit through nominated counsel.',0,1,1),(436,356,0,'2010-01-12','2010-01-12','NTDC is pursuing the recovery suit through nominated counsel before Civil Judge, Multan',0,1,1),(437,355,0,'2012-01-20','2012-01-20','NTDC is pursuing the recovery suit Senior Civil Judge, Lahore',0,1,1),(438,354,0,'2012-01-04','2019-07-11','NTDC is pursuing the recovery suit before the court of law.',0,1,1),(439,353,0,'2019-03-19','2019-03-19','NTDC is defending the CPLA before Supreme Court of Pakistan',0,1,1),(440,352,0,'2010-10-22','2018-11-06','NTDC defending the Writ petition in the court of law through nominated counsel',0,1,1),(441,351,0,'2018-11-26','2018-11-26','NTDC is pursuing the Challan before the court of law',0,1,1),(442,350,0,'2018-11-07','2019-05-15','NTDC is defending the writ petition before the court of law',0,1,1),(443,348,0,'2018-06-13','2018-06-28','NTDC is defending the writ petition before the court of law',0,1,1),(444,346,0,'2018-06-13','2019-07-10','NTDC is defending the writ petition before the court of law',0,1,1),(445,345,0,'2018-06-28','2018-06-28','NTDC is defending the writ petition before the court of law',0,1,1),(446,344,0,'2018-06-07','2018-06-07','NTDC is pursuing the writ petition before Lahore High Court, Lahore',0,1,1),(447,343,0,'2018-02-16','2018-02-16','NTDC is defending the writ petition before Lahore High Court, Lahore',0,1,1),(448,342,0,'2017-03-17','2018-03-28','NTDC is defending the writ petition before Lahore High Court, Lahore',0,1,1),(449,341,0,'2017-06-09','2017-09-19','NTDC is defending the writ petition before Lahore High Court, Lahore',0,1,1),(450,340,0,'2017-10-03','2018-01-23','NTDC is pursuing the writ petition before Lahore High Court, Lahore',0,1,1),(451,339,0,'2017-10-09','2018-03-19','NTDC is defending the case before Lahore High Court Lahore',0,1,1),(452,338,0,'2017-10-09','2018-03-19','NTDC is defending the case before the court of law',0,1,1),(453,337,0,'2017-07-05','2018-02-01','NTDC is pursuing the writ petition before the court of law',0,1,1),(454,335,0,'2017-02-06','2017-02-06','NTDC is pursuing the case through appointed lawyer.',0,1,1),(455,334,0,'2016-09-19','2016-09-27','NTDC is pursuing the case before Appellant Tribunal Inland Revenue Lahore Bench LAHORE',0,1,1),(456,333,0,'2016-09-22','2016-09-27','NTDC is pursuing the case before Appellant Tribunal Inland Revenue Lahore Bench LAHORE',0,1,1),(457,332,0,'2015-09-11','2018-01-11','NTDC is pursuing the appeal before Sindh High Court, Karachi',0,1,1),(458,331,0,'2016-04-01','2019-11-06','Writ Petition is being defended by Lahore High Court Multan Bench',0,0,1),(459,330,0,'2019-02-14','2019-02-14','Appeal is being defended by NTDC through appointed counsel',0,1,1),(460,327,0,'2019-02-27','2015-10-28','Matter is pending and being pursued through counsel before Lahore High Court Lahore',0,1,1),(461,326,0,'2014-02-18','2018-02-02','Suit is being defended by NTDC through appointed counsel',0,1,1),(462,325,0,'2017-09-19','2019-06-25','Writ Petition is being defended by NTDC before Lahore High Court Lahore',0,1,1),(463,324,0,'2018-06-12','2018-10-16','RFA is being defended by NTDC through appointed counsel',0,1,1),(464,323,0,'2018-06-12','2018-06-12','RFA is being defended by NTDC through appointed counsel',0,1,1),(465,322,0,'2018-09-17','2018-09-17','NTDC is defending writ petition before the court of law.',0,1,1),(466,321,0,'2017-06-07','2017-06-07','Writ Petition is being defended by NTDC before Lahore High Court Lahore',0,1,1),(467,319,0,'2012-12-21','2018-10-11','NTDC is Pursuing the Appeal High Court of Sindh, Circuit Court, Hyderabad',0,1,1),(468,317,0,'2011-09-22','2012-05-24','NTDC is defending the Appeal before the court of law.',0,1,1),(469,316,0,'2011-05-31','2011-05-31','NTDC is Pursuing the matter Senior Civil Judge, Lahore',0,1,1),(470,315,0,'2014-12-15','2018-02-26','Pending for decision on maintainability of the suit at Civil Judge, Lahore',0,1,1),(471,314,0,'2006-11-04','2018-02-22','Pending for arguments on application for restoring the previous restoration application at Civil Judge Lahore',0,1,1),(472,312,0,'2008-10-22','2018-03-15','NTDC is Pursuing the matter before Sindh High Court, Karachi',0,1,1),(473,311,0,'2017-04-14','2019-04-05','Matter is being defended through nominated counsel',0,1,1),(474,310,0,'2006-01-24','2018-03-05','Matter is pending in the court of law',0,1,1),(475,308,0,'2019-05-06','2019-05-06','NTDC is defending the petition through Advocate Arif Rahim Ustarana and the counsel has submitted reply/comments in the High Court',0,1,1),(476,307,0,'2018-11-15','2019-09-14','Case adjourned for next hearing',0,0,1),(477,306,0,'2008-08-29','2019-09-12','Immoveable property of the deceased will be sold through action and amount will be refunded to NTDC',0,0,1),(478,304,0,'2018-05-16','2019-09-05','Court order for arguments by respondent',0,0,1),(479,303,0,'2017-04-06','2019-07-16','The case is at the stage of petitioner official evidence and the question of maintainability is also involved, which is likely to be decided in favour of NTDC at NIRC Islamabad Bench at Peshawar',0,1,1),(480,301,0,'2011-02-21','2019-09-14','Arguments on next hearing',0,0,1),(481,300,0,'2019-04-23','2019-05-29','Matter is being defended by NTDC through appointed counsel before the court of law. Now the case is adjourned for submission of reply/parawise comments by Respondents.',0,1,1),(482,299,0,'2018-12-05','2019-10-03','Counsel appointed by NTDC is defending the matter in the court of law',0,0,1),(483,298,0,'2009-01-22','2019-09-11','Reply of defendant is not submitted in the court',0,0,1),(484,297,0,'2018-07-30','2019-09-12','Written statement is to be submitted on next hearing date i.e. 21.01.2019 at Court of CIVIL JUDGE-XXI  PESHAWAR',0,0,1),(485,296,0,'2018-09-10','2019-09-20','Court issued Summon to respondent for submission of reply',0,0,1),(486,295,0,'2018-09-10','2019-09-20','Court issued Summon to respondent for submission of reply',0,0,1),(487,294,0,'2009-01-22','2017-02-22','Pending for submission of reply before the Court',0,1,1),(488,293,0,'2017-01-18','2017-03-15','Reply of respondent is awaited',0,1,1),(489,292,0,'2016-03-30','2019-09-17','Evidence will be produced by contractor on next hearing',0,0,1),(490,291,0,'2016-02-10','2019-08-27','Question of jurisdiction is also involved and case is for arguments stage before commission',0,0,1),(491,290,0,'2014-05-12','2018-04-23','Pending and being pursued by NTDC through engaged Counsel',0,1,1),(492,289,0,'2019-04-06','2019-04-06','Pending and being pursued by NTDC through engaged Counsel',0,1,1),(493,288,0,'2019-01-23','2019-04-25','Comments to be filed, pending  at High Court of Sindh Bench at Sukkur',0,1,1),(494,283,0,'2019-02-07','2019-09-16','Pending before Lahore High Court ,Multan Bench',0,0,1),(495,282,0,'2019-02-07','2019-05-23','Matter is being pursued by NTDC through nominated counsel',0,1,1),(496,280,0,'2019-02-07','2019-09-16','Matter is being pursued by NTDC through nominated counsel',0,0,1),(497,278,0,'2012-01-01','2019-06-25','Matter is being defended by NTDC through nominated counsel before the court of law',0,1,1),(498,277,0,'2018-08-16','2018-12-13','Case pertains to SEPCO but NTDC counsel has been asked by the court to provide assistance & pending at HIGH COURT OF SINDH BENCH AT SUKKUR',0,1,1),(499,276,0,'2018-08-16','2018-12-13','Case pertains to SEPCO but NTDC counsel has been asked by the court to provide assistance & pending at HIGH COURT OF SINDH BENCH AT SUKKUR',0,1,1),(500,275,0,'2018-09-10','2018-09-10','Matter is being defended by NTDC through nominated counsel before the court of law',0,1,1),(501,274,0,'2017-05-10','2018-10-27','Matter is being defended by NTDC through nominated counsel before the court of law',0,1,1),(502,273,0,'2018-04-03','2018-04-03','Matter is being defended by NTDC through nominated counsel before the court of law',0,1,1),(503,272,0,'2008-01-24','2019-07-27','Matter is being defended by NTDC through nominated counsel before the court of law',0,1,1),(504,271,0,'2014-04-04','2019-06-14','Matter is being pursued by NTDC through nominated counsel',0,1,1),(505,269,0,'2014-04-16','2019-04-09','Matter is being defended by NTDC through nominated counsel before the court of law',0,1,1),(506,267,0,'2017-09-20','2019-03-03','NTDC is defending the matter through nominated counsel before the court of law',0,1,1),(507,266,0,'2019-01-21','2019-01-21','NTDC is defending the matter through nominated counsel before the court of law',0,1,1),(508,265,0,'2018-12-24','2019-05-02','NTDC is defending the matter through nominated counsel before the court of law',0,1,1),(509,265,0,'2018-12-24','2019-05-02','NTDC is defending the matter through nominated counsel before the court of law',0,1,1),(510,264,0,'2018-09-27','2019-04-10','NTDC is defending the matter through nominated counsel before the court of law',0,1,1),(511,263,0,'2019-06-20','2019-06-20','Matter is subjudice and is being defended by NTDC through engaged counsel in the court of law.',0,1,1),(512,262,0,'2019-05-24','2019-08-24','Pending before Anti Terrorism Court Hyderabad, ASJ/Judicial Magistrate Kotri.',0,0,1),(513,261,0,'2019-05-24','2019-08-24','Pending before Anti Terrorism Court Hyderabad, ASJ/Judicial Magistrate Kotri.',0,0,1),(514,260,0,'2019-05-22','2019-08-24','Pending before Anti Terrorism Court Hyderabad, ASJ/Judicial Magistrate Kotri.',0,0,1),(515,259,0,'2019-05-20','2019-08-24','Pending before Anti Terrorism Court Hyderabad, ASJ/Judicial Magistrate Kotri.',0,0,1),(516,257,0,'2019-05-16','2019-06-17','Pending before Anti Terrorism Court Hyderabad, ASJ/Judicial Magistrate Kotri.',0,1,1),(517,258,0,'2019-05-16','2019-08-24','Pending before Anti Terrorism Court Hyderabad, ASJ/Judicial Magistrate Kotri.',0,0,1),(518,256,0,'2019-04-03','2019-06-13','NTDC is defending the matter through nominated counsel before the court of law',0,1,1),(519,253,0,'2014-12-04','2015-10-27','Police Station Hatri Hyderabad',0,1,1),(520,252,0,'2013-04-25','2015-04-22','NTDC is defending the matter through nominated counsel before the court of law',0,1,1),(521,251,0,'2013-01-24','2013-01-24','Matter is being pursued by NTDC through nominated counsel',0,1,1),(522,250,0,'2013-03-22','2013-03-22','Matter is being pursued by NTDC through nominated counsel',0,1,1),(523,249,0,'2012-09-13','2012-10-16','Matter is being pursued by NTDC through nominated counsel',0,1,1),(524,248,0,'2016-10-02','2019-09-23','NTDC is contesting the case through appointed lawyer before NIRC Islamabad Bench Lahore',0,0,1),(525,245,0,'2008-10-22','2017-09-21','NTDC is Pursuing the case before Sindh High Court, Karachi',0,1,1),(526,237,0,'2017-08-22','2019-07-04','NTDC is defending Contempt Application through engaged lawyer before NIRC Bench at Lahore',0,0,0),(527,237,0,'2017-08-22','2019-09-18','NTDC is defending Contempt Application through engaged lawyer before NIRC Bench at Lahore',0,0,1),(528,237,0,'2018-06-11','2019-07-04','NTDC is defending Contempt Application through engaged lawyer before NIRC Bench at Lahore',0,1,0),(529,236,0,'2018-06-11','2019-09-18','Matter is being defended by NTDC through nominated lawyer before the court of law',0,0,1),(530,231,0,'2018-06-11','2019-07-09','NTDC is defending Grievance Petition through nominated counsel before NIRC Lahore Bench',0,1,1),(531,230,0,'2018-07-03','2019-07-17','Next date is fixed for hearing on 30.01.2019 at NIRC Multan Bench',0,1,1),(532,229,0,'2018-07-03','2019-07-17','Next date is fixed for hearing on 30.01.2019 at NIRC Multan Bench',0,1,1),(533,228,0,'2016-07-27','2019-07-17','Next date is fixed for hearing on 30.01.2019 at NIRC Multan Bench',0,1,1),(534,227,0,'2018-07-03','2019-07-17','Next date is fixed for hearing on 30.01.2019 at NIRC Multan Bench',0,1,1),(535,227,0,'2018-07-03','2019-07-17','Next date is fixed for hearing on 30.01.2019 at NIRC Multan Bench',0,1,0),(536,226,0,'2016-05-10','2016-05-10','NTDC is defending the matter through nominated counsel before the court of law',0,1,1),(537,225,0,'2017-06-19','2018-07-17','Case is pending before NIRC Lahore Bench',0,1,1),(538,223,0,'2018-03-14','2018-03-14','Pending & next date is fixed on 06.02.2019 at NIRC Islamabad Bench Lahore',0,1,1),(539,222,0,'2016-03-17','2016-03-17','Case is Pending at NIRC Lahore Bench',0,1,1),(540,221,0,'2017-10-12','2019-04-23','Next date for hearing is fixed on 16.01.2018, pending at National Industrial Relation Commission, Lahore',0,1,1),(541,220,0,'2018-02-15','2018-11-19','NTDC is defending the case through engaged lawyer before NIRC bench at Lahore',0,1,0),(542,219,0,'2018-07-10','2019-06-10','Case pending for adjudication at NIRC Islamabad Bench at Lahore',0,1,1),(543,218,0,'2014-11-10','2019-09-23','Matter is being defended by NTDC through engaged counsel before NIRC Lahore',0,0,1),(544,217,0,'2013-08-07','2013-08-07','Case is defending by NTDC through nominated counsel before National Industrial Relations Commission, Islamabad',0,1,1),(545,211,0,'2018-03-19','2019-08-28','NTDC is contesting the case through appointed counsel.',0,0,1),(546,209,0,'2018-05-26','2019-03-07','NTDC is defending CMA through nominated lawyer before NIRC Lahore.',0,1,1),(547,208,0,'2018-05-16','2019-06-11','Case is being defended by NTDC through appointed lawyer before NIRC Lahore.',0,1,1),(548,207,0,'2018-06-19','2019-07-10','Matter is being defended by NTDC before the court of law.',0,1,1),(549,205,0,'2018-03-14','2019-07-03','NTDC is contesting/defending the case through appointed Lawyer last hearing was fixed on 03.07.2019',0,1,1),(550,204,0,'2018-03-14','2019-04-24','Case is subjudice and being defended by NTDC through engaged counsel before NIRC Bench at Lahore',0,1,1),(551,203,0,'2018-03-14','2019-04-24','Case is subjudice and being defended by NTDC through engaged counsel before NIRC Bench at Lahore',0,1,1),(552,202,0,'2018-07-10','2018-09-11','Contempt petition is defending by NTDC through appointed lawyer',0,1,1),(553,200,0,'2018-07-10','2018-09-11','NTDC is defending Grievance Petition before NIRC Islamabad Bench At Lahore',0,1,1),(554,201,0,'2017-02-28','2019-08-20','Matter is being defended by NTDC before NIRC Lahore Bench Lahore',0,0,1),(555,199,0,'2018-03-27','2018-03-27','NTDC is defending the petition before NIRC SUKKUR BENCH CAMP AT HYDERABAD',0,1,1),(556,198,0,'2018-07-12','1970-01-01','Matter is being defended by NTDC through engaged counsel before NIRC Lahore',0,1,1),(557,197,0,'2018-02-20','2018-02-20','Pending for evidence of the respondent at NIRC Lahore',0,1,1),(558,196,0,'2018-03-29','2018-03-29','NTDC is Pursuing the case before NIRC Islamabad camp at Lahore',0,1,1),(559,194,0,'2017-04-06','2019-08-27','The case is at the stage of petitioner official evidence and the question of maintainability is also involved, which is likely to be decided in favour of NTDC at NIRC Islamabad Bench at Peshawar',0,0,1),(560,193,0,'2018-08-01','2019-04-10','NTDC is defending the matter through nominated counsel before the court of law',0,1,1),(561,192,0,'2018-07-12','2019-07-10','NTDC is defending the matter through nominated counsel before the court of law',0,1,1),(562,191,0,'2017-12-05','2018-12-06','NTDC is defending the matter through nominated counsel before the court of law',0,1,1),(563,189,0,'2018-01-25','2019-03-14','NTDC is defending the matter through nominated counsel before the court of law',0,1,1),(564,188,0,'2018-05-17','2019-05-23','Fixed for final arguments. Date in office at  NIRC Bench, Sukkur',0,1,1),(565,186,0,'2017-02-09','2019-07-04','Decided on 04.07.2019 (in f/o NTDC)',0,1,0),(566,183,0,'2018-03-29','2018-03-29','CP is being defending by NTDC through engaged lawyer before the Learned Court.',0,1,1),(567,172,0,'2017-08-21','2018-09-25','NTDC is pursuing Civil Appeal through nominated counsel before Supreme Court Of Pakistan Islamabad',0,1,1),(568,171,0,'2017-05-24','2017-05-24','Pending before Honrable Supreme Court of Pakistan Branch Registry, Peshawar. Date in office.',0,1,1),(569,170,0,'2019-09-23','2019-10-10','Matter is pending before FST Lahore Bench',0,0,1),(570,168,0,'2018-04-04','2018-04-04','NTDC is pursuing the case before Supreme Court of Pakistan Islamabad',0,1,1),(571,167,0,'2016-06-24','2016-06-24','Civil Appeal is defending by NTDC through nominated counsel before Supreme Court of Pakistan',0,1,1),(572,166,0,'2016-09-30','2018-09-13','The leave is granted by the Apex Court alongwith status quo',0,1,1),(573,165,0,'2016-09-30','2018-09-13','The leave is granted by the Apex Court alongwith status quo',0,1,1),(574,164,0,'2016-09-30','2018-09-13','The leave is granted by the Apex Court alongwith status quo',0,1,1),(575,163,0,'2016-09-30','2018-09-13','The leave is granted by the Apex Court alongwith status quo',0,1,1),(576,162,0,'2018-09-30','2018-09-13','The leave is granted by the Apex Court alongwith status quo',0,1,1),(577,161,0,'2016-09-30','2018-09-13','The leave is granted by the Apex Court alongwith status quo',0,1,1),(578,160,0,'2016-09-30','2018-09-13','The leave is granted by the Apex Court alongwith status quo',0,1,1),(579,159,0,'2016-09-30','2018-09-13','The leave is granted by the Apex Court alongwith status quo',0,1,1),(580,158,0,'2016-09-30','2018-09-13','The leave is granted by the Apex Court alongwith status quo',0,1,1),(581,157,0,'2016-09-30','2018-09-13','The leave is granted by the Apex Court alongwith status quo',0,1,1),(582,156,0,'2016-09-30','2018-09-13','The leave is granted by the Apex Court alongwith status quo',0,1,1),(583,155,0,'2016-09-30','2018-09-13','The leave is granted by the Apex Court alongwith status quo',0,1,1),(584,154,0,'2016-09-30','2018-09-13','The leave is granted by the Apex Court alongwith status quo',0,1,1),(585,153,0,'2018-09-30','2018-09-13','The leave is granted by the Apex Court alongwith status quo',0,1,1),(586,152,0,'2016-09-30','2018-09-13','The leave is granted by the Apex Court alongwith status quo',0,1,1),(587,150,0,'2016-09-30','2018-09-13','The leave is granted by the Apex Court alongwith status quo',0,1,1),(588,149,0,'2016-09-30','2018-09-13','The leave is granted by the Apex Court alongwith status quo',0,1,1),(589,148,0,'2016-03-14','2019-09-24','Supreme Court granted the stay order on the appeal of NTDC',0,0,1),(590,147,0,'2016-08-31','2016-08-31','Leave has been granted by the Honrable Supreme Court Of Pakistan. Now the matter is pending for arguments.',0,1,1),(591,146,0,'2017-04-13','2015-11-11','Writ petition is being pursued by NTDC before Peshawar High Court, Abbotabad bench',0,1,1),(592,145,0,'2012-03-20','2012-03-20','Pending for arguments and date in office at Supreme Court of Pakistan Lahore Registry',0,1,1),(593,144,0,'2016-12-22','2016-12-22','Matter is being defended by NTDC through nominated counsel before the court of law',0,1,1),(594,143,0,'2018-03-31','2018-03-31','Matter is being defended by NTDC through nominated counsel before the court of law',0,1,1),(595,142,0,'2018-08-13','2018-11-19','Matter is being pursued by NTDC through nominated counsel',0,1,1),(596,141,0,'2017-11-20','2019-03-13','Matter is being defended by NTDC through nominated counsel before the court of law',0,1,1),(597,135,0,'2017-06-18','2019-11-03','Matter is being defended by NTDC through nominated counsel before the court of law',0,1,1),(598,133,0,'2015-07-15','2018-08-07','Matter is being defended by NTDC through nominated counsel before the court of law',0,1,1),(599,130,0,'2012-09-06','2019-06-13','NTDC is defending the matter through nominated counsel before the court of law',0,1,1),(600,129,0,'2018-07-05','2019-04-18','NTDC is defending the matter through nominated counsel before the court of law',0,1,1),(601,128,0,'2018-04-12','2019-05-06','Case is pending before High Court and NTDC is defending the same being necessary party.',0,1,1),(602,126,0,'2018-04-17','2018-08-15','Comments has been filed & Date in office at High Court of Sindh Circuit Court Hyderabad.',0,1,1),(603,124,0,'2018-03-15','2019-05-07','Comments filed & fixed for arguments at Sindh High Court, Sukkur Bench.',0,1,1),(604,122,0,'2018-04-11','2019-03-20','NTDC is defending the matter through nominated counsel before the court of law',0,1,1),(605,119,0,'2011-10-04','2011-04-10','NTDC is defending the matter through nominated counsel before the court of law',0,1,1),(606,91,0,'2018-04-12','2018-04-12','Comments filed & fixed for final  arguments at Sindh High Court, Sukkur Bench.',0,1,1),(607,89,0,'2018-04-23','2019-05-23','NTDC is defending the matter through nominated counsel before the court of law',0,1,1),(608,87,0,'2018-03-27','2019-03-12','NTDC is defending the matter through nominated counsel before the court of law',0,1,1),(609,84,0,'2015-04-22','2015-04-22','NTDC is defending the matter through nominated counsel before the court of law',0,1,1),(610,83,0,'2014-11-06','2014-11-06','Matter is being pursued by NTDC through nominated counsel',0,1,1),(611,81,0,'2015-03-04','2015-03-04','Matter is being pursued by NTDC through nominated counsel',0,1,1),(612,80,0,'1970-01-01','2011-09-29','Matter is being pursued by NTDC through nominated counsel',0,1,1),(613,76,0,'2017-12-19','2019-03-18','Matter is defending by NTDC through nominated Counsel',0,1,1),(614,731,0,'2014-04-24','2019-10-08','Matter is pending before the Commission and being defended by NTDC through counsel.',0,0,1),(615,67,0,'2019-08-31','2019-08-21','Matter is pending before the Court and being defended by NTDC through counsel.',0,1,1),(616,281,0,'2019-02-07','2019-09-16','Matter is being pursued by NTDC through nominated counsel',0,1,1),(617,302,0,'2016-06-06','2019-08-29','Hearing was not carried out due to non availability of all accused in the court',0,1,1),(618,305,0,'2018-06-19','2019-09-06','Appointed counsel is pursuing the case on behalf of NTDC',0,1,1),(619,700,0,'2014-12-10','2019-11-06','Case pending & date is not fixed by Lahore High Court Multan Bench, Multan',0,1,1),(620,702,0,'2015-12-07','2019-11-06','Case pending & date is not fixed by Lahore High Court Multan Bench, Multan',0,1,1),(621,703,0,'2015-12-22','2019-11-06','NTDC is defending the petition before Lahore High Court Multan Bench, Multan',0,1,1),(622,709,0,'2017-03-27','2019-11-06','Writ Petition is being defended through nominated counsel',0,1,1),(623,725,0,'2014-05-23','2019-09-14','Pending for petitioner evidence',0,1,1),(624,730,0,'2019-03-14','2019-09-23','Matter is being defended through engaged counsels on behalf of NTDC and last hearing was fixed on 23.07.2019',0,1,1),(625,665,0,'2018-03-28','2019-09-16','xxxx',0,1,1),(626,669,0,'2018-10-11','2019-09-23','Writ petition is defending by NTDC through nominated counsel before the court of law.',0,1,1),(627,675,0,'2019-04-11','2019-09-03','Civil Suit is defending by NTDC through nominated counsel before Civil Judge- I Peshawar',0,1,1),(628,677,0,'2019-05-30','2019-08-21','Petition is being pursued through engaged counsel and concerned department of NTDC has been requested to immediately prepare reply/parawise comments for submission in the court as desired by counsel',0,1,1),(629,680,0,'2019-07-10','2019-08-26','NTDC appointed Mr. Rehan Khan Durrani to defend the petition and concerned department was requested to provide reply/comments to the counsel.',0,1,1),(630,732,0,'2019-03-07','2019-03-07','Mr. Abuzar Salman Niazi Advocate is representing NTDC before the Commission to plead the stance of company.',0,1,1),(631,722,0,'2015-09-22','2018-01-11','Date in office. Pending for the arguments at Lahore High Court, Lahore',0,1,1),(632,390,0,'2012-02-06','2012-07-05','Civil Suit is being defended by NTDC before the court of law.',0,1,1),(633,393,0,'2012-07-19','2012-07-19','Contempt application is being pursued through nominated counsel on behalf of NTDC before Lahore High Court Lahore',0,1,1),(634,733,0,'2015-08-01','2016-09-07','Case is pending and counsel on behalf of NTDC is defending in the court of law',0,1,1),(635,254,0,'2017-12-05','2019-06-24','Matter is being pursued by NTDC through nominated counsel',0,1,1),(636,220,0,'2015-09-14','2018-11-19','NTDC is defending the case through engaged lawyer before NIRC bench at Lahore',0,1,1),(637,716,0,'2019-03-18','2019-01-08','Reference is pending and NTDC nominated counsel to safeguard its interest.',0,1,1),(638,713,0,'2019-02-04','2019-04-11','Suit is pending with Special Judicial Magistrate Multan',0,1,1),(639,713,0,'2019-02-04','2019-04-11','Suit is pending with Special Judicial Magistrate Multan',0,1,0),(640,712,0,'2019-02-04','2019-04-11','Pending with Special Judicial Magistrate Multan',0,1,1),(641,711,0,'2019-02-27','2019-02-27','NTDC is defending the matter through appointed lawyer',0,1,1),(642,710,0,'2019-02-11','2019-02-11','NTDC is defending the matter through nominated counsel',0,1,1),(643,708,0,'2016-08-04','2016-08-04','NTDC is pursuing the case through appointed lawyer.',0,1,1),(644,707,0,'2015-11-09','2016-08-04','NTDC is pursuing the case through appointed lawyer.',0,1,1),(645,706,0,'2015-06-24','2016-08-04','Pursuing the case before Judicial Magistrate, Multan',0,1,1),(646,705,0,'2012-06-29','2014-09-20','Pursuing the case before Additional Session Judge Jampur',0,1,1),(647,734,0,'2019-06-05','2019-06-05','NTDC appointed counsel to contest the Show Cause Notice for imposing fine through nominated counsel, where the matter is pending',0,1,1),(648,735,0,'1970-01-01','2019-10-09','Case decided on 30.10.2018. Now pending in the Court on clarification of order',0,1,1),(649,186,0,'2019-07-04','2019-11-13','Decided on 04.07.2019 (in f/o NTDC)',0,1,1),(650,659,0,'2016-08-29','2018-07-17','Case is pending before NIRC Lahore Bench',0,1,1);

/*Table structure for table `hearingstablelog` */

DROP TABLE IF EXISTS `hearingstablelog`;

CREATE TABLE `hearingstablelog` (
  `HearingsTableLog_PK` int(11) NOT NULL AUTO_INCREMENT,
  `UserId` int(200) NOT NULL,
  `DateTime` timestamp NOT NULL DEFAULT CURRENT_TIMESTAMP,
  `Action` varchar(10) NOT NULL,
  `HearingId` int(200) NOT NULL,
  PRIMARY KEY (`HearingsTableLog_PK`)
) ENGINE=InnoDB AUTO_INCREMENT=757 DEFAULT CHARSET=latin1;

/*Data for the table `hearingstablelog` */

insert  into `hearingstablelog`(`HearingsTableLog_PK`,`UserId`,`DateTime`,`Action`,`HearingId`) values (1,1,'2018-02-28 20:40:54','I',25),(2,1,'2018-02-28 20:43:41','D',23),(3,1,'2018-02-28 20:44:54','E',24),(4,1,'2018-03-01 03:49:22','E',24),(5,1,'2018-03-01 03:50:28','D',24),(6,1,'2018-03-01 03:52:08','E',24),(7,1,'2018-03-01 03:54:41','I',26),(8,1,'2018-03-01 04:05:07','E',26),(9,1,'2018-03-01 04:05:18','I',27),(10,1,'2018-03-01 04:05:25','I',28),(11,1,'2018-03-01 04:08:46','E',28),(12,1,'2018-03-01 04:08:56','I',29),(13,1,'2018-03-01 04:13:31','I',30),(14,1,'2018-03-01 04:22:20','I',32),(15,1,'2018-03-01 04:22:50','I',33),(16,1,'2018-03-01 04:27:24','I',34),(17,1,'2018-03-01 04:28:08','I',35),(18,1,'2018-03-01 04:29:40','I',36),(19,1,'2018-03-01 04:30:15','I',37),(20,1,'2018-03-01 04:30:15','I',38),(21,1,'2018-03-01 04:38:11','D',35),(22,1,'2018-03-01 04:39:07','D',31),(23,1,'2018-03-01 04:39:11','D',34),(24,1,'2018-03-01 04:39:13','D',32),(25,1,'2018-03-01 04:39:15','D',30),(26,1,'2018-03-01 04:39:20','D',33),(27,1,'2018-03-01 04:39:20','D',33),(28,1,'2018-03-01 04:39:23','D',29),(29,1,'2018-03-01 04:39:37','E',36),(30,1,'2018-03-01 04:39:50','I',39),(31,1,'2018-03-01 04:40:47','D',39),(32,1,'2018-03-01 04:41:00','D',37),(33,1,'2018-03-01 05:20:11','D',38),(34,1,'2018-03-01 05:20:14','D',36),(35,1,'2018-03-01 05:20:25','I',40),(36,1,'2018-03-01 05:20:34','I',41),(37,1,'2018-03-01 05:20:39','I',42),(38,1,'2018-03-01 05:20:44','I',43),(39,1,'2018-03-01 05:20:49','I',44),(40,1,'2018-03-01 06:43:57','E',24),(41,1,'2018-03-01 07:07:52','E',24),(42,1,'2018-03-11 15:53:11','I',45),(43,1,'2018-03-11 15:53:55','I',46),(44,1,'2018-05-29 08:12:50','I',47),(45,1,'2018-05-30 07:42:47','D',47),(46,1,'2018-05-30 07:43:14','I',48),(47,1,'2018-05-30 07:43:19','E',48),(48,1,'2018-06-01 07:26:07','I',49),(49,1,'2018-06-01 07:36:34','I',50),(50,1,'2018-06-07 06:26:12','I',51),(51,1,'2018-06-07 06:29:12','D',51),(52,1,'2018-06-07 06:40:53','I',53),(53,1,'2018-06-07 06:53:25','I',54),(54,1,'2018-06-07 06:53:26','I',55),(55,1,'2018-06-07 06:53:33','D',55),(56,1,'2018-06-07 07:06:33','I',56),(57,1,'2018-06-07 07:13:32','I',57),(58,1,'2018-06-13 06:46:37','I',58),(59,1,'2018-06-13 07:00:51','I',59),(60,1,'2018-06-13 07:05:34','I',60),(61,1,'2018-06-13 07:20:29','I',61),(62,1,'2018-06-13 07:26:20','I',62),(63,1,'2018-06-13 07:29:22','I',63),(64,1,'2018-06-13 07:33:29','I',64),(65,1,'2018-06-13 07:40:46','I',65),(66,1,'2018-06-13 07:46:06','I',66),(67,1,'2018-06-13 08:02:45','I',67),(68,1,'2018-07-10 10:05:28','I',68),(69,1,'2018-07-11 08:10:34','I',69),(70,1,'2018-07-11 08:11:17','E',69),(71,1,'2018-07-11 08:18:25','I',70),(72,1,'2018-07-11 08:28:41','I',71),(73,1,'2018-07-12 04:40:37','I',72),(74,1,'2018-07-12 04:50:34','I',73),(75,1,'2018-07-12 05:08:47','I',74),(76,1,'2018-07-12 05:15:27','I',75),(77,1,'2018-07-12 05:20:23','I',76),(78,1,'2018-07-12 05:45:28','I',77),(79,1,'2018-07-12 05:57:13','I',78),(80,1,'2018-07-12 07:02:50','I',79),(81,1,'2018-07-12 07:06:43','I',80),(82,1,'2018-07-12 07:10:34','I',81),(83,1,'2018-07-12 07:14:22','I',82),(84,1,'2018-07-12 07:19:00','I',83),(85,1,'2018-07-12 07:24:02','I',84),(86,1,'2018-07-18 07:04:06','I',85),(87,1,'2018-07-18 07:19:15','I',86),(88,1,'2018-07-18 07:31:37','I',87),(89,1,'2018-07-18 07:41:12','I',88),(90,1,'2018-07-18 07:51:42','I',89),(91,1,'2018-07-18 08:03:53','I',90),(92,1,'2018-07-18 09:36:37','I',91),(93,1,'2018-07-18 09:40:43','I',92),(94,1,'2018-07-18 09:43:35','I',93),(95,1,'2018-07-18 09:46:25','I',94),(96,1,'2018-07-18 09:50:55','I',95),(97,1,'2018-07-18 09:56:03','I',96),(98,1,'2018-07-18 10:03:27','I',97),(99,1,'2018-07-24 06:25:52','I',98),(100,1,'2018-07-24 06:32:48','I',99),(101,1,'2018-07-24 06:54:07','I',100),(102,1,'2018-07-24 06:57:26','I',101),(103,1,'2018-07-24 07:01:17','E',101),(104,1,'2018-07-24 07:05:52','I',102),(105,1,'2018-07-24 07:11:07','I',103),(106,1,'2018-07-26 09:29:15','I',104),(107,1,'2018-07-26 09:31:58','I',105),(108,1,'2018-07-26 09:36:19','I',106),(109,1,'2018-07-26 09:38:43','I',107),(110,1,'2018-07-26 09:48:45','I',108),(111,1,'2018-07-26 09:50:40','I',109),(112,1,'2018-07-26 09:52:33','I',110),(113,1,'2018-07-26 09:54:55','I',111),(114,1,'2018-07-26 09:56:41','I',112),(115,1,'2018-07-26 09:58:45','I',113),(116,1,'2018-07-26 10:04:14','I',114),(117,1,'2018-07-26 10:08:01','I',115),(118,1,'2018-07-26 10:09:45','I',116),(119,1,'2018-07-26 10:11:51','I',117),(120,1,'2018-07-26 10:14:02','I',118),(121,1,'2018-07-26 10:16:20','I',119),(122,1,'2018-07-26 10:21:16','I',120),(123,1,'2018-07-26 10:24:45','I',121),(124,1,'2018-07-26 10:32:56','I',122),(125,1,'2018-07-27 06:22:13','I',123),(126,1,'2018-07-27 06:27:52','I',124),(127,1,'2018-07-27 06:34:43','I',125),(128,1,'2018-07-27 06:48:35','I',126),(129,1,'2018-07-27 07:10:42','I',127),(130,1,'2018-07-27 07:20:31','I',128),(131,1,'2018-07-27 07:22:35','I',129),(132,1,'2018-07-27 07:24:44','I',130),(133,1,'2018-07-27 07:26:30','I',131),(134,1,'2018-07-27 07:27:53','I',132),(135,1,'2018-07-27 07:29:53','I',133),(136,1,'2018-07-27 07:31:22','I',134),(137,1,'2018-07-27 07:33:06','I',135),(138,1,'2018-07-27 07:38:43','I',136),(139,1,'2018-07-27 07:43:41','I',137),(140,1,'2018-07-27 07:48:16','I',138),(141,1,'2018-07-27 07:50:23','I',139),(142,1,'2018-07-31 06:54:00','I',140),(143,1,'2018-07-31 06:57:21','I',141),(144,1,'2018-07-31 07:01:18','I',142),(145,1,'2018-07-31 07:05:01','I',143),(146,1,'2018-07-31 07:08:33','I',144),(147,1,'2018-07-31 07:19:10','I',145),(148,1,'2018-07-31 07:24:03','I',146),(149,1,'2018-07-31 07:28:22','I',147),(150,1,'2018-07-31 07:36:18','I',148),(151,1,'2018-07-31 07:41:48','I',149),(152,1,'2018-07-31 07:57:13','I',150),(153,1,'2018-07-31 08:03:34','I',151),(154,1,'2018-07-31 08:08:51','I',152),(155,1,'2018-07-31 09:42:49','I',153),(156,1,'2018-07-31 09:46:42','I',154),(157,1,'2018-07-31 09:50:18','I',155),(158,1,'2018-07-31 09:57:13','I',156),(159,1,'2018-07-31 10:01:12','I',157),(160,1,'2018-07-31 10:04:07','I',158),(161,1,'2018-07-31 10:06:42','I',159),(162,1,'2018-07-31 10:09:09','I',160),(163,1,'2018-07-31 10:13:21','I',161),(164,1,'2018-07-31 10:15:53','I',162),(165,1,'2018-07-31 10:18:43','I',163),(166,1,'2018-07-31 10:22:13','I',164),(167,1,'2018-07-31 10:24:59','I',165),(168,1,'2018-07-31 10:31:43','I',166),(169,1,'2018-07-31 10:35:33','I',167),(170,1,'2018-07-31 10:43:29','I',168),(171,1,'2018-08-01 06:47:28','I',169),(172,1,'2018-08-01 07:16:27','I',170),(173,1,'2018-08-01 07:23:41','I',171),(174,1,'2018-08-01 07:31:44','I',172),(175,1,'2018-08-01 07:38:14','I',173),(176,1,'2018-08-01 07:42:01','I',174),(177,1,'2018-08-01 07:45:18','I',175),(178,1,'2018-08-01 07:49:35','I',176),(179,1,'2018-08-01 07:51:26','I',177),(180,1,'2018-08-01 07:53:57','I',178),(181,1,'2018-08-01 07:54:28','E',178),(182,1,'2018-08-01 07:57:32','I',179),(183,1,'2018-08-01 08:00:36','I',180),(184,1,'2018-08-01 08:03:06','I',181),(185,1,'2018-08-01 08:09:24','I',182),(186,1,'2018-08-01 08:11:45','I',183),(187,1,'2018-08-01 09:43:22','I',184),(188,1,'2018-08-01 09:48:28','I',185),(189,1,'2018-08-01 09:50:50','I',186),(190,1,'2018-08-01 09:52:59','I',187),(191,1,'2018-08-01 10:07:15','I',188),(192,1,'2018-08-01 10:09:11','I',189),(193,1,'2018-08-01 10:11:28','I',190),(194,1,'2018-08-01 10:14:32','I',191),(195,1,'2018-08-01 10:17:45','I',192),(196,1,'2018-08-01 10:22:32','I',193),(197,42,'2019-08-22 15:37:48','I',194),(198,42,'2019-08-22 15:47:17','I',195),(199,42,'2019-08-23 10:45:39','I',196),(200,42,'2019-08-23 10:47:31','I',197),(201,42,'2019-08-23 10:47:44','D',197),(202,42,'2019-08-23 18:40:23','I',198),(203,42,'2019-08-27 10:43:02','I',199),(204,42,'2019-09-02 18:58:14','I',200),(205,42,'2019-09-15 19:32:24','I',201),(206,42,'2019-09-15 19:34:58','I',202),(207,42,'2019-09-15 19:42:46','I',203),(208,42,'2019-09-15 19:45:47','I',204),(209,42,'2019-09-15 19:50:56','I',205),(210,42,'2019-09-15 19:56:38','I',206),(211,42,'2019-09-15 20:00:10','I',207),(212,42,'2019-09-15 20:02:01','I',208),(213,42,'2019-09-15 20:06:26','I',209),(214,42,'2019-09-15 20:10:43','I',210),(215,42,'2019-09-15 20:12:29','I',211),(216,42,'2019-09-16 09:32:15','I',212),(217,42,'2019-09-16 09:33:51','I',213),(218,42,'2019-09-16 09:38:18','I',214),(219,42,'2019-09-16 09:39:50','I',215),(220,42,'2019-09-16 09:41:47','I',216),(221,42,'2019-09-16 09:44:47','I',217),(222,42,'2019-09-16 09:46:10','I',218),(223,42,'2019-09-16 09:47:22','I',219),(224,42,'2019-09-16 09:48:25','I',220),(225,42,'2019-09-16 09:49:18','I',221),(226,42,'2019-09-16 09:50:15','I',222),(227,42,'2019-09-16 09:51:24','I',223),(228,42,'2019-09-16 09:52:34','I',224),(229,42,'2019-09-16 09:53:35','I',225),(230,42,'2019-09-19 09:28:34','I',226),(231,42,'2019-09-19 09:30:15','I',227),(232,42,'2019-09-19 09:31:31','I',228),(233,42,'2019-09-19 09:32:43','I',229),(234,42,'2019-09-19 09:34:13','I',230),(235,42,'2019-09-19 09:35:09','I',231),(236,42,'2019-09-19 09:36:36','I',232),(237,42,'2019-09-19 09:37:58','I',233),(238,42,'2019-09-19 09:39:09','I',234),(239,42,'2019-09-19 09:40:09','I',235),(240,42,'2019-09-19 09:41:47','I',236),(241,42,'2019-09-19 09:44:04','I',237),(242,42,'2019-09-19 09:45:05','I',238),(243,42,'2019-09-19 09:46:07','I',239),(244,42,'2019-09-19 09:47:10','I',240),(245,42,'2019-09-19 09:48:07','I',241),(246,42,'2019-09-19 09:49:33','I',242),(247,42,'2019-09-19 09:52:11','I',243),(248,42,'2019-09-19 09:54:52','I',244),(249,42,'2019-09-19 10:10:11','I',245),(250,42,'2019-09-19 10:19:10','I',246),(251,42,'2019-09-19 10:34:16','I',247),(252,42,'2019-09-19 10:35:22','I',248),(253,42,'2019-09-19 10:51:36','I',249),(254,42,'2019-09-19 10:52:28','I',250),(255,42,'2019-09-19 11:10:39','I',251),(256,42,'2019-09-19 11:15:31','I',252),(257,42,'2019-09-19 11:18:55','I',253),(258,42,'2019-09-19 11:20:23','I',254),(259,42,'2019-09-19 11:21:31','I',255),(260,42,'2019-09-19 11:22:59','I',256),(261,42,'2019-09-19 11:24:10','I',257),(262,42,'2019-09-19 11:25:21','I',258),(263,42,'2019-09-19 11:26:25','I',259),(264,42,'2019-09-19 11:31:40','I',260),(265,42,'2019-09-19 11:35:20','I',261),(266,42,'2019-09-19 11:36:55','I',262),(267,42,'2019-09-19 11:40:19','I',263),(268,42,'2019-09-19 11:43:30','I',264),(269,42,'2019-09-19 11:48:57','I',265),(270,42,'2019-09-19 11:55:38','I',266),(271,42,'2019-09-19 11:57:13','E',265),(272,42,'2019-09-19 12:00:33','I',267),(273,42,'2019-09-19 12:08:18','I',268),(274,42,'2019-09-19 12:11:01','I',269),(275,42,'2019-09-19 12:12:35','I',270),(276,42,'2019-09-19 12:14:05','I',271),(277,42,'2019-09-19 12:15:47','I',272),(278,42,'2019-09-19 12:27:46','I',273),(279,42,'2019-09-19 12:33:29','I',274),(280,42,'2019-09-19 12:37:25','I',275),(281,42,'2019-09-19 12:40:42','I',276),(282,42,'2019-09-19 12:42:49','I',277),(283,42,'2019-09-19 12:44:27','I',278),(284,42,'2019-09-19 12:47:48','I',279),(285,42,'2019-09-19 13:57:10','I',280),(286,42,'2019-09-19 13:58:37','I',281),(287,42,'2019-09-19 14:01:37','I',282),(288,42,'2019-09-19 14:09:02','I',283),(289,42,'2019-09-19 14:10:03','I',284),(290,42,'2019-09-19 14:14:43','I',285),(291,42,'2019-09-19 14:16:17','I',286),(292,42,'2019-09-19 14:19:22','I',287),(293,42,'2019-09-19 14:54:19','I',288),(294,42,'2019-09-19 14:59:17','I',289),(295,42,'2019-09-19 15:04:57','I',290),(296,42,'2019-09-19 15:06:26','I',291),(297,42,'2019-09-19 15:19:01','I',292),(298,42,'2019-09-19 15:23:48','I',293),(299,42,'2019-09-19 15:41:17','I',294),(300,42,'2019-09-19 15:45:07','I',295),(301,42,'2019-09-19 15:47:54','I',296),(302,42,'2019-09-19 15:58:05','I',297),(303,42,'2019-09-19 16:13:27','I',298),(304,42,'2019-09-19 16:16:40','I',299),(305,42,'2019-09-19 16:20:45','I',300),(306,42,'2019-09-20 09:59:36','I',301),(307,42,'2019-09-20 10:04:21','I',302),(308,42,'2019-09-20 10:06:02','I',303),(309,42,'2019-09-20 10:19:58','I',304),(310,42,'2019-09-20 10:25:20','I',305),(311,42,'2019-09-20 10:27:23','I',306),(312,42,'2019-09-20 10:44:40','I',307),(313,42,'2019-09-20 10:46:11','I',308),(314,42,'2019-09-20 10:48:29','I',309),(315,42,'2019-09-20 10:55:07','I',310),(316,42,'2019-09-20 10:56:20','I',311),(317,42,'2019-09-25 15:58:00','I',312),(318,42,'2019-09-25 16:01:43','I',313),(319,42,'2019-09-25 16:04:01','I',314),(320,42,'2019-09-26 09:14:49','I',315),(321,42,'2019-09-26 09:16:10','I',316),(322,42,'2019-09-26 09:17:20','I',317),(323,42,'2019-09-26 09:20:06','I',318),(324,42,'2019-09-26 09:23:58','I',319),(325,42,'2019-09-26 09:24:55','I',320),(326,42,'2019-09-26 09:28:10','I',321),(327,42,'2019-09-26 09:29:23','I',322),(328,42,'2019-09-26 09:34:43','I',323),(329,42,'2019-09-26 09:36:52','I',324),(330,42,'2019-09-26 09:36:59','D',323),(331,42,'2019-09-26 09:39:01','I',325),(332,42,'2019-09-26 09:43:28','I',326),(333,42,'2019-09-26 09:48:01','I',327),(334,42,'2019-09-26 09:53:16','I',328),(335,42,'2019-09-26 09:54:02','I',329),(336,42,'2019-09-26 09:54:49','I',330),(337,42,'2019-09-26 09:55:47','I',331),(338,42,'2019-09-26 09:58:07','I',332),(339,42,'2019-09-26 10:20:04','I',333),(340,42,'2019-09-26 10:21:10','I',334),(341,42,'2019-09-26 10:22:29','I',335),(342,42,'2019-09-26 10:24:07','I',336),(343,42,'2019-09-26 10:25:24','I',337),(344,42,'2019-09-26 11:30:02','I',338),(345,42,'2019-09-26 11:36:50','I',339),(346,42,'2019-09-26 11:38:29','I',340),(347,42,'2019-09-26 11:41:15','I',341),(348,42,'2019-09-26 11:42:47','I',342),(349,42,'2019-09-26 11:44:30','I',343),(350,42,'2019-09-26 11:46:47','I',344),(351,42,'2019-09-26 11:49:30','I',345),(352,42,'2019-09-26 11:54:58','I',346),(353,42,'2019-09-26 12:33:32','I',347),(354,42,'2019-09-26 12:38:54','I',348),(355,42,'2019-09-26 12:41:14','I',349),(356,42,'2019-09-26 12:44:46','I',350),(357,42,'2019-09-27 09:38:51','I',351),(358,42,'2019-09-27 09:41:42','I',352),(359,42,'2019-09-27 09:42:54','I',353),(360,42,'2019-09-27 09:44:11','I',354),(361,42,'2019-09-27 09:45:40','I',355),(362,42,'2019-09-27 09:47:48','I',356),(363,42,'2019-09-27 09:50:07','I',357),(364,42,'2019-09-27 09:51:23','I',358),(365,42,'2019-09-27 09:53:50','I',359),(366,42,'2019-09-27 09:55:28','I',360),(367,42,'2019-09-27 09:59:34','I',361),(368,42,'2019-09-27 10:00:43','I',362),(369,42,'2019-09-27 10:02:52','I',363),(370,42,'2019-09-27 10:04:14','I',364),(371,42,'2019-09-27 10:05:15','I',365),(372,42,'2019-09-27 10:51:59','I',366),(373,42,'2019-09-27 10:53:29','I',367),(374,42,'2019-09-27 10:55:09','I',368),(375,42,'2019-09-27 10:56:24','I',369),(376,42,'2019-09-27 10:59:21','I',370),(377,42,'2019-09-27 11:00:28','I',371),(378,42,'2019-09-27 11:02:21','I',372),(379,42,'2019-09-27 11:03:28','I',373),(380,42,'2019-09-27 14:38:16','I',374),(381,42,'2019-09-27 14:40:36','I',375),(382,42,'2019-09-27 14:42:05','I',376),(383,42,'2019-09-27 14:44:03','I',377),(384,42,'2019-09-27 14:45:52','I',378),(385,42,'2019-09-27 15:13:28','I',379),(386,42,'2019-09-27 15:14:53','I',380),(387,42,'2019-09-27 15:16:45','I',381),(388,42,'2019-09-27 15:18:18','I',382),(389,42,'2019-09-27 15:23:16','I',383),(390,42,'2019-09-27 15:27:06','I',384),(391,42,'2019-09-27 15:29:37','I',385),(392,42,'2019-09-27 15:31:06','I',386),(393,42,'2019-09-27 15:35:23','I',387),(394,42,'2019-09-27 15:38:23','I',388),(395,42,'2019-09-27 15:40:31','I',389),(396,42,'2019-09-27 15:54:40','I',390),(397,42,'2019-09-27 15:57:13','I',391),(398,42,'2019-09-30 09:07:49','I',392),(399,42,'2019-09-30 09:09:13','I',393),(400,42,'2019-09-30 09:15:09','I',394),(401,42,'2019-09-30 09:16:42','I',395),(402,42,'2019-09-30 09:31:12','I',396),(403,42,'2019-09-30 09:32:10','I',397),(404,42,'2019-09-30 09:33:27','I',398),(405,42,'2019-09-30 09:35:55','I',399),(406,42,'2019-09-30 09:37:00','I',400),(407,42,'2019-09-30 09:38:05','I',401),(408,42,'2019-09-30 09:39:20','I',402),(409,42,'2019-09-30 09:42:17','I',403),(410,42,'2019-09-30 09:43:27','I',404),(411,42,'2019-09-30 09:44:35','I',405),(412,42,'2019-09-30 09:49:00','I',406),(413,42,'2019-09-30 09:50:23','I',407),(414,42,'2019-09-30 09:55:34','I',408),(415,42,'2019-09-30 09:56:31','E',408),(416,42,'2019-09-30 09:57:40','I',409),(417,42,'2019-09-30 10:01:16','I',410),(418,42,'2019-09-30 10:02:24','I',411),(419,42,'2019-09-30 10:04:20','I',412),(420,42,'2019-09-30 10:05:55','I',413),(421,42,'2019-09-30 10:08:22','I',414),(422,42,'2019-09-30 10:09:42','I',415),(423,42,'2019-09-30 10:12:08','I',416),(424,42,'2019-09-30 10:13:17','I',417),(425,42,'2019-09-30 10:16:13','I',418),(426,42,'2019-09-30 10:18:26','I',419),(427,42,'2019-09-30 10:22:35','I',420),(428,42,'2019-09-30 10:26:07','I',421),(429,42,'2019-09-30 10:27:36','I',422),(430,42,'2019-09-30 10:30:45','I',423),(431,42,'2019-09-30 10:31:58','I',424),(432,42,'2019-09-30 10:33:32','I',425),(433,42,'2019-09-30 10:35:01','I',426),(434,42,'2019-09-30 10:37:58','I',427),(435,42,'2019-09-30 12:10:11','I',428),(436,42,'2019-09-30 12:11:02','I',429),(437,42,'2019-09-30 12:12:04','I',430),(438,42,'2019-09-30 12:14:01','I',431),(439,42,'2019-09-30 12:15:53','I',432),(440,42,'2019-09-30 12:20:47','I',433),(441,42,'2019-09-30 12:25:17','I',434),(442,42,'2019-09-30 12:27:47','I',435),(443,42,'2019-09-30 12:28:52','I',436),(444,42,'2019-09-30 14:22:58','I',437),(445,42,'2019-09-30 14:27:36','I',438),(446,42,'2019-09-30 14:32:40','I',439),(447,42,'2019-09-30 14:35:05','I',440),(448,42,'2019-09-30 14:38:51','I',441),(449,42,'2019-09-30 14:41:49','I',442),(450,42,'2019-09-30 14:46:26','I',443),(451,42,'2019-09-30 14:48:30','I',444),(452,42,'2019-09-30 14:51:03','I',445),(453,42,'2019-09-30 14:52:08','I',446),(454,42,'2019-09-30 14:53:49','I',447),(455,42,'2019-09-30 14:55:04','I',448),(456,42,'2019-09-30 14:56:16','I',449),(457,42,'2019-09-30 14:57:58','I',450),(458,42,'2019-09-30 15:14:48','I',451),(459,42,'2019-09-30 15:16:34','I',452),(460,42,'2019-09-30 15:27:56','I',453),(461,42,'2019-09-30 15:31:01','I',454),(462,42,'2019-09-30 16:07:12','I',455),(463,42,'2019-09-30 16:09:55','I',456),(464,42,'2019-09-30 16:14:15','I',457),(465,42,'2019-09-30 16:15:31','I',458),(466,42,'2019-10-01 09:43:30','I',459),(467,42,'2019-10-01 09:47:00','I',460),(468,42,'2019-10-01 09:50:49','I',461),(469,42,'2019-10-01 09:52:15','I',462),(470,42,'2019-10-01 09:56:15','I',463),(471,42,'2019-10-01 09:57:21','I',464),(472,42,'2019-10-01 09:59:07','I',465),(473,42,'2019-10-01 10:00:36','I',466),(474,42,'2019-10-01 10:04:52','I',467),(475,42,'2019-10-01 10:06:35','I',468),(476,42,'2019-10-01 10:07:41','I',469),(477,42,'2019-10-01 10:09:39','I',470),(478,42,'2019-10-01 10:10:57','I',471),(479,42,'2019-10-01 10:14:44','I',472),(480,42,'2019-10-01 10:24:58','I',473),(481,42,'2019-10-01 10:28:04','I',474),(482,42,'2019-10-01 10:32:39','I',475),(483,42,'2019-10-01 10:34:25','I',476),(484,42,'2019-10-01 10:35:19','I',477),(485,42,'2019-10-01 10:40:46','I',478),(486,42,'2019-10-01 10:42:09','I',479),(487,42,'2019-10-01 11:28:45','I',480),(488,42,'2019-10-01 11:33:20','I',481),(489,42,'2019-10-01 11:36:00','I',482),(490,42,'2019-10-01 11:39:00','I',483),(491,42,'2019-10-01 11:40:39','I',484),(492,42,'2019-10-01 11:41:48','I',485),(493,42,'2019-10-01 11:42:47','I',486),(494,42,'2019-10-01 11:45:56','I',487),(495,42,'2019-10-01 11:47:04','I',488),(496,42,'2019-10-01 11:48:23','I',489),(497,42,'2019-10-01 11:49:53','I',490),(498,42,'2019-10-01 11:51:01','I',491),(499,42,'2019-10-01 11:55:07','I',492),(500,42,'2019-10-01 12:14:25','I',493),(501,42,'2019-10-01 12:23:29','I',494),(502,42,'2019-10-01 12:25:34','I',495),(503,42,'2019-10-01 12:27:20','I',496),(504,42,'2019-10-01 12:28:53','I',497),(505,42,'2019-10-01 12:31:25','I',498),(506,42,'2019-10-01 12:32:35','I',499),(507,42,'2019-10-01 12:34:36','I',500),(508,42,'2019-10-01 13:55:01','I',501),(509,42,'2019-10-01 13:56:12','I',502),(510,42,'2019-10-01 13:58:09','I',503),(511,42,'2019-10-01 14:01:09','I',504),(512,42,'2019-10-01 14:02:17','I',505),(513,42,'2019-10-01 14:06:45','I',506),(514,42,'2019-10-01 14:07:49','I',507),(515,42,'2019-10-01 14:14:20','I',508),(516,42,'2019-10-01 14:14:29','I',509),(517,42,'2019-10-01 14:15:32','I',510),(518,42,'2019-10-01 14:17:02','I',511),(519,42,'2019-10-01 14:17:59','I',512),(520,42,'2019-10-01 14:20:04','I',513),(521,42,'2019-10-01 14:22:17','I',514),(522,42,'2019-10-01 14:23:32','I',515),(523,42,'2019-10-01 14:24:48','I',516),(524,42,'2019-10-01 14:25:54','I',517),(525,42,'2019-10-01 15:31:28','I',518),(526,42,'2019-10-01 15:34:39','I',519),(527,42,'2019-10-01 15:36:02','I',520),(528,42,'2019-10-01 15:38:48','I',521),(529,42,'2019-10-01 15:39:48','I',522),(530,42,'2019-10-01 15:40:32','I',523),(531,42,'2019-10-01 15:42:16','I',524),(532,42,'2019-10-01 15:42:51','D',244),(533,42,'2019-10-02 10:04:02','I',525),(534,42,'2019-10-02 10:07:43','I',526),(535,42,'2019-10-02 10:12:19','E',526),(536,42,'2019-10-02 10:12:34','D',526),(537,42,'2019-10-02 10:12:58','I',527),(538,42,'2019-10-02 10:13:44','I',528),(539,42,'2019-10-02 10:13:53','D',528),(540,42,'2019-10-02 10:14:40','I',529),(541,42,'2019-10-02 10:16:42','I',530),(542,42,'2019-10-02 10:17:23','I',531),(543,42,'2019-10-02 10:18:13','I',532),(544,42,'2019-10-02 10:19:19','I',533),(545,42,'2019-10-02 10:19:55','I',534),(546,42,'2019-10-02 10:20:17','I',535),(547,42,'2019-10-02 10:20:23','D',535),(548,42,'2019-10-02 10:21:08','I',536),(549,42,'2019-10-02 10:22:15','I',537),(550,42,'2019-10-02 10:23:50','I',538),(551,42,'2019-10-02 10:25:01','I',539),(552,42,'2019-10-02 10:25:34','I',540),(553,42,'2019-10-02 10:26:03','I',541),(554,42,'2019-10-02 10:26:37','I',542),(555,42,'2019-10-02 10:27:23','I',543),(556,42,'2019-10-02 10:28:19','I',544),(557,42,'2019-10-02 10:29:56','I',545),(558,42,'2019-10-02 10:48:43','I',546),(559,42,'2019-10-02 10:49:20','I',547),(560,42,'2019-10-02 10:49:57','I',548),(561,42,'2019-10-02 10:51:18','I',549),(562,42,'2019-10-02 10:51:52','I',550),(563,42,'2019-10-02 10:52:30','I',551),(564,42,'2019-10-02 10:53:05','I',552),(565,42,'2019-10-02 10:54:03','I',553),(566,42,'2019-10-02 10:54:43','I',554),(567,42,'2019-10-02 10:55:10','I',555),(568,42,'2019-10-02 10:55:54','I',556),(569,42,'2019-10-02 10:56:31','I',557),(570,42,'2019-10-02 10:57:08','I',558),(571,42,'2019-10-02 10:58:30','I',559),(572,42,'2019-10-02 10:59:05','I',560),(573,42,'2019-10-02 10:59:40','I',561),(574,42,'2019-10-02 11:00:03','I',562),(575,42,'2019-10-02 11:01:16','I',563),(576,42,'2019-10-02 11:01:44','I',564),(577,42,'2019-10-02 11:03:51','I',565),(578,42,'2019-10-02 11:05:11','I',566),(579,42,'2019-10-02 11:17:50','I',567),(580,42,'2019-10-02 11:18:44','I',568),(581,42,'2019-10-02 11:19:24','I',569),(582,42,'2019-10-02 11:20:43','I',570),(583,42,'2019-10-02 11:21:21','I',571),(584,42,'2019-10-02 11:22:40','I',572),(585,42,'2019-10-02 11:23:09','I',573),(586,42,'2019-10-02 11:23:54','I',574),(587,42,'2019-10-02 11:24:30','I',575),(588,42,'2019-10-02 11:25:08','I',576),(589,42,'2019-10-02 11:25:46','I',577),(590,42,'2019-10-02 11:26:18','I',578),(591,42,'2019-10-02 11:26:56','I',579),(592,42,'2019-10-02 11:27:28','I',580),(593,42,'2019-10-02 11:27:56','I',581),(594,42,'2019-10-02 11:28:23','I',582),(595,42,'2019-10-02 11:29:09','I',583),(596,42,'2019-10-02 11:29:36','I',584),(597,42,'2019-10-02 11:30:02','I',585),(598,42,'2019-10-02 11:30:30','I',586),(599,42,'2019-10-02 11:30:57','I',587),(600,42,'2019-10-02 11:31:25','I',588),(601,42,'2019-10-02 11:32:39','I',589),(602,42,'2019-10-02 11:33:48','I',590),(603,42,'2019-10-02 11:34:28','I',591),(604,42,'2019-10-02 11:35:14','I',592),(605,42,'2019-10-02 11:36:04','I',593),(606,42,'2019-10-02 11:36:51','I',594),(607,42,'2019-10-02 11:55:00','I',595),(608,42,'2019-10-02 11:55:28','I',596),(609,42,'2019-10-02 11:56:11','I',597),(610,42,'2019-10-02 11:57:15','I',598),(611,42,'2019-10-02 11:58:40','I',599),(612,42,'2019-10-02 11:59:13','I',600),(613,42,'2019-10-02 11:59:41','I',601),(614,42,'2019-10-02 12:01:01','I',602),(615,42,'2019-10-02 12:01:41','I',603),(616,42,'2019-10-02 12:02:16','I',604),(617,42,'2019-10-02 12:02:47','I',605),(618,42,'2019-10-02 12:03:53','I',606),(619,42,'2019-10-02 12:04:28','I',607),(620,42,'2019-10-02 12:05:13','I',608),(621,42,'2019-10-02 12:05:46','I',609),(622,42,'2019-10-02 12:06:39','I',610),(623,42,'2019-10-02 12:07:29','I',611),(624,42,'2019-10-02 12:08:05','I',612),(625,42,'2019-10-02 12:08:39','I',613),(626,42,'2019-10-02 14:47:51','I',614),(627,42,'2019-10-02 14:50:49','I',615),(628,42,'2019-10-02 14:54:05','E',517),(629,42,'2019-10-02 14:54:25','E',515),(630,42,'2019-10-02 14:54:40','E',515),(631,42,'2019-10-02 14:55:21','E',514),(632,42,'2019-10-02 14:55:34','E',515),(633,42,'2019-10-02 14:55:50','E',512),(634,42,'2019-10-02 14:56:12','E',513),(635,42,'2019-10-02 14:57:16','E',496),(636,42,'2019-10-02 15:00:03','I',616),(637,42,'2019-10-02 15:00:34','E',494),(638,42,'2019-10-02 15:05:55','E',494),(639,42,'2019-10-02 15:07:11','E',480),(640,42,'2019-10-02 15:08:33','I',617),(641,42,'2019-10-02 15:09:20','E',490),(642,42,'2019-10-02 15:10:39','E',489),(643,42,'2019-10-02 15:11:28','E',559),(644,42,'2019-10-02 15:12:14','E',478),(645,42,'2019-10-02 15:13:12','I',618),(646,42,'2019-10-02 15:16:21','E',486),(647,42,'2019-10-02 15:16:55','E',485),(648,42,'2019-10-02 15:17:28','E',484),(649,42,'2019-10-02 15:18:09','E',483),(650,42,'2019-10-02 15:18:52','E',477),(651,42,'2019-10-02 15:19:27','E',476),(652,42,'2019-10-02 15:19:56','E',482),(653,42,'2019-10-02 15:23:05','I',619),(654,42,'2019-10-02 15:24:31','I',620),(655,42,'2019-10-02 15:26:04','I',621),(656,42,'2019-10-02 15:30:50','I',622),(657,42,'2019-10-02 15:32:12','E',458),(658,42,'2019-10-02 15:33:00','E',554),(659,42,'2019-10-02 15:33:35','E',545),(660,42,'2019-10-02 15:34:56','E',425),(661,42,'2019-10-02 15:36:23','E',589),(662,42,'2019-10-02 15:38:10','I',623),(663,42,'2019-10-02 15:39:07','E',301),(664,42,'2019-10-02 15:39:56','E',292),(665,42,'2019-10-02 15:42:59','I',624),(666,42,'2019-10-02 15:43:51','E',543),(667,42,'2019-10-02 15:47:15','I',625),(668,42,'2019-10-02 15:49:36','I',626),(669,42,'2019-10-02 16:17:21','I',627),(670,42,'2019-10-02 16:19:48','I',628),(671,42,'2019-10-02 16:21:20','I',629),(672,42,'2019-10-02 16:23:07','E',529),(673,42,'2019-10-02 16:23:28','E',527),(674,42,'2019-10-02 16:24:10','E',524),(675,42,'2019-10-03 09:26:21','E',270),(676,42,'2019-10-03 09:56:32','I',630),(677,42,'2019-10-03 10:10:36','I',631),(678,42,'2019-10-03 10:15:17','I',632),(679,42,'2019-10-03 10:20:12','I',633),(680,42,'2019-10-03 10:31:46','I',634),(681,42,'2019-10-03 12:26:27','I',635),(682,42,'2019-10-04 15:00:26','D',146),(683,42,'2019-10-04 15:02:35','D',143),(684,42,'2019-10-04 15:02:52','D',142),(685,42,'2019-10-04 15:03:35','D',171),(686,42,'2019-10-04 15:04:04','D',172),(687,42,'2019-10-04 15:04:24','D',174),(688,42,'2019-10-04 15:04:31','D',541),(689,42,'2019-10-04 15:06:11','I',636),(690,42,'2019-10-04 15:06:33','D',176),(691,42,'2019-10-04 15:06:44','D',177),(692,42,'2019-10-04 15:07:01','D',181),(693,42,'2019-10-04 15:08:14','E',529),(694,42,'2019-10-04 15:08:40','D',189),(695,42,'2019-10-04 15:24:14','I',637),(696,42,'2019-10-04 15:39:19','I',638),(697,42,'2019-10-04 15:39:41','I',639),(698,42,'2019-10-04 15:41:27','D',639),(699,42,'2019-10-04 15:42:44','I',640),(700,42,'2019-10-04 15:46:13','I',641),(701,42,'2019-10-04 15:49:29','I',642),(702,42,'2019-10-04 15:52:50','I',643),(703,42,'2019-10-04 15:54:53','I',644),(704,42,'2019-10-04 16:05:17','I',645),(705,42,'2019-10-04 16:16:14','I',646),(706,42,'2019-10-07 11:25:53','D',89),(707,42,'2019-10-10 11:10:23','I',647),(708,42,'2019-10-10 11:34:15','D',102),(709,42,'2019-10-10 11:34:32','D',103),(710,42,'2019-10-10 11:34:45','D',98),(711,42,'2019-10-10 11:35:00','D',96),(712,42,'2019-10-10 11:35:07','D',99),(713,42,'2019-10-10 11:35:19','D',101),(714,42,'2019-10-10 11:35:41','D',97),(715,42,'2019-10-10 11:35:55','D',100),(716,42,'2019-10-10 11:36:03','D',106),(717,42,'2019-10-10 11:36:39','D',80),(718,42,'2019-10-10 11:36:46','D',61),(719,42,'2019-10-10 11:36:57','D',67),(720,42,'2019-10-10 11:37:07','D',70),(721,42,'2019-10-10 11:37:39','D',74),(722,42,'2019-10-10 11:37:46','D',77),(723,42,'2019-10-10 11:37:53','D',87),(724,42,'2019-10-10 11:38:01','D',72),(725,42,'2019-10-10 11:38:24','D',83),(726,42,'2019-10-10 11:39:04','D',107),(727,42,'2019-10-10 11:39:12','D',112),(728,42,'2019-10-10 11:39:18','D',114),(729,42,'2019-10-10 11:39:46','D',108),(730,42,'2019-10-10 11:39:54','D',110),(731,42,'2019-10-10 11:40:20','D',120),(732,42,'2019-10-10 11:40:36','D',126),(733,42,'2019-10-10 11:41:01','D',145),(734,42,'2019-10-10 11:41:14','D',154),(735,42,'2019-10-10 11:41:23','D',158),(736,42,'2019-10-10 11:41:42','D',163),(737,42,'2019-10-10 11:41:50','D',165),(738,42,'2019-10-10 11:42:07','D',173),(739,42,'2019-10-10 11:42:31','D',182),(740,42,'2019-10-10 11:42:45','D',190),(741,42,'2019-10-10 11:43:49','D',199),(742,42,'2019-10-10 11:44:46','D',183),(743,42,'2019-10-10 11:45:09','D',179),(744,42,'2019-10-10 11:45:37','D',175),(745,42,'2019-10-10 11:53:50','I',648),(746,42,'2019-10-11 12:07:08','D',140),(747,42,'2019-10-11 12:08:14','I',649),(748,42,'2019-10-11 12:08:42','D',565),(749,42,'2019-10-11 15:21:41','D',124),(750,42,'2019-10-11 15:22:45','E',569),(751,42,'2019-10-11 15:24:52','E',614),(752,42,'2019-10-11 15:31:08','D',48),(753,42,'2019-10-11 15:31:14','D',194),(754,42,'2019-10-14 10:02:30','I',650),(755,42,'2019-10-14 10:07:19','D',152),(756,42,'2019-10-16 18:04:09','D',150);

/*Table structure for table `hearingstatus` */

DROP TABLE IF EXISTS `hearingstatus`;

CREATE TABLE `hearingstatus` (
  `HearingStatusId` int(11) NOT NULL AUTO_INCREMENT,
  `HSName` varchar(200) NOT NULL,
  PRIMARY KEY (`HearingStatusId`)
) ENGINE=InnoDB AUTO_INCREMENT=4 DEFAULT CHARSET=latin1;

/*Data for the table `hearingstatus` */

insert  into `hearingstatus`(`HearingStatusId`,`HSName`) values (1,'Initial'),(2,'Intermediate'),(3,'Last');

/*Table structure for table `mmenu` */

DROP TABLE IF EXISTS `mmenu`;

CREATE TABLE `mmenu` (
  `mmenuId` int(2) NOT NULL AUTO_INCREMENT,
  `mmenuDesc` varchar(50) DEFAULT NULL,
  `mmenuURL` varchar(100) DEFAULT NULL,
  `RecordStatus` tinyint(1) NOT NULL DEFAULT '1',
  PRIMARY KEY (`mmenuId`)
) ENGINE=MyISAM AUTO_INCREMENT=20 DEFAULT CHARSET=latin1;

/*Data for the table `mmenu` */

insert  into `mmenu`(`mmenuId`,`mmenuDesc`,`mmenuURL`,`RecordStatus`) values (1,'Home','#',1),(2,'Setup','#',1),(3,'Reports','#',1),(4,'User Management','#',1);

/*Table structure for table `mmenutablelog` */

DROP TABLE IF EXISTS `mmenutablelog`;

CREATE TABLE `mmenutablelog` (
  `MmenuTableLog_PK` int(11) NOT NULL AUTO_INCREMENT,
  `UserId` int(200) NOT NULL,
  `DateTime` timestamp NOT NULL DEFAULT CURRENT_TIMESTAMP,
  `Action` varchar(10) NOT NULL,
  `mmenuId` int(200) NOT NULL,
  PRIMARY KEY (`MmenuTableLog_PK`)
) ENGINE=InnoDB AUTO_INCREMENT=7 DEFAULT CHARSET=latin1;

/*Data for the table `mmenutablelog` */

insert  into `mmenutablelog`(`MmenuTableLog_PK`,`UserId`,`DateTime`,`Action`,`mmenuId`) values (1,1,'2018-03-03 08:07:14','E',1),(2,1,'2018-03-03 08:07:35','E',1),(3,1,'2019-02-07 05:45:19','E',2),(4,1,'2019-02-24 15:14:58','E',1),(5,1,'2019-02-25 09:49:15','E',1),(6,1,'2019-02-25 10:26:14','E',1);

/*Table structure for table `paidfeetocounsel_remove` */

DROP TABLE IF EXISTS `paidfeetocounsel_remove`;

CREATE TABLE `paidfeetocounsel_remove` (
  `PaidFeeId` int(11) NOT NULL AUTO_INCREMENT,
  `PaidAmount` varchar(100) NOT NULL,
  `PaidDate` date NOT NULL,
  `CaseId` int(100) NOT NULL,
  `CounselId` varchar(100) NOT NULL,
  PRIMARY KEY (`PaidFeeId`)
) ENGINE=InnoDB AUTO_INCREMENT=20 DEFAULT CHARSET=latin1;

/*Data for the table `paidfeetocounsel_remove` */

insert  into `paidfeetocounsel_remove`(`PaidFeeId`,`PaidAmount`,`PaidDate`,`CaseId`,`CounselId`) values (10,'567567567','2017-10-31',9,'11'),(11,'43534','2017-10-30',8,'8'),(12,'1212','2017-10-30',8,'8'),(13,'4545','2017-10-30',8,'8'),(14,'','1970-01-01',0,''),(15,'','1970-01-01',0,''),(16,'','1970-01-01',0,''),(17,'','1970-01-01',0,''),(18,'555','1970-01-01',0,''),(19,'55','1970-01-01',0,'');

/*Table structure for table `paidtocounsel` */

DROP TABLE IF EXISTS `paidtocounsel`;

CREATE TABLE `paidtocounsel` (
  `PaidToCounsel_Id` int(11) NOT NULL AUTO_INCREMENT,
  `CaseId` int(200) NOT NULL,
  `CounselId` int(200) NOT NULL,
  `PaidDate` date NOT NULL,
  `PaidAmountType` int(11) NOT NULL,
  `ThisPaidAmount` varchar(250) NOT NULL,
  `RecordStatus` tinyint(1) NOT NULL DEFAULT '1',
  PRIMARY KEY (`PaidToCounsel_Id`)
) ENGINE=InnoDB AUTO_INCREMENT=198 DEFAULT CHARSET=latin1;

/*Data for the table `paidtocounsel` */

insert  into `paidtocounsel`(`PaidToCounsel_Id`,`CaseId`,`CounselId`,`PaidDate`,`PaidAmountType`,`ThisPaidAmount`,`RecordStatus`) values (3,0,0,'1970-01-01',0,'55',1),(4,0,0,'1970-01-01',0,'4646',1),(5,0,0,'2018-02-20',0,'12412',1),(6,0,0,'1970-01-01',0,'',1),(7,0,0,'1970-01-01',0,'',1),(8,0,1,'1970-01-01',0,'',1),(13,0,0,'1970-01-01',0,'',1),(14,0,0,'1970-01-01',0,'',1),(15,0,0,'1970-01-01',0,'',1),(17,0,10,'2018-02-01',1,'6666',1),(18,0,10,'2018-02-01',1,'6666',1),(20,0,11,'2018-02-02',1,'56565',1),(21,0,11,'2018-02-02',1,'56565',1),(22,0,11,'2018-02-02',1,'56565',1),(23,0,11,'2018-02-02',1,'56565',1),(25,0,0,'1970-01-01',0,'',1),(27,0,0,'1970-01-01',0,'',1),(28,0,0,'1970-01-01',0,'',1),(30,0,0,'1970-01-01',0,'',1),(31,0,11,'2018-02-01',1,'11111',1),(33,0,11,'2018-02-26',1,'99999999',1),(34,0,11,'2018-02-26',1,'99999999',1),(36,0,0,'1970-01-01',0,'',1),(37,0,0,'1970-01-01',0,'',1),(39,0,10,'2018-02-19',1,'4444',1),(40,0,10,'2018-02-19',1,'4444',1),(41,0,10,'2018-02-19',1,'4444',1),(43,9,12,'2018-02-18',2,'888',1),(44,0,0,'1970-01-01',0,'',1),(46,0,0,'1970-01-01',0,'',1),(47,0,11,'2018-02-01',1,'3434',1),(48,0,11,'2018-02-01',1,'3434',1),(50,8,1,'2018-02-05',1,'88',1),(51,8,1,'2018-02-19',1,'77',1),(52,8,1,'2018-02-01',2,'55',1),(53,47,11,'2018-03-01',1,'78787',0),(54,47,10,'2018-03-02',1,'1',1),(55,47,11,'2018-03-02',2,'7',0),(56,47,1,'2018-03-02',1,'7',0),(57,47,10,'2018-03-05',1,'6',0),(58,66,1,'2018-02-02',1,'7800',1),(59,67,13,'2012-05-31',1,'25000',0),(60,67,13,'2018-05-31',1,'25000',0),(61,67,1,'2012-05-31',1,'25000',0),(62,67,1,'2012-05-31',2,'25000',0),(63,67,13,'0000-00-00',1,'12500',0),(64,67,13,'0000-00-00',2,'10000',0),(65,68,14,'1970-01-01',1,'13000',1),(66,68,14,'1970-01-01',2,'1500',1),(67,69,15,'1970-01-01',1,'25000',1),(68,70,16,'1970-01-01',1,'12000',1),(69,70,16,'1970-01-01',1,'12000',0),(70,71,17,'0000-00-00',1,'12000',1),(71,72,17,'0000-00-00',1,'',1),(72,73,18,'0000-00-00',1,'',1),(73,74,19,'0000-00-00',1,'12500',1),(74,74,19,'0000-00-00',2,'10000',1),(75,75,17,'0000-00-00',1,'12500',1),(76,75,17,'0000-00-00',2,'10000',1),(77,76,20,'0000-00-00',1,'12500',0),(78,76,20,'0000-00-00',2,'10000',0),(79,78,21,'0000-00-00',1,'12000',1),(80,78,21,'0000-00-00',2,'1500',1),(81,79,13,'0000-00-00',1,'6000',1),(82,79,13,'0000-00-00',2,'1500',1),(83,80,13,'0000-00-00',1,'30000',0),(84,81,13,'0000-00-00',1,'25000',0),(85,82,22,'0000-00-00',1,'6000',1),(86,83,13,'0000-00-00',1,'25000',0),(87,84,13,'0000-00-00',1,'25000',0),(88,85,23,'0000-00-00',1,'12500',1),(89,86,24,'0000-00-00',1,'12500',1),(90,87,25,'0000-00-00',1,'25000',0),(91,89,26,'0000-00-00',1,'25000',0),(92,89,26,'0000-00-00',2,'20000',0),(93,91,27,'0000-00-00',1,'25000',0),(94,91,27,'0000-00-00',2,'20000',0),(95,111,28,'0000-00-00',1,'12500',1),(96,111,28,'0000-00-00',2,'10000',1),(97,119,13,'0000-00-00',1,'12500',0),(98,119,0,'0000-00-00',0,'',0),(99,120,24,'0000-00-00',1,'12500',1),(100,121,29,'0000-00-00',1,'6000',1),(101,122,26,'0000-00-00',1,'25000',0),(102,122,0,'0000-00-00',0,'',0),(103,123,28,'0000-00-00',1,'12500',1),(104,124,27,'0000-00-00',1,'12500',0),(105,124,27,'0000-00-00',2,'10000',0),(106,125,30,'0000-00-00',1,'12500',1),(107,125,30,'0000-00-00',2,'10000',1),(108,126,30,'0000-00-00',1,'25000',0),(109,126,30,'0000-00-00',2,'20000',0),(110,127,28,'0000-00-00',1,'25000',0),(111,127,28,'0000-00-00',2,'20000',0),(112,129,31,'0000-00-00',1,'25000',0),(113,129,31,'0000-00-00',2,'20000',0),(114,130,26,'0000-00-00',1,'12500',0),(115,130,26,'0000-00-00',2,'10000',0),(116,114,13,'0000-00-00',1,'25000',0),(117,114,13,'0000-00-00',2,'20000',0),(118,119,13,'0000-00-00',2,'10000',0),(119,120,24,'0000-00-00',2,'10000',1),(120,122,26,'0000-00-00',2,'20000',0),(121,123,28,'0000-00-00',2,'10000',1),(122,131,32,'0000-00-00',1,'6000',1),(123,131,32,'0000-00-00',2,'5000',1),(124,132,20,'0000-00-00',1,'12500',0),(125,132,20,'0000-00-00',2,'10000',0),(126,133,33,'0000-00-00',1,'25000',0),(127,133,33,'0000-00-00',2,'20000',0),(128,134,23,'0000-00-00',1,'25000',0),(129,134,23,'0000-00-00',2,'20000',0),(130,135,31,'0000-00-00',1,'12500',0),(131,135,31,'0000-00-00',2,'10000',0),(132,136,14,'0000-00-00',1,'6000',1),(133,136,14,'0000-00-00',2,'5000',1),(134,137,34,'0000-00-00',1,'12500',1),(135,137,34,'0000-00-00',2,'10000',1),(136,138,34,'0000-00-00',1,'12500',1),(137,138,34,'0000-00-00',2,'10000',1),(138,139,34,'0000-00-00',1,'12500',1),(139,139,34,'0000-00-00',2,'10000',1),(140,140,34,'0000-00-00',1,'12500',1),(141,140,34,'0000-00-00',2,'10000',1),(142,141,35,'0000-00-00',1,'25000',0),(143,141,35,'0000-00-00',2,'20000',0),(144,142,36,'0000-00-00',1,'12500',0),(145,142,36,'0000-00-00',2,'10000',0),(146,143,31,'0000-00-00',1,'25000',0),(147,143,31,'0000-00-00',2,'20000',0),(148,144,37,'0000-00-00',1,'37500',0),(149,145,38,'0000-00-00',1,'25000',0),(150,145,38,'0000-00-00',2,'20000',0),(151,146,39,'0000-00-00',1,'75000',0),(152,147,19,'0000-00-00',1,'250000',0),(153,148,40,'0000-00-00',1,'25000',0),(154,149,18,'0000-00-00',1,'750000',0),(155,150,18,'0000-00-00',1,'750000',0),(156,151,18,'0000-00-00',1,'750000',0),(157,152,18,'0000-00-00',1,'750000',0),(158,153,18,'0000-00-00',1,'750000',0),(159,154,18,'0000-00-00',1,'750000',0),(160,155,18,'0000-00-00',1,'750000',0),(161,156,18,'0000-00-00',1,'750000',0),(162,157,18,'0000-00-00',1,'750000',0),(163,158,18,'0000-00-00',1,'750000',0),(164,159,41,'0000-00-00',1,'600000',0),(165,160,41,'0000-00-00',1,'600000',0),(166,161,41,'0000-00-00',1,'600000',0),(167,162,41,'0000-00-00',1,'600000',0),(168,163,41,'0000-00-00',1,'600000',0),(169,164,41,'0000-00-00',1,'600000',0),(170,165,41,'0000-00-00',1,'600000',0),(171,166,41,'0000-00-00',1,'600000',0),(172,167,42,'0000-00-00',1,'25000',0),(173,168,43,'0000-00-00',1,'3750000',0),(174,169,19,'0000-00-00',1,'37500',0),(175,170,18,'0000-00-00',1,'37500',0),(176,171,44,'0000-00-00',1,'75000',0),(177,172,39,'0000-00-00',1,'500000',0),(178,173,45,'0000-00-00',1,'300000',0),(179,182,46,'0000-00-00',1,'2250000',1),(180,183,14,'0000-00-00',1,'',1),(181,184,18,'0000-00-00',1,'',1),(182,185,18,'0000-00-00',1,'',1),(183,186,15,'0000-00-00',1,'12500',1),(184,187,17,'0000-00-00',1,'6000',1),(185,188,23,'0000-00-00',1,'12500',1),(186,189,24,'0000-00-00',1,'12500',1),(187,190,28,'0000-00-00',1,'12500',1),(188,191,28,'0000-00-00',1,'12500',1),(189,192,28,'0000-00-00',1,'12500',1),(190,193,28,'0000-00-00',1,'12500',1),(191,194,47,'0000-00-00',1,'12500',1),(192,195,35,'0000-00-00',1,'12500',1),(193,196,48,'0000-00-00',1,'12500',1),(194,197,49,'0000-00-00',1,'6000',1),(195,67,13,'0000-00-00',1,'12500',1),(196,67,13,'0000-00-00',2,'5000',1),(197,67,13,'0000-00-00',3,'5000',1);

/*Table structure for table `paidtocounseltablelog` */

DROP TABLE IF EXISTS `paidtocounseltablelog`;

CREATE TABLE `paidtocounseltablelog` (
  `PaidtoCounselTableLog_PK` int(11) NOT NULL AUTO_INCREMENT,
  `UserId` int(200) NOT NULL,
  `DateTime` timestamp NOT NULL DEFAULT CURRENT_TIMESTAMP,
  `Action` varchar(10) NOT NULL,
  `PaidToCounsel_Id` int(200) NOT NULL,
  `CaseCounsels_Id` int(200) NOT NULL,
  PRIMARY KEY (`PaidtoCounselTableLog_PK`)
) ENGINE=InnoDB AUTO_INCREMENT=268 DEFAULT CHARSET=latin1;

/*Data for the table `paidtocounseltablelog` */

insert  into `paidtocounseltablelog`(`PaidtoCounselTableLog_PK`,`UserId`,`DateTime`,`Action`,`PaidToCounsel_Id`,`CaseCounsels_Id`) values (1,1,'2018-03-01 07:32:03','E',53,0),(2,1,'2018-03-01 07:32:12','E',53,0),(3,1,'2018-03-01 07:32:41','E',53,0),(4,1,'2018-03-01 07:33:52','E',53,0),(5,1,'2018-03-01 07:35:10','E',53,0),(6,1,'2018-03-01 07:35:38','E',53,0),(7,1,'2018-03-01 07:38:44','I',54,0),(8,1,'2018-03-01 07:38:53','D',53,0),(9,1,'2018-03-01 07:39:28','E',54,0),(10,1,'2018-03-01 07:40:52','E',54,0),(11,1,'2018-03-01 07:41:07','E',54,0),(12,1,'2018-03-01 07:41:10','E',54,0),(13,1,'2018-03-01 07:41:23','I',55,0),(14,1,'2018-03-01 07:41:30','D',55,0),(15,1,'2018-03-01 07:48:39','E',54,0),(16,1,'2018-03-01 07:49:35','E',54,0),(17,1,'2018-03-01 07:51:00','E',54,0),(18,1,'2018-03-01 07:51:32','E',54,0),(19,1,'2018-03-01 08:49:20','E',54,0),(20,1,'2018-03-01 08:49:35','I',56,0),(21,1,'2018-03-01 08:50:23','I',57,0),(22,1,'2018-03-01 08:51:16','E',56,0),(23,1,'2018-03-01 08:51:20','D',56,0),(24,1,'2018-03-01 08:51:20','D',57,0),(25,1,'2018-03-01 08:52:04','E',54,0),(26,1,'2018-03-11 15:54:27','I',58,0),(27,1,'2018-05-31 07:50:41','I',59,0),(28,1,'2018-05-31 07:50:42','I',60,0),(29,1,'2018-05-31 07:50:48','D',60,0),(30,1,'2018-05-31 07:50:58','E',59,0),(31,1,'2018-05-31 07:51:46','E',59,0),(32,1,'2018-05-31 07:51:54','E',59,0),(33,1,'2018-06-01 05:42:42','I',61,0),(34,1,'2018-06-01 05:43:46','I',62,0),(35,1,'2018-06-01 06:19:55','E',61,0),(36,1,'2018-06-01 06:19:59','E',61,0),(37,1,'2018-06-01 06:47:05','D',59,0),(38,1,'2018-06-01 07:14:11','D',62,0),(39,1,'2018-06-01 07:14:13','D',61,0),(40,1,'2018-06-01 07:15:10','I',63,0),(41,1,'2018-06-01 07:15:41','I',64,0),(42,1,'2018-06-01 07:19:46','I',65,0),(43,1,'2018-06-01 07:19:49','E',65,0),(44,1,'2018-06-01 07:20:36','I',66,0),(45,1,'2018-06-01 07:29:23','I',67,0),(46,1,'2018-06-01 07:37:33','I',68,0),(47,1,'2018-06-01 07:37:34','I',69,0),(48,1,'2018-06-01 07:37:37','D',69,0),(49,1,'2018-06-06 07:05:04','E',63,0),(50,1,'2018-06-06 07:05:13','E',64,0),(51,1,'2018-06-07 06:32:50','I',70,0),(52,1,'2018-06-07 06:33:15','E',70,0),(53,1,'2018-06-07 06:33:17','E',70,0),(54,1,'2018-06-07 06:41:38','I',71,0),(55,1,'2018-06-07 06:41:50','E',71,0),(56,1,'2018-06-07 06:42:53','E',71,0),(57,1,'2018-06-07 06:45:39','E',71,0),(58,1,'2018-06-07 06:54:13','I',72,0),(59,1,'2018-06-07 07:07:23','I',73,0),(60,1,'2018-06-07 07:07:45','I',74,0),(61,1,'2018-06-07 07:08:24','E',73,0),(62,1,'2018-06-07 07:14:16','I',75,0),(63,1,'2018-06-07 07:14:21','E',75,0),(64,1,'2018-06-07 07:14:35','I',76,0),(65,1,'2018-06-13 06:47:54','I',77,0),(66,1,'2018-06-13 06:48:12','I',78,0),(67,1,'2018-06-13 07:02:05','I',79,0),(68,1,'2018-06-13 07:02:16','I',80,0),(69,1,'2018-06-13 07:06:05','I',81,0),(70,1,'2018-06-13 07:06:17','I',82,0),(71,1,'2018-06-13 07:11:55','I',83,0),(72,1,'2018-06-13 07:21:01','I',84,0),(73,1,'2018-06-13 07:21:10','E',84,0),(74,1,'2018-06-13 07:26:41','I',85,0),(75,1,'2018-06-13 07:29:46','I',86,0),(76,1,'2018-06-13 07:33:56','I',87,0),(77,1,'2018-06-13 07:41:16','I',88,0),(78,1,'2018-06-13 07:46:27','I',89,0),(79,1,'2018-06-13 08:03:03','I',90,0),(80,1,'2018-07-10 10:16:14','I',91,0),(81,1,'2018-07-10 10:16:48','I',92,0),(82,1,'2018-07-11 08:19:17','I',93,0),(83,1,'2018-07-11 08:19:28','I',94,0),(84,1,'2018-07-11 08:32:01','I',95,0),(85,1,'2018-07-11 08:32:12','I',96,0),(86,1,'2018-07-12 01:21:05','I',97,0),(87,1,'2018-07-12 01:22:48','I',98,0),(88,1,'2018-07-12 01:39:13','I',99,0),(89,1,'2018-07-12 01:58:41','I',100,0),(90,1,'2018-07-12 02:10:52','I',101,0),(91,1,'2018-07-12 02:12:05','I',102,0),(92,1,'2018-07-12 02:13:27','I',103,0),(93,1,'2018-07-12 04:42:12','I',104,0),(94,1,'2018-07-12 04:42:52','I',105,0),(95,1,'2018-07-12 04:55:36','I',106,0),(96,1,'2018-07-12 04:56:05','I',107,0),(97,1,'2018-07-12 05:09:59','I',108,0),(98,1,'2018-07-12 05:10:21','I',109,0),(99,1,'2018-07-12 05:16:02','I',110,0),(100,1,'2018-07-12 05:16:42','I',111,0),(101,1,'2018-07-12 05:48:37','I',112,0),(102,1,'2018-07-12 05:48:51','I',113,0),(103,1,'2018-07-12 05:58:45','I',114,0),(104,1,'2018-07-12 05:59:09','I',115,0),(105,1,'2018-07-12 07:03:39','I',116,0),(106,1,'2018-07-12 07:03:53','I',117,0),(107,1,'2018-07-12 07:08:22','D',98,0),(108,1,'2018-07-12 07:08:35','I',118,0),(109,1,'2018-07-12 07:12:57','I',119,0),(110,1,'2018-07-12 07:20:51','D',102,0),(111,1,'2018-07-12 07:21:48','I',120,0),(112,1,'2018-07-12 07:25:13','I',121,0),(113,1,'2018-07-18 07:05:07','I',122,0),(114,1,'2018-07-18 07:05:57','I',123,0),(115,1,'2018-07-18 07:06:27','E',122,0),(116,1,'2018-07-18 07:20:55','I',124,0),(117,1,'2018-07-18 07:21:11','I',125,0),(118,1,'2018-07-18 07:33:29','I',126,0),(119,1,'2018-07-18 07:35:36','I',127,0),(120,1,'2018-07-18 07:43:00','I',128,0),(121,1,'2018-07-18 07:43:26','I',129,0),(122,1,'2018-07-18 07:54:23','I',130,0),(123,1,'2018-07-18 07:54:56','I',131,0),(124,1,'2018-07-18 08:04:20','I',132,0),(125,1,'2018-07-18 08:04:38','I',133,0),(126,1,'2018-07-18 09:37:15','I',134,0),(127,1,'2018-07-18 09:37:28','I',135,0),(128,1,'2018-07-18 09:41:09','I',136,0),(129,1,'2018-07-18 09:41:19','I',137,0),(130,1,'2018-07-18 09:44:01','I',138,0),(131,1,'2018-07-18 09:44:13','I',139,0),(132,1,'2018-07-18 09:46:45','I',140,0),(133,1,'2018-07-18 09:46:56','I',141,0),(134,1,'2018-07-18 09:51:21','I',142,0),(135,1,'2018-07-18 09:51:31','I',143,0),(136,1,'2018-07-18 09:58:42','I',144,0),(137,1,'2018-07-18 09:58:54','I',145,0),(138,1,'2018-07-18 10:03:51','I',146,0),(139,1,'2018-07-18 10:04:02','I',147,0),(140,1,'2018-07-24 06:26:54','I',148,0),(141,1,'2018-07-24 06:33:26','I',149,0),(142,1,'2018-07-24 06:33:40','I',150,0),(143,1,'2018-07-24 06:55:11','I',151,0),(144,1,'2018-07-24 06:59:36','I',152,0),(145,1,'2018-07-24 07:06:14','I',153,0),(146,1,'2018-07-24 07:11:50','I',154,0),(147,1,'2018-07-26 09:30:01','I',155,0),(148,1,'2018-07-26 09:32:25','I',156,0),(149,1,'2018-07-26 09:36:51','I',157,0),(150,1,'2018-07-26 09:39:53','I',158,0),(151,1,'2018-07-26 09:49:13','I',159,0),(152,1,'2018-07-26 09:51:13','I',160,0),(153,1,'2018-07-26 09:52:58','I',161,0),(154,1,'2018-07-26 09:55:20','I',162,0),(155,1,'2018-07-26 09:57:07','I',163,0),(156,1,'2018-07-26 09:59:14','I',164,0),(157,1,'2018-07-26 10:02:25','E',164,0),(158,1,'2018-07-26 10:05:54','I',165,0),(159,1,'2018-07-26 10:06:30','E',164,0),(160,1,'2018-07-26 10:08:24','I',166,0),(161,1,'2018-07-26 10:10:06','I',167,0),(162,1,'2018-07-26 10:12:17','I',168,0),(163,1,'2018-07-26 10:14:33','I',169,0),(164,1,'2018-07-26 10:16:53','I',170,0),(165,1,'2018-07-26 10:21:41','I',171,0),(166,1,'2018-07-26 10:26:53','I',172,0),(167,1,'2018-07-26 10:33:50','I',173,0),(168,1,'2018-07-27 06:23:23','I',174,0),(169,1,'2018-07-27 06:28:59','I',175,0),(170,1,'2018-07-27 06:35:23','I',176,0),(171,1,'2018-07-27 06:35:33','E',176,0),(172,1,'2018-07-27 06:50:29','I',177,0),(173,1,'2018-07-27 07:13:25','I',178,0),(174,1,'2018-07-27 07:40:51','I',179,0),(175,1,'2018-07-27 07:44:25','I',180,0),(176,1,'2018-07-27 07:48:31','I',181,0),(177,1,'2018-07-27 07:50:46','I',182,0),(178,1,'2018-07-31 06:54:58','I',183,0),(179,1,'2018-07-31 06:58:02','I',184,0),(180,1,'2018-07-31 07:02:27','I',185,0),(181,1,'2018-07-31 07:05:37','I',186,0),(182,1,'2018-07-31 07:09:20','I',187,0),(183,1,'2018-07-31 07:19:59','I',188,0),(184,1,'2018-07-31 07:24:40','I',189,0),(185,1,'2018-07-31 07:29:29','I',190,0),(186,1,'2018-07-31 07:39:52','I',191,0),(187,1,'2018-07-31 07:42:36','I',192,0),(188,1,'2018-07-31 07:59:56','I',193,0),(189,1,'2018-07-31 08:06:16','I',194,0),(190,1,'2018-08-02 06:53:17','D',64,0),(191,1,'2018-08-02 06:53:19','D',63,0),(192,1,'2018-08-02 06:53:30','D',77,0),(193,1,'2018-08-02 06:53:31','D',78,0),(194,1,'2018-08-02 06:53:45','D',83,0),(195,1,'2018-08-02 06:54:31','D',84,0),(196,1,'2018-08-02 06:54:54','D',86,0),(197,1,'2018-08-02 06:55:04','D',87,0),(198,1,'2018-08-02 06:55:14','D',90,0),(199,1,'2018-08-02 06:55:52','D',91,0),(200,1,'2018-08-02 06:55:52','D',92,0),(201,1,'2018-08-02 06:56:13','D',93,0),(202,1,'2018-08-02 06:56:14','D',94,0),(203,1,'2018-08-02 06:56:37','D',116,0),(204,1,'2018-08-02 06:56:37','D',117,0),(205,1,'2018-08-02 06:56:48','D',97,0),(206,1,'2018-08-02 06:56:49','D',118,0),(207,1,'2018-08-02 06:56:59','D',101,0),(208,1,'2018-08-02 06:57:00','D',101,0),(209,1,'2018-08-02 06:57:01','D',120,0),(210,1,'2018-08-02 06:57:22','D',104,0),(211,1,'2018-08-02 06:57:23','D',105,0),(212,1,'2018-08-02 06:57:33','D',108,0),(213,1,'2018-08-02 06:57:34','D',109,0),(214,1,'2018-08-02 06:57:51','D',110,0),(215,1,'2018-08-02 06:57:52','D',111,0),(216,1,'2018-08-02 06:58:53','D',112,0),(217,1,'2018-08-02 06:58:53','D',113,0),(218,1,'2018-08-02 06:59:33','D',114,0),(219,1,'2018-08-02 06:59:33','D',115,0),(220,1,'2018-08-02 06:59:50','D',124,0),(221,1,'2018-08-02 06:59:51','D',125,0),(222,1,'2018-08-02 06:59:58','D',126,0),(223,1,'2018-08-02 06:59:59','D',127,0),(224,1,'2018-08-02 07:00:07','D',128,0),(225,1,'2018-08-02 07:00:07','D',129,0),(226,1,'2018-08-02 07:00:17','D',130,0),(227,1,'2018-08-02 07:00:18','D',131,0),(228,1,'2018-08-02 07:00:44','D',142,0),(229,1,'2018-08-02 07:00:44','D',143,0),(230,1,'2018-08-02 07:00:56','D',144,0),(231,1,'2018-08-02 07:00:56','D',145,0),(232,1,'2018-08-02 07:01:10','D',146,0),(233,1,'2018-08-02 07:01:11','D',147,0),(234,1,'2018-08-02 07:01:47','D',148,0),(235,1,'2018-08-02 07:02:15','D',149,0),(236,1,'2018-08-02 07:02:16','D',150,0),(237,1,'2018-08-02 07:02:34','D',151,0),(238,1,'2018-08-02 07:04:02','D',152,0),(239,1,'2018-08-02 07:04:40','D',156,0),(240,1,'2018-08-02 07:04:47','D',155,0),(241,1,'2018-08-02 07:04:55','D',154,0),(242,1,'2018-08-02 07:05:04','D',153,0),(243,1,'2018-08-02 07:05:36','D',157,0),(244,1,'2018-08-02 07:05:44','D',158,0),(245,1,'2018-08-02 07:05:54','D',159,0),(246,1,'2018-08-02 07:06:00','D',160,0),(247,1,'2018-08-02 07:06:09','D',161,0),(248,1,'2018-08-02 07:06:17','D',162,0),(249,1,'2018-08-02 07:06:23','D',163,0),(250,1,'2018-08-02 07:06:30','D',164,0),(251,1,'2018-08-02 07:06:38','D',165,0),(252,1,'2018-08-02 07:06:47','D',166,0),(253,1,'2018-08-02 07:07:23','D',167,0),(254,1,'2018-08-02 07:07:37','D',168,0),(255,1,'2018-08-02 07:07:51','D',169,0),(256,1,'2018-08-02 07:08:03','D',170,0),(257,1,'2018-08-02 07:08:09','D',171,0),(258,1,'2018-08-02 07:08:17','D',172,0),(259,1,'2018-08-02 07:08:24','D',173,0),(260,1,'2018-08-02 07:08:32','D',174,0),(261,1,'2018-08-02 07:08:38','D',175,0),(262,1,'2018-08-02 07:08:45','D',176,0),(263,1,'2018-08-02 07:08:53','D',177,0),(264,1,'2018-08-02 07:09:00','D',178,0),(265,1,'2018-09-18 09:11:47','I',195,0),(266,1,'2018-09-18 09:12:08','I',196,0),(267,1,'2018-09-18 09:12:32','I',197,0);

/*Table structure for table `rectifier` */

DROP TABLE IF EXISTS `rectifier`;

CREATE TABLE `rectifier` (
  `RectifierId` int(11) NOT NULL AUTO_INCREMENT,
  `Rectifier_Description` varchar(50) NOT NULL,
  `Rectifier_Voltage` int(20) NOT NULL,
  `Rectifier_SubVoltage` int(20) NOT NULL,
  `Rectifier_Current` int(20) NOT NULL,
  `Rectifier_Float` int(20) NOT NULL,
  `GridId` int(20) NOT NULL,
  `AC_Input` int(100) NOT NULL,
  `DC_Input` int(100) NOT NULL,
  `Make` varchar(100) NOT NULL,
  `Type` varchar(100) NOT NULL,
  `DateOfCommission` date NOT NULL,
  `ManufacturingYear` int(30) NOT NULL,
  PRIMARY KEY (`RectifierId`)
) ENGINE=InnoDB AUTO_INCREMENT=7 DEFAULT CHARSET=latin1;

/*Data for the table `rectifier` */

insert  into `rectifier`(`RectifierId`,`Rectifier_Description`,`Rectifier_Voltage`,`Rectifier_SubVoltage`,`Rectifier_Current`,`Rectifier_Float`,`GridId`,`AC_Input`,`DC_Input`,`Make`,`Type`,`DateOfCommission`,`ManufacturingYear`) values (3,'4454',1,1,1,1,1,4534,5555,'5345','5434','1970-01-01',435),(4,'www',0,0,0,1,2,3,33,'4','4','0000-00-00',4),(5,'www',0,0,0,1,2,1,2,'3','4','0000-00-00',6),(6,'4454',0,1,1,1,1,435,4365,'436','43634','2017-07-18',344363);

/*Table structure for table `role` */

DROP TABLE IF EXISTS `role`;

CREATE TABLE `role` (
  `RoleId` int(11) NOT NULL AUTO_INCREMENT,
  `RoleName` varchar(250) NOT NULL,
  PRIMARY KEY (`RoleId`)
) ENGINE=InnoDB AUTO_INCREMENT=3 DEFAULT CHARSET=latin1;

/*Data for the table `role` */

insert  into `role`(`RoleId`,`RoleName`) values (1,'Role 1'),(2,'Role 2');

/*Table structure for table `smenu` */

DROP TABLE IF EXISTS `smenu`;

CREATE TABLE `smenu` (
  `smenuId` int(2) NOT NULL AUTO_INCREMENT,
  `smenuDesc` varchar(50) NOT NULL,
  `smenuURL` varchar(255) NOT NULL,
  `mmenuId` int(3) NOT NULL,
  `sOrder` int(3) DEFAULT NULL,
  `RecordStatus` tinyint(1) NOT NULL DEFAULT '1',
  PRIMARY KEY (`smenuId`,`mmenuId`)
) ENGINE=MyISAM AUTO_INCREMENT=20 DEFAULT CHARSET=latin1;

/*Data for the table `smenu` */

insert  into `smenu`(`smenuId`,`smenuDesc`,`smenuURL`,`mmenuId`,`sOrder`,`RecordStatus`) values (1,'Home','welcome.php',1,1,1),(2,'Change Password','changePassword.php',1,2,1),(3,'Logout','logout.php',1,3,1),(5,'Case','case.php',2,1,1),(6,'Hearings','hearings.php',2,3,0),(7,'Paid to counsel','PaidtoCounsel.php',2,4,1),(8,'Counsel','counsel.php',2,5,1),(9,'Court','court.php',2,7,1),(10,'Case Report','casesReport.php',3,8,1),(11,'User','users.php',4,1,1),(12,'Main Menu','mmenu.php',4,2,1),(13,'Sub Menu','smenu.php',4,3,1),(14,'User Rights','urights.php',4,4,1),(15,'Case Natures','casenatures.php',2,7,1),(17,'Case Detail','CaseComponentsConfiguration.php',2,2,1),(18,'Counsel Detail','CounselComponentsConfiguration.php',2,6,1),(19,'Audit Report','audit_report.php',3,2,1);

/*Table structure for table `smenutablelog` */

DROP TABLE IF EXISTS `smenutablelog`;

CREATE TABLE `smenutablelog` (
  `SmenuTableLog_PK` int(11) NOT NULL AUTO_INCREMENT,
  `UserId` int(200) NOT NULL,
  `DateTime` timestamp NOT NULL DEFAULT CURRENT_TIMESTAMP,
  `Action` varchar(10) NOT NULL,
  `smenuId` int(200) NOT NULL,
  PRIMARY KEY (`SmenuTableLog_PK`)
) ENGINE=InnoDB AUTO_INCREMENT=15 DEFAULT CHARSET=latin1;

/*Data for the table `smenutablelog` */

insert  into `smenutablelog`(`SmenuTableLog_PK`,`UserId`,`DateTime`,`Action`,`smenuId`) values (1,1,'2018-03-03 07:33:28','E',1),(2,1,'2018-03-03 07:33:48','E',1),(3,1,'2018-03-03 07:34:18','E',1),(4,1,'2018-03-03 07:41:10','E',1),(5,1,'2018-03-03 07:41:29','E',1),(6,1,'2018-03-03 08:05:00','E',1),(7,1,'2018-03-03 08:05:32','E',1),(8,1,'2018-03-06 16:24:19','D',6),(9,1,'2018-03-26 06:41:27','I',18),(10,1,'2018-03-26 06:41:36','E',9),(11,1,'2018-03-26 06:41:42','E',10),(12,1,'2018-12-12 10:35:50','E',1),(13,1,'2019-08-22 12:31:43','I',19),(14,1,'2019-08-22 15:02:01','E',19);

/*Table structure for table `testtable1` */

DROP TABLE IF EXISTS `testtable1`;

CREATE TABLE `testtable1` (
  `testtable1PK` int(11) NOT NULL AUTO_INCREMENT,
  `name` varchar(250) NOT NULL,
  PRIMARY KEY (`testtable1PK`)
) ENGINE=InnoDB AUTO_INCREMENT=2 DEFAULT CHARSET=latin1;

/*Data for the table `testtable1` */

insert  into `testtable1`(`testtable1PK`,`name`) values (1,'abc');

/*Table structure for table `testtable2` */

DROP TABLE IF EXISTS `testtable2`;

CREATE TABLE `testtable2` (
  `testtable2PK` int(11) NOT NULL AUTO_INCREMENT,
  `name2` varchar(250) NOT NULL,
  PRIMARY KEY (`testtable2PK`)
) ENGINE=InnoDB AUTO_INCREMENT=4374 DEFAULT CHARSET=latin1;

/*Data for the table `testtable2` */

insert  into `testtable2`(`testtable2PK`,`name2`) values (1,'nn'),(2,'abc'),(3,'abc'),(4,'abc'),(5,'abc'),(6,'abc'),(7,'abc'),(8,'abc'),(9,'abc'),(10,'abc'),(11,'abc'),(12,'abc'),(13,'abc'),(14,'abc'),(15,'abc'),(16,'abc'),(17,'abc'),(18,'abc'),(19,'abc'),(20,'abc'),(21,'abc'),(22,'abc'),(23,'abc'),(24,'abc'),(25,'abc'),(26,'abc'),(27,'abc'),(28,'abc'),(29,'abc'),(30,'abc'),(31,'abc'),(32,'abc'),(33,'abc'),(34,'abc'),(35,'abc'),(36,'abc'),(37,'abc'),(38,'abc'),(39,'abc'),(40,'abc'),(41,'abc'),(42,'abc'),(43,'abc'),(44,'abc'),(45,'abc'),(46,'abc'),(47,'abc'),(48,'abc'),(49,'abc'),(50,'abc'),(51,'abc'),(52,'abc'),(53,'abc'),(54,'abc'),(55,'abc'),(56,'abc'),(57,'abc'),(58,'abc'),(59,'abc'),(60,'abc'),(61,'abc'),(62,'abc'),(63,'abc'),(64,'abc'),(65,'abc'),(66,'abc'),(67,'abc'),(68,'abc'),(69,'abc'),(70,'abc'),(71,'abc'),(72,'abc'),(73,'abc'),(74,'abc'),(75,'abc'),(76,'abc'),(77,'abc'),(78,'abc'),(79,'abc'),(80,'abc'),(81,'abc'),(82,'abc'),(83,'abc'),(84,'abc'),(85,'abc'),(86,'abc'),(87,'abc'),(88,'abc'),(89,'abc'),(90,'abc'),(91,'abc'),(92,'abc'),(93,'abc'),(94,'abc'),(95,'abc'),(96,'abc'),(97,'abc'),(98,'abc'),(99,'abc'),(100,'abc'),(101,'abc'),(102,'abc'),(103,'abc'),(104,'abc'),(105,'abc'),(106,'abc'),(107,'abc'),(108,'abc'),(109,'abc'),(110,'abc'),(111,'abc'),(112,'abc'),(113,'abc'),(114,'abc'),(115,'abc'),(116,'abc'),(117,'abc'),(118,'abc'),(119,'abc'),(120,'abc'),(121,'abc'),(122,'abc'),(123,'abc'),(124,'abc'),(125,'abc'),(126,'abc'),(127,'abc'),(128,'abc'),(129,'abc'),(130,'abc'),(131,'abc'),(132,'abc'),(133,'abc'),(134,'abc'),(135,'abc'),(136,'abc'),(137,'abc'),(138,'abc'),(139,'abc'),(140,'abc'),(141,'abc'),(142,'abc'),(143,'abc'),(144,'abc'),(145,'abc'),(146,'abc'),(147,'abc'),(148,'abc'),(149,'abc'),(150,'abc'),(151,'abc'),(152,'abc'),(153,'abc'),(154,'abc'),(155,'abc'),(156,'abc'),(157,'abc'),(158,'abc'),(159,'abc'),(160,'abc'),(161,'abc'),(162,'abc'),(163,'abc'),(164,'abc'),(165,'abc'),(166,'abc'),(167,'abc'),(168,'abc'),(169,'abc'),(170,'abc'),(171,'abc'),(172,'abc'),(173,'abc'),(174,'abc'),(175,'abc'),(176,'abc'),(177,'abc'),(178,'abc'),(179,'abc'),(180,'abc'),(181,'abc'),(182,'abc'),(183,'abc'),(184,'abc'),(185,'abc'),(186,'abc'),(187,'abc'),(188,'abc'),(189,'abc'),(190,'abc'),(191,'abc'),(192,'abc'),(193,'abc'),(194,'abc'),(195,'abc'),(196,'abc'),(197,'abc'),(198,'abc'),(199,'abc'),(200,'abc'),(201,'abc'),(202,'abc'),(203,'abc'),(204,'abc'),(205,'abc'),(206,'abc'),(207,'abc'),(208,'abc'),(209,'abc'),(210,'abc'),(211,'abc'),(212,'abc'),(213,'abc'),(214,'abc'),(215,'abc'),(216,'abc'),(217,'abc'),(218,'abc'),(219,'abc'),(220,'abc'),(221,'abc'),(222,'abc'),(223,'abc'),(224,'abc'),(225,'abc'),(226,'abc'),(227,'abc'),(228,'abc'),(229,'abc'),(230,'abc'),(231,'abc'),(232,'abc'),(233,'abc'),(234,'abc'),(235,'abc'),(236,'abc'),(237,'abc'),(238,'abc'),(239,'abc'),(240,'abc'),(241,'abc'),(242,'abc'),(243,'abc'),(244,'abc'),(245,'abc'),(246,'abc'),(247,'abc'),(248,'abc'),(249,'abc'),(250,'abc'),(251,'abc'),(252,'abc'),(253,'abc'),(254,'abc'),(255,'abc'),(256,'abc'),(257,'abc'),(258,'abc'),(259,'abc'),(260,'abc'),(261,'abc'),(262,'abc'),(263,'abc'),(264,'abc'),(265,'abc'),(266,'abc'),(267,'abc'),(268,'abc'),(269,'abc'),(270,'abc'),(271,'abc'),(272,'abc'),(273,'abc'),(274,'abc'),(275,'abc'),(276,'abc'),(277,'abc'),(278,'abc'),(279,'abc'),(280,'abc'),(281,'abc'),(282,'abc'),(283,'abc'),(284,'abc'),(285,'abc'),(286,'abc'),(287,'abc'),(288,'abc'),(289,'abc'),(290,'abc'),(291,'abc'),(292,'abc'),(293,'abc'),(294,'abc'),(295,'abc'),(296,'abc'),(297,'abc'),(298,'abc'),(299,'abc'),(300,'abc'),(301,'abc'),(302,'abc'),(303,'abc'),(304,'abc'),(305,'abc'),(306,'abc'),(307,'abc'),(308,'abc'),(309,'abc'),(310,'abc'),(311,'abc'),(312,'abc'),(313,'abc'),(314,'abc'),(315,'abc'),(316,'abc'),(317,'abc'),(318,'abc'),(319,'abc'),(320,'abc'),(321,'abc'),(322,'abc'),(323,'abc'),(324,'abc'),(325,'abc'),(326,'abc'),(327,'abc'),(328,'abc'),(329,'abc'),(330,'abc'),(331,'abc'),(332,'abc'),(333,'abc'),(334,'abc'),(335,'abc'),(336,'abc'),(337,'abc'),(338,'abc'),(339,'abc'),(340,'abc'),(341,'abc'),(342,'abc'),(343,'abc'),(344,'abc'),(345,'abc'),(346,'abc'),(347,'abc'),(348,'abc'),(349,'abc'),(350,'abc'),(351,'abc'),(352,'abc'),(353,'abc'),(354,'abc'),(355,'abc'),(356,'abc'),(357,'abc'),(358,'abc'),(359,'abc'),(360,'abc'),(361,'abc'),(362,'abc'),(363,'abc'),(364,'abc'),(365,'abc'),(366,'abc'),(367,'abc'),(368,'abc'),(369,'abc'),(370,'abc'),(371,'abc'),(372,'abc'),(373,'abc'),(374,'abc'),(375,'abc'),(376,'abc'),(377,'abc'),(378,'abc'),(379,'abc'),(380,'abc'),(381,'abc'),(382,'abc'),(383,'abc'),(384,'abc'),(385,'abc'),(386,'abc'),(387,'abc'),(388,'abc'),(389,'abc'),(390,'abc'),(391,'abc'),(392,'abc'),(393,'abc'),(394,'abc'),(395,'abc'),(396,'abc'),(397,'abc'),(398,'abc'),(399,'abc'),(400,'abc'),(401,'abc'),(402,'abc'),(403,'abc'),(404,'abc'),(405,'abc'),(406,'abc'),(407,'abc'),(408,'abc'),(409,'abc'),(410,'abc'),(411,'abc'),(412,'abc'),(413,'abc'),(414,'abc'),(415,'abc'),(416,'abc'),(417,'abc'),(418,'abc'),(419,'abc'),(420,'abc'),(421,'abc'),(422,'abc'),(423,'abc'),(424,'abc'),(425,'abc'),(426,'abc'),(427,'abc'),(428,'abc'),(429,'abc'),(430,'abc'),(431,'abc'),(432,'abc'),(433,'abc'),(434,'abc'),(435,'abc'),(436,'abc'),(437,'abc'),(438,'abc'),(439,'abc'),(440,'abc'),(441,'abc'),(442,'abc'),(443,'abc'),(444,'abc'),(445,'abc'),(446,'abc'),(447,'abc'),(448,'abc'),(449,'abc'),(450,'abc'),(451,'abc'),(452,'abc'),(453,'abc'),(454,'abc'),(455,'abc'),(456,'abc'),(457,'abc'),(458,'abc'),(459,'abc'),(460,'abc'),(461,'abc'),(462,'abc'),(463,'abc'),(464,'abc'),(465,'abc'),(466,'abc'),(467,'abc'),(468,'abc'),(469,'abc'),(470,'abc'),(471,'abc'),(472,'abc'),(473,'abc'),(474,'abc'),(475,'abc'),(476,'abc'),(477,'abc'),(478,'abc'),(479,'abc'),(480,'abc'),(481,'abc'),(482,'abc'),(483,'abc'),(484,'abc'),(485,'abc'),(486,'abc'),(487,'abc'),(488,'abc'),(489,'abc'),(490,'abc'),(491,'abc'),(492,'abc'),(493,'abc'),(494,'abc'),(495,'abc'),(496,'abc'),(497,'abc'),(498,'abc'),(499,'abc'),(500,'abc'),(501,'abc'),(502,'abc'),(503,'abc'),(504,'abc'),(505,'abc'),(506,'abc'),(507,'abc'),(508,'abc'),(509,'abc'),(510,'abc'),(511,'abc'),(512,'abc'),(513,'abc'),(514,'abc'),(515,'abc'),(516,'abc'),(517,'abc'),(518,'abc'),(519,'abc'),(520,'abc'),(521,'abc'),(522,'abc'),(523,'abc'),(524,'abc'),(525,'abc'),(526,'abc'),(527,'abc'),(528,'abc'),(529,'abc'),(530,'abc'),(531,'abc'),(532,'abc'),(533,'abc'),(534,'abc'),(535,'abc'),(536,'abc'),(537,'abc'),(538,'abc'),(539,'abc'),(540,'abc'),(541,'abc'),(542,'abc'),(543,'abc'),(544,'abc'),(545,'abc'),(546,'abc'),(547,'abc'),(548,'abc'),(549,'abc'),(550,'abc'),(551,'abc'),(552,'abc'),(553,'abc'),(554,'abc'),(555,'abc'),(556,'abc'),(557,'abc'),(558,'abc'),(559,'abc'),(560,'abc'),(561,'abc'),(562,'abc'),(563,'abc'),(564,'abc'),(565,'abc'),(566,'abc'),(567,'abc'),(568,'abc'),(569,'abc'),(570,'abc'),(571,'abc'),(572,'abc'),(573,'abc'),(574,'abc'),(575,'abc'),(576,'abc'),(577,'abc'),(578,'abc'),(579,'abc'),(580,'abc'),(581,'abc'),(582,'abc'),(583,'abc'),(584,'abc'),(585,'abc'),(586,'abc'),(587,'abc'),(588,'abc'),(589,'abc'),(590,'abc'),(591,'abc'),(592,'abc'),(593,'abc'),(594,'abc'),(595,'abc'),(596,'abc'),(597,'abc'),(598,'abc'),(599,'abc'),(600,'abc'),(601,'abc'),(602,'abc'),(603,'abc'),(604,'abc'),(605,'abc'),(606,'abc'),(607,'abc'),(608,'abc'),(609,'abc'),(610,'abc'),(611,'abc'),(612,'abc'),(613,'abc'),(614,'abc'),(615,'abc'),(616,'abc'),(617,'abc'),(618,'abc'),(619,'abc'),(620,'abc'),(621,'abc'),(622,'abc'),(623,'abc'),(624,'abc'),(625,'abc'),(626,'abc'),(627,'abc'),(628,'abc'),(629,'abc'),(630,'abc'),(631,'abc'),(632,'abc'),(633,'abc'),(634,'abc'),(635,'abc'),(636,'abc'),(637,'abc'),(638,'abc'),(639,'abc'),(640,'abc'),(641,'abc'),(642,'abc'),(643,'abc'),(644,'abc'),(645,'abc'),(646,'abc'),(647,'abc'),(648,'abc'),(649,'abc'),(650,'abc'),(651,'abc'),(652,'abc'),(653,'abc'),(654,'abc'),(655,'abc'),(656,'abc'),(657,'abc'),(658,'abc'),(659,'abc'),(660,'abc'),(661,'abc'),(662,'abc'),(663,'abc'),(664,'abc'),(665,'abc'),(666,'abc'),(667,'abc'),(668,'abc'),(669,'abc'),(670,'abc'),(671,'abc'),(672,'abc'),(673,'abc'),(674,'abc'),(675,'abc'),(676,'abc'),(677,'abc'),(678,'abc'),(679,'abc'),(680,'abc'),(681,'abc'),(682,'abc'),(683,'abc'),(684,'abc'),(685,'abc'),(686,'abc'),(687,'abc'),(688,'abc'),(689,'abc'),(690,'abc'),(691,'abc'),(692,'abc'),(693,'abc'),(694,'abc'),(695,'abc'),(696,'abc'),(697,'abc'),(698,'abc'),(699,'abc'),(700,'abc'),(701,'abc'),(702,'abc'),(703,'abc'),(704,'abc'),(705,'abc'),(706,'abc'),(707,'abc'),(708,'abc'),(709,'abc'),(710,'abc'),(711,'abc'),(712,'abc'),(713,'abc'),(714,'abc'),(715,'abc'),(716,'abc'),(717,'abc'),(718,'abc'),(719,'abc'),(720,'abc'),(721,'abc'),(722,'abc'),(723,'abc'),(724,'abc'),(725,'abc'),(726,'abc'),(727,'abc'),(728,'abc'),(729,'abc'),(730,'abc'),(731,'abc'),(732,'abc'),(733,'abc'),(734,'abc'),(735,'abc'),(736,'abc'),(737,'abc'),(738,'abc'),(739,'abc'),(740,'abc'),(741,'abc'),(742,'abc'),(743,'abc'),(744,'abc'),(745,'abc'),(746,'abc'),(747,'abc'),(748,'abc'),(749,'abc'),(750,'abc'),(751,'abc'),(752,'abc'),(753,'abc'),(754,'abc'),(755,'abc'),(756,'abc'),(757,'abc'),(758,'abc'),(759,'abc'),(760,'abc'),(761,'abc'),(762,'abc'),(763,'abc'),(764,'abc'),(765,'abc'),(766,'abc'),(767,'abc'),(768,'abc'),(769,'abc'),(770,'abc'),(771,'abc'),(772,'abc'),(773,'abc'),(774,'abc'),(775,'abc'),(776,'abc'),(777,'abc'),(778,'abc'),(779,'abc'),(780,'abc'),(781,'abc'),(782,'abc'),(783,'abc'),(784,'abc'),(785,'abc'),(786,'abc'),(787,'abc'),(788,'abc'),(789,'abc'),(790,'abc'),(791,'abc'),(792,'abc'),(793,'abc'),(794,'abc'),(795,'abc'),(796,'abc'),(797,'abc'),(798,'abc'),(799,'abc'),(800,'abc'),(801,'abc'),(802,'abc'),(803,'abc'),(804,'abc'),(805,'abc'),(806,'abc'),(807,'abc'),(808,'abc'),(809,'abc'),(810,'abc'),(811,'abc'),(812,'abc'),(813,'abc'),(814,'abc'),(815,'abc'),(816,'abc'),(817,'abc'),(818,'abc'),(819,'abc'),(820,'abc'),(821,'abc'),(822,'abc'),(823,'abc'),(824,'abc'),(825,'abc'),(826,'abc'),(827,'abc'),(828,'abc'),(829,'abc'),(830,'abc'),(831,'abc'),(832,'abc'),(833,'abc'),(834,'abc'),(835,'abc'),(836,'abc'),(837,'abc'),(838,'abc'),(839,'abc'),(840,'abc'),(841,'abc'),(842,'abc'),(843,'abc'),(844,'abc'),(845,'abc'),(846,'abc'),(847,'abc'),(848,'abc'),(849,'abc'),(850,'abc'),(851,'abc'),(852,'abc'),(853,'abc'),(854,'abc'),(855,'abc'),(856,'abc'),(857,'abc'),(858,'abc'),(859,'abc'),(860,'abc'),(861,'abc'),(862,'abc'),(863,'abc'),(864,'abc'),(865,'abc'),(866,'abc'),(867,'abc'),(868,'abc'),(869,'abc'),(870,'abc'),(871,'abc'),(872,'abc'),(873,'abc'),(874,'abc'),(875,'abc'),(876,'abc'),(877,'abc'),(878,'abc'),(879,'abc'),(880,'abc'),(881,'abc'),(882,'abc'),(883,'abc'),(884,'abc'),(885,'abc'),(886,'abc'),(887,'abc'),(888,'abc'),(889,'abc'),(890,'abc'),(891,'abc'),(892,'abc'),(893,'abc'),(894,'abc'),(895,'abc'),(896,'abc'),(897,'abc'),(898,'abc'),(899,'abc'),(900,'abc'),(901,'abc'),(902,'abc'),(903,'abc'),(904,'abc'),(905,'abc'),(906,'abc'),(907,'abc'),(908,'abc'),(909,'abc'),(910,'abc'),(911,'abc'),(912,'abc'),(913,'abc'),(914,'abc'),(915,'abc'),(916,'abc'),(917,'abc'),(918,'abc'),(919,'abc'),(920,'abc'),(921,'abc'),(922,'abc'),(923,'abc'),(924,'abc'),(925,'abc'),(926,'abc'),(927,'abc'),(928,'abc'),(929,'abc'),(930,'abc'),(931,'abc'),(932,'abc'),(933,'abc'),(934,'abc'),(935,'abc'),(936,'abc'),(937,'abc'),(938,'abc'),(939,'abc'),(940,'abc'),(941,'abc'),(942,'abc'),(943,'abc'),(944,'abc'),(945,'abc'),(946,'abc'),(947,'abc'),(948,'abc'),(949,'abc'),(950,'abc'),(951,'abc'),(952,'abc'),(953,'abc'),(954,'abc'),(955,'abc'),(956,'abc'),(957,'abc'),(958,'abc'),(959,'abc'),(960,'abc'),(961,'abc'),(962,'abc'),(963,'abc'),(964,'abc'),(965,'abc'),(966,'abc'),(967,'abc'),(968,'abc'),(969,'abc'),(970,'abc'),(971,'abc'),(972,'abc'),(973,'abc'),(974,'abc'),(975,'abc'),(976,'abc'),(977,'abc'),(978,'abc'),(979,'abc'),(980,'abc'),(981,'abc'),(982,'abc'),(983,'abc'),(984,'abc'),(985,'abc'),(986,'abc'),(987,'abc'),(988,'abc'),(989,'abc'),(990,'abc'),(991,'abc'),(992,'abc'),(993,'abc'),(994,'abc'),(995,'abc'),(996,'abc'),(997,'abc'),(998,'abc'),(999,'abc'),(1000,'abc'),(1001,'abc'),(1002,'abc'),(1003,'abc'),(1004,'abc'),(1005,'abc'),(1006,'abc'),(1007,'abc'),(1008,'abc'),(1009,'abc'),(1010,'abc'),(1011,'abc'),(1012,'abc'),(1013,'abc'),(1014,'abc'),(1015,'abc'),(1016,'abc'),(1017,'abc'),(1018,'abc'),(1019,'abc'),(1020,'abc'),(1021,'abc'),(1022,'abc'),(1023,'abc'),(1024,'abc'),(1025,'abc'),(1026,'abc'),(1027,'abc'),(1028,'abc'),(1029,'abc'),(1030,'abc'),(1031,'abc'),(1032,'abc'),(1033,'abc'),(1034,'abc'),(1035,'abc'),(1036,'abc'),(1037,'abc'),(1038,'abc'),(1039,'abc'),(1040,'abc'),(1041,'abc'),(1042,'abc'),(1043,'abc'),(1044,'abc'),(1045,'abc'),(1046,'abc'),(1047,'abc'),(1048,'abc'),(1049,'abc'),(1050,'abc'),(1051,'abc'),(1052,'abc'),(1053,'abc'),(1054,'abc'),(1055,'abc'),(1056,'abc'),(1057,'abc'),(1058,'abc'),(1059,'abc'),(1060,'abc'),(1061,'abc'),(1062,'abc'),(1063,'abc'),(1064,'abc'),(1065,'abc'),(1066,'abc'),(1067,'abc'),(1068,'abc'),(1069,'abc'),(1070,'abc'),(1071,'abc'),(1072,'abc'),(1073,'abc'),(1074,'abc'),(1075,'abc'),(1076,'abc'),(1077,'abc'),(1078,'abc'),(1079,'abc'),(1080,'abc'),(1081,'abc'),(1082,'abc'),(1083,'abc'),(1084,'abc'),(1085,'abc'),(1086,'abc'),(1087,'abc'),(1088,'abc'),(1089,'abc'),(1090,'abc'),(1091,'abc'),(1092,'abc'),(1093,'abc'),(1094,'abc'),(1095,'abc'),(1096,'abc'),(1097,'abc'),(1098,'abc'),(1099,'abc'),(1100,'abc'),(1101,'abc'),(1102,'abc'),(1103,'abc'),(1104,'abc'),(1105,'abc'),(1106,'abc'),(1107,'abc'),(1108,'abc'),(1109,'abc'),(1110,'abc'),(1111,'abc'),(1112,'abc'),(1113,'abc'),(1114,'abc'),(1115,'abc'),(1116,'abc'),(1117,'abc'),(1118,'abc'),(1119,'abc'),(1120,'abc'),(1121,'abc'),(1122,'abc'),(1123,'abc'),(1124,'abc'),(1125,'abc'),(1126,'abc'),(1127,'abc'),(1128,'abc'),(1129,'abc'),(1130,'abc'),(1131,'abc'),(1132,'abc'),(1133,'abc'),(1134,'abc'),(1135,'abc'),(1136,'abc'),(1137,'abc'),(1138,'abc'),(1139,'abc'),(1140,'abc'),(1141,'abc'),(1142,'abc'),(1143,'abc'),(1144,'abc'),(1145,'abc'),(1146,'abc'),(1147,'abc'),(1148,'abc'),(1149,'abc'),(1150,'abc'),(1151,'abc'),(1152,'abc'),(1153,'abc'),(1154,'abc'),(1155,'abc'),(1156,'abc'),(1157,'abc'),(1158,'abc'),(1159,'abc'),(1160,'abc'),(1161,'abc'),(1162,'abc'),(1163,'abc'),(1164,'abc'),(1165,'abc'),(1166,'abc'),(1167,'abc'),(1168,'abc'),(1169,'abc'),(1170,'abc'),(1171,'abc'),(1172,'abc'),(1173,'abc'),(1174,'abc'),(1175,'abc'),(1176,'abc'),(1177,'abc'),(1178,'abc'),(1179,'abc'),(1180,'abc'),(1181,'abc'),(1182,'abc'),(1183,'abc'),(1184,'abc'),(1185,'abc'),(1186,'abc'),(1187,'abc'),(1188,'abc'),(1189,'abc'),(1190,'abc'),(1191,'abc'),(1192,'abc'),(1193,'abc'),(1194,'abc'),(1195,'abc'),(1196,'abc'),(1197,'abc'),(1198,'abc'),(1199,'abc'),(1200,'abc'),(1201,'abc'),(1202,'abc'),(1203,'abc'),(1204,'abc'),(1205,'abc'),(1206,'abc'),(1207,'abc'),(1208,'abc'),(1209,'abc'),(1210,'abc'),(1211,'abc'),(1212,'abc'),(1213,'abc'),(1214,'abc'),(1215,'abc'),(1216,'abc'),(1217,'abc'),(1218,'abc'),(1219,'abc'),(1220,'abc'),(1221,'abc'),(1222,'abc'),(1223,'abc'),(1224,'abc'),(1225,'abc'),(1226,'abc'),(1227,'abc'),(1228,'abc'),(1229,'abc'),(1230,'abc'),(1231,'abc'),(1232,'abc'),(1233,'abc'),(1234,'abc'),(1235,'abc'),(1236,'abc'),(1237,'abc'),(1238,'abc'),(1239,'abc'),(1240,'abc'),(1241,'abc'),(1242,'abc'),(1243,'abc'),(1244,'abc'),(1245,'abc'),(1246,'abc'),(1247,'abc'),(1248,'abc'),(1249,'abc'),(1250,'abc'),(1251,'abc'),(1252,'abc'),(1253,'abc'),(1254,'abc'),(1255,'abc'),(1256,'abc'),(1257,'abc'),(1258,'abc'),(1259,'abc'),(1260,'abc'),(1261,'abc'),(1262,'abc'),(1263,'abc'),(1264,'abc'),(1265,'abc'),(1266,'abc'),(1267,'abc'),(1268,'abc'),(1269,'abc'),(1270,'abc'),(1271,'abc'),(1272,'abc'),(1273,'abc'),(1274,'abc'),(1275,'abc'),(1276,'abc'),(1277,'abc'),(1278,'abc'),(1279,'abc'),(1280,'abc'),(1281,'abc'),(1282,'abc'),(1283,'abc'),(1284,'abc'),(1285,'abc'),(1286,'abc'),(1287,'abc'),(1288,'abc'),(1289,'abc'),(1290,'abc'),(1291,'abc'),(1292,'abc'),(1293,'abc'),(1294,'abc'),(1295,'abc'),(1296,'abc'),(1297,'abc'),(1298,'abc'),(1299,'abc'),(1300,'abc'),(1301,'abc'),(1302,'abc'),(1303,'abc'),(1304,'abc'),(1305,'abc'),(1306,'abc'),(1307,'abc'),(1308,'abc'),(1309,'abc'),(1310,'abc'),(1311,'abc'),(1312,'abc'),(1313,'abc'),(1314,'abc'),(1315,'abc'),(1316,'abc'),(1317,'abc'),(1318,'abc'),(1319,'abc'),(1320,'abc'),(1321,'abc'),(1322,'abc'),(1323,'abc'),(1324,'abc'),(1325,'abc'),(1326,'abc'),(1327,'abc'),(1328,'abc'),(1329,'abc'),(1330,'abc'),(1331,'abc'),(1332,'abc'),(1333,'abc'),(1334,'abc'),(1335,'abc'),(1336,'abc'),(1337,'abc'),(1338,'abc'),(1339,'abc'),(1340,'abc'),(1341,'abc'),(1342,'abc'),(1343,'abc'),(1344,'abc'),(1345,'abc'),(1346,'abc'),(1347,'abc'),(1348,'abc'),(1349,'abc'),(1350,'abc'),(1351,'abc'),(1352,'abc'),(1353,'abc'),(1354,'abc'),(1355,'abc'),(1356,'abc'),(1357,'abc'),(1358,'abc'),(1359,'abc'),(1360,'abc'),(1361,'abc'),(1362,'abc'),(1363,'abc'),(1364,'abc'),(1365,'abc'),(1366,'abc'),(1367,'abc'),(1368,'abc'),(1369,'abc'),(1370,'abc'),(1371,'abc'),(1372,'abc'),(1373,'abc'),(1374,'abc'),(1375,'abc'),(1376,'abc'),(1377,'abc'),(1378,'abc'),(1379,'abc'),(1380,'abc'),(1381,'abc'),(1382,'abc'),(1383,'abc'),(1384,'abc'),(1385,'abc'),(1386,'abc'),(1387,'abc'),(1388,'abc'),(1389,'abc'),(1390,'abc'),(1391,'abc'),(1392,'abc'),(1393,'abc'),(1394,'abc'),(1395,'abc'),(1396,'abc'),(1397,'abc'),(1398,'abc'),(1399,'abc'),(1400,'abc'),(1401,'abc'),(1402,'abc'),(1403,'abc'),(1404,'abc'),(1405,'abc'),(1406,'abc'),(1407,'abc'),(1408,'abc'),(1409,'abc'),(1410,'abc'),(1411,'abc'),(1412,'abc'),(1413,'abc'),(1414,'abc'),(1415,'abc'),(1416,'abc'),(1417,'abc'),(1418,'abc'),(1419,'abc'),(1420,'abc'),(1421,'abc'),(1422,'abc'),(1423,'abc'),(1424,'abc'),(1425,'abc'),(1426,'abc'),(1427,'abc'),(1428,'abc'),(1429,'abc'),(1430,'abc'),(1431,'abc'),(1432,'abc'),(1433,'abc'),(1434,'abc'),(1435,'abc'),(1436,'abc'),(1437,'abc'),(1438,'abc'),(1439,'abc'),(1440,'abc'),(1441,'abc'),(1442,'abc'),(1443,'abc'),(1444,'abc'),(1445,'abc'),(1446,'abc'),(1447,'abc'),(1448,'abc'),(1449,'abc'),(1450,'abc'),(1451,'abc'),(1452,'abc'),(1453,'abc'),(1454,'abc'),(1455,'abc'),(1456,'abc'),(1457,'abc'),(1458,'abc'),(1459,'abc'),(1460,'abc'),(1461,'abc'),(1462,'abc'),(1463,'abc'),(1464,'abc'),(1465,'abc'),(1466,'abc'),(1467,'abc'),(1468,'abc'),(1469,'abc'),(1470,'abc'),(1471,'abc'),(1472,'abc'),(1473,'abc'),(1474,'abc'),(1475,'abc'),(1476,'abc'),(1477,'abc'),(1478,'abc'),(1479,'abc'),(1480,'abc'),(1481,'abc'),(1482,'abc'),(1483,'abc'),(1484,'abc'),(1485,'abc'),(1486,'abc'),(1487,'abc'),(1488,'abc'),(1489,'abc'),(1490,'abc'),(1491,'abc'),(1492,'abc'),(1493,'abc'),(1494,'abc'),(1495,'abc'),(1496,'abc'),(1497,'abc'),(1498,'abc'),(1499,'abc'),(1500,'abc'),(1501,'abc'),(1502,'abc'),(1503,'abc'),(1504,'abc'),(1505,'abc'),(1506,'abc'),(1507,'abc'),(1508,'abc'),(1509,'abc'),(1510,'abc'),(1511,'abc'),(1512,'abc'),(1513,'abc'),(1514,'abc'),(1515,'abc'),(1516,'abc'),(1517,'abc'),(1518,'abc'),(1519,'abc'),(1520,'abc'),(1521,'abc'),(1522,'abc'),(1523,'abc'),(1524,'abc'),(1525,'abc'),(1526,'abc'),(1527,'abc'),(1528,'abc'),(1529,'abc'),(1530,'abc'),(1531,'abc'),(1532,'abc'),(1533,'abc'),(1534,'abc'),(1535,'abc'),(1536,'abc'),(1537,'abc'),(1538,'abc'),(1539,'abc'),(1540,'abc'),(1541,'abc'),(1542,'abc'),(1543,'abc'),(1544,'abc'),(1545,'abc'),(1546,'abc'),(1547,'abc'),(1548,'abc'),(1549,'abc'),(1550,'abc'),(1551,'abc'),(1552,'abc'),(1553,'abc'),(1554,'abc'),(1555,'abc'),(1556,'abc'),(1557,'abc'),(1558,'abc'),(1559,'abc'),(1560,'abc'),(1561,'abc'),(1562,'abc'),(1563,'abc'),(1564,'abc'),(1565,'abc'),(1566,'abc'),(1567,'abc'),(1568,'abc'),(1569,'abc'),(1570,'abc'),(1571,'abc'),(1572,'abc'),(1573,'abc'),(1574,'abc'),(1575,'abc'),(1576,'abc'),(1577,'abc'),(1578,'abc'),(1579,'abc'),(1580,'abc'),(1581,'abc'),(1582,'abc'),(1583,'abc'),(1584,'abc'),(1585,'abc'),(1586,'abc'),(1587,'abc'),(1588,'abc'),(1589,'abc'),(1590,'abc'),(1591,'abc'),(1592,'abc'),(1593,'abc'),(1594,'abc'),(1595,'abc'),(1596,'abc'),(1597,'abc'),(1598,'abc'),(1599,'abc'),(1600,'abc'),(1601,'abc'),(1602,'abc'),(1603,'abc'),(1604,'abc'),(1605,'abc'),(1606,'abc'),(1607,'abc'),(1608,'abc'),(1609,'abc'),(1610,'abc'),(1611,'abc'),(1612,'abc'),(1613,'abc'),(1614,'abc'),(1615,'abc'),(1616,'abc'),(1617,'abc'),(1618,'abc'),(1619,'abc'),(1620,'abc'),(1621,'abc'),(1622,'abc'),(1623,'abc'),(1624,'abc'),(1625,'abc'),(1626,'abc'),(1627,'abc'),(1628,'abc'),(1629,'abc'),(1630,'abc'),(1631,'abc'),(1632,'abc'),(1633,'abc'),(1634,'abc'),(1635,'abc'),(1636,'abc'),(1637,'abc'),(1638,'abc'),(1639,'abc'),(1640,'abc'),(1641,'abc'),(1642,'abc'),(1643,'abc'),(1644,'abc'),(1645,'abc'),(1646,'abc'),(1647,'abc'),(1648,'abc'),(1649,'abc'),(1650,'abc'),(1651,'abc'),(1652,'abc'),(1653,'abc'),(1654,'abc'),(1655,'abc'),(1656,'abc'),(1657,'abc'),(1658,'abc'),(1659,'abc'),(1660,'abc'),(1661,'abc'),(1662,'abc'),(1663,'abc'),(1664,'abc'),(1665,'abc'),(1666,'abc'),(1667,'abc'),(1668,'abc'),(1669,'abc'),(1670,'abc'),(1671,'abc'),(1672,'abc'),(1673,'abc'),(1674,'abc'),(1675,'abc'),(1676,'abc'),(1677,'abc'),(1678,'abc'),(1679,'abc'),(1680,'abc'),(1681,'abc'),(1682,'abc'),(1683,'abc'),(1684,'abc'),(1685,'abc'),(1686,'abc'),(1687,'abc'),(1688,'abc'),(1689,'abc'),(1690,'abc'),(1691,'abc'),(1692,'abc'),(1693,'abc'),(1694,'abc'),(1695,'abc'),(1696,'abc'),(1697,'abc'),(1698,'abc'),(1699,'abc'),(1700,'abc'),(1701,'abc'),(1702,'abc'),(1703,'abc'),(1704,'abc'),(1705,'abc'),(1706,'abc'),(1707,'abc'),(1708,'abc'),(1709,'abc'),(1710,'abc'),(1711,'abc'),(1712,'abc'),(1713,'abc'),(1714,'abc'),(1715,'abc'),(1716,'abc'),(1717,'abc'),(1718,'abc'),(1719,'abc'),(1720,'abc'),(1721,'abc'),(1722,'abc'),(1723,'abc'),(1724,'abc'),(1725,'abc'),(1726,'abc'),(1727,'abc'),(1728,'abc'),(1729,'abc'),(1730,'abc'),(1731,'abc'),(1732,'abc'),(1733,'abc'),(1734,'abc'),(1735,'abc'),(1736,'abc'),(1737,'abc'),(1738,'abc'),(1739,'abc'),(1740,'abc'),(1741,'abc'),(1742,'abc'),(1743,'abc'),(1744,'abc'),(1745,'abc'),(1746,'abc'),(1747,'abc'),(1748,'abc'),(1749,'abc'),(1750,'abc'),(1751,'abc'),(1752,'abc'),(1753,'abc'),(1754,'abc'),(1755,'abc'),(1756,'abc'),(1757,'abc'),(1758,'abc'),(1759,'abc'),(1760,'abc'),(1761,'abc'),(1762,'abc'),(1763,'abc'),(1764,'abc'),(1765,'abc'),(1766,'abc'),(1767,'abc'),(1768,'abc'),(1769,'abc'),(1770,'abc'),(1771,'abc'),(1772,'abc'),(1773,'abc'),(1774,'abc'),(1775,'abc'),(1776,'abc'),(1777,'abc'),(1778,'abc'),(1779,'abc'),(1780,'abc'),(1781,'abc'),(1782,'abc'),(1783,'abc'),(1784,'abc'),(1785,'abc'),(1786,'abc'),(1787,'abc'),(1788,'abc'),(1789,'abc'),(1790,'abc'),(1791,'abc'),(1792,'abc'),(1793,'abc'),(1794,'abc'),(1795,'abc'),(1796,'abc'),(1797,'abc'),(1798,'abc'),(1799,'abc'),(1800,'abc'),(1801,'abc'),(1802,'abc'),(1803,'abc'),(1804,'abc'),(1805,'abc'),(1806,'abc'),(1807,'abc'),(1808,'abc'),(1809,'abc'),(1810,'abc'),(1811,'abc'),(1812,'abc'),(1813,'abc'),(1814,'abc'),(1815,'abc'),(1816,'abc'),(1817,'abc'),(1818,'abc'),(1819,'abc'),(1820,'abc'),(1821,'abc'),(1822,'abc'),(1823,'abc'),(1824,'abc'),(1825,'abc'),(1826,'abc'),(1827,'abc'),(1828,'abc'),(1829,'abc'),(1830,'abc'),(1831,'abc'),(1832,'abc'),(1833,'abc'),(1834,'abc'),(1835,'abc'),(1836,'abc'),(1837,'abc'),(1838,'abc'),(1839,'abc'),(1840,'abc'),(1841,'abc'),(1842,'abc'),(1843,'abc'),(1844,'abc'),(1845,'abc'),(1846,'abc'),(1847,'abc'),(1848,'abc'),(1849,'abc'),(1850,'abc'),(1851,'abc'),(1852,'abc'),(1853,'abc'),(1854,'abc'),(1855,'abc'),(1856,'abc'),(1857,'abc'),(1858,'abc'),(1859,'abc'),(1860,'abc'),(1861,'abc'),(1862,'abc'),(1863,'abc'),(1864,'abc'),(1865,'abc'),(1866,'abc'),(1867,'abc'),(1868,'abc'),(1869,'abc'),(1870,'abc'),(1871,'abc'),(1872,'abc'),(1873,'abc'),(1874,'abc'),(1875,'abc'),(1876,'abc'),(1877,'abc'),(1878,'abc'),(1879,'abc'),(1880,'abc'),(1881,'abc'),(1882,'abc'),(1883,'abc'),(1884,'abc'),(1885,'abc'),(1886,'abc'),(1887,'abc'),(1888,'abc'),(1889,'abc'),(1890,'abc'),(1891,'abc'),(1892,'abc'),(1893,'abc'),(1894,'abc'),(1895,'abc'),(1896,'abc'),(1897,'abc'),(1898,'abc'),(1899,'abc'),(1900,'abc'),(1901,'abc'),(1902,'abc'),(1903,'abc'),(1904,'abc'),(1905,'abc'),(1906,'abc'),(1907,'abc'),(1908,'abc'),(1909,'abc'),(1910,'abc'),(1911,'abc'),(1912,'abc'),(1913,'abc'),(1914,'abc'),(1915,'abc'),(1916,'abc'),(1917,'abc'),(1918,'abc'),(1919,'abc'),(1920,'abc'),(1921,'abc'),(1922,'abc'),(1923,'abc'),(1924,'abc'),(1925,'abc'),(1926,'abc'),(1927,'abc'),(1928,'abc'),(1929,'abc'),(1930,'abc'),(1931,'abc'),(1932,'abc'),(1933,'abc'),(1934,'abc'),(1935,'abc'),(1936,'abc'),(1937,'abc'),(1938,'abc'),(1939,'abc'),(1940,'abc'),(1941,'abc'),(1942,'abc'),(1943,'abc'),(1944,'abc'),(1945,'abc'),(1946,'abc'),(1947,'abc'),(1948,'abc'),(1949,'abc'),(1950,'abc'),(1951,'abc'),(1952,'abc'),(1953,'abc'),(1954,'abc'),(1955,'abc'),(1956,'abc'),(1957,'abc'),(1958,'abc'),(1959,'abc'),(1960,'abc'),(1961,'abc'),(1962,'abc'),(1963,'abc'),(1964,'abc'),(1965,'abc'),(1966,'abc'),(1967,'abc'),(1968,'abc'),(1969,'abc'),(1970,'abc'),(1971,'abc'),(1972,'abc'),(1973,'abc'),(1974,'abc'),(1975,'abc'),(1976,'abc'),(1977,'abc'),(1978,'abc'),(1979,'abc'),(1980,'abc'),(1981,'abc'),(1982,'abc'),(1983,'abc'),(1984,'abc'),(1985,'abc'),(1986,'abc'),(1987,'abc'),(1988,'abc'),(1989,'abc'),(1990,'abc'),(1991,'abc'),(1992,'abc'),(1993,'abc'),(1994,'abc'),(1995,'abc'),(1996,'abc'),(1997,'abc'),(1998,'abc'),(1999,'abc'),(2000,'abc'),(2001,'abc'),(2002,'abc'),(2003,'abc'),(2004,'abc'),(2005,'abc'),(2006,'abc'),(2007,'abc'),(2008,'abc'),(2009,'abc'),(2010,'abc'),(2011,'abc'),(2012,'abc'),(2013,'abc'),(2014,'abc'),(2015,'abc'),(2016,'abc'),(2017,'abc'),(2018,'abc'),(2019,'abc'),(2020,'abc'),(2021,'abc'),(2022,'abc'),(2023,'abc'),(2024,'abc'),(2025,'abc'),(2026,'abc'),(2027,'abc'),(2028,'abc'),(2029,'abc'),(2030,'abc'),(2031,'abc'),(2032,'abc'),(2033,'abc'),(2034,'abc'),(2035,'abc'),(2036,'abc'),(2037,'abc'),(2038,'abc'),(2039,'abc'),(2040,'abc'),(2041,'abc'),(2042,'abc'),(2043,'abc'),(2044,'abc'),(2045,'abc'),(2046,'abc'),(2047,'abc'),(2048,'abc'),(2049,'abc'),(2050,'abc'),(2051,'abc'),(2052,'abc'),(2053,'abc'),(2054,'abc'),(2055,'abc'),(2056,'abc'),(2057,'abc'),(2058,'abc'),(2059,'abc'),(2060,'abc'),(2061,'abc'),(2062,'abc'),(2063,'abc'),(2064,'abc'),(2065,'abc'),(2066,'abc'),(2067,'abc'),(2068,'abc'),(2069,'abc'),(2070,'abc'),(2071,'abc'),(2072,'abc'),(2073,'abc'),(2074,'abc'),(2075,'abc'),(2076,'abc'),(2077,'abc'),(2078,'abc'),(2079,'abc'),(2080,'abc'),(2081,'abc'),(2082,'abc'),(2083,'abc'),(2084,'abc'),(2085,'abc'),(2086,'abc'),(2087,'abc'),(2088,'abc'),(2089,'abc'),(2090,'abc'),(2091,'abc'),(2092,'abc'),(2093,'abc'),(2094,'abc'),(2095,'abc'),(2096,'abc'),(2097,'abc'),(2098,'abc'),(2099,'abc'),(2100,'abc'),(2101,'abc'),(2102,'abc'),(2103,'abc'),(2104,'abc'),(2105,'abc'),(2106,'abc'),(2107,'abc'),(2108,'abc'),(2109,'abc'),(2110,'abc'),(2111,'abc'),(2112,'abc'),(2113,'abc'),(2114,'abc'),(2115,'abc'),(2116,'abc'),(2117,'abc'),(2118,'abc'),(2119,'abc'),(2120,'abc'),(2121,'abc'),(2122,'abc'),(2123,'abc'),(2124,'abc'),(2125,'abc'),(2126,'abc'),(2127,'abc'),(2128,'abc'),(2129,'abc'),(2130,'abc'),(2131,'abc'),(2132,'abc'),(2133,'abc'),(2134,'abc'),(2135,'abc'),(2136,'abc'),(2137,'abc'),(2138,'abc'),(2139,'abc'),(2140,'abc'),(2141,'abc'),(2142,'abc'),(2143,'abc'),(2144,'abc'),(2145,'abc'),(2146,'abc'),(2147,'abc'),(2148,'abc'),(2149,'abc'),(2150,'abc'),(2151,'abc'),(2152,'abc'),(2153,'abc'),(2154,'abc'),(2155,'abc'),(2156,'abc'),(2157,'abc'),(2158,'abc'),(2159,'abc'),(2160,'abc'),(2161,'abc'),(2162,'abc'),(2163,'abc'),(2164,'abc'),(2165,'abc'),(2166,'abc'),(2167,'abc'),(2168,'abc'),(2169,'abc'),(2170,'abc'),(2171,'abc'),(2172,'abc'),(2173,'abc'),(2174,'abc'),(2175,'abc'),(2176,'abc'),(2177,'abc'),(2178,'abc'),(2179,'abc'),(2180,'abc'),(2181,'abc'),(2182,'abc'),(2183,'abc'),(2184,'abc'),(2185,'abc'),(2186,'abc'),(2187,'abc'),(2188,'abc'),(2189,'abc'),(2190,'abc'),(2191,'abc'),(2192,'abc'),(2193,'abc'),(2194,'abc'),(2195,'abc'),(2196,'abc'),(2197,'abc'),(2198,'abc'),(2199,'abc'),(2200,'abc'),(2201,'abc'),(2202,'abc'),(2203,'abc'),(2204,'abc'),(2205,'abc'),(2206,'abc'),(2207,'abc'),(2208,'abc'),(2209,'abc'),(2210,'abc'),(2211,'abc'),(2212,'abc'),(2213,'abc'),(2214,'abc'),(2215,'abc'),(2216,'abc'),(2217,'abc'),(2218,'abc'),(2219,'abc'),(2220,'abc'),(2221,'abc'),(2222,'abc'),(2223,'abc'),(2224,'abc'),(2225,'abc'),(2226,'abc'),(2227,'abc'),(2228,'abc'),(2229,'abc'),(2230,'abc'),(2231,'abc'),(2232,'abc'),(2233,'abc'),(2234,'abc'),(2235,'abc'),(2236,'abc'),(2237,'abc'),(2238,'abc'),(2239,'abc'),(2240,'abc'),(2241,'abc'),(2242,'abc'),(2243,'abc'),(2244,'abc'),(2245,'abc'),(2246,'abc'),(2247,'abc'),(2248,'abc'),(2249,'abc'),(2250,'abc'),(2251,'abc'),(2252,'abc'),(2253,'abc'),(2254,'abc'),(2255,'abc'),(2256,'abc'),(2257,'abc'),(2258,'abc'),(2259,'abc'),(2260,'abc'),(2261,'abc'),(2262,'abc'),(2263,'abc'),(2264,'abc'),(2265,'abc'),(2266,'abc'),(2267,'abc'),(2268,'abc'),(2269,'abc'),(2270,'abc'),(2271,'abc'),(2272,'abc'),(2273,'abc'),(2274,'abc'),(2275,'abc'),(2276,'abc'),(2277,'abc'),(2278,'abc'),(2279,'abc'),(2280,'abc'),(2281,'abc'),(2282,'abc'),(2283,'abc'),(2284,'abc'),(2285,'abc'),(2286,'abc'),(2287,'abc'),(2288,'abc'),(2289,'abc'),(2290,'abc'),(2291,'abc'),(2292,'abc'),(2293,'abc'),(2294,'abc'),(2295,'abc'),(2296,'abc'),(2297,'abc'),(2298,'abc'),(2299,'abc'),(2300,'abc'),(2301,'abc'),(2302,'abc'),(2303,'abc'),(2304,'abc'),(2305,'abc'),(2306,'abc'),(2307,'abc'),(2308,'abc'),(2309,'abc'),(2310,'abc'),(2311,'abc'),(2312,'abc'),(2313,'abc'),(2314,'abc'),(2315,'abc'),(2316,'abc'),(2317,'abc'),(2318,'abc'),(2319,'abc'),(2320,'abc'),(2321,'abc'),(2322,'abc'),(2323,'abc'),(2324,'abc'),(2325,'abc'),(2326,'abc'),(2327,'abc'),(2328,'abc'),(2329,'abc'),(2330,'abc'),(2331,'abc'),(2332,'abc'),(2333,'abc'),(2334,'abc'),(2335,'abc'),(2336,'abc'),(2337,'abc'),(2338,'abc'),(2339,'abc'),(2340,'abc'),(2341,'abc'),(2342,'abc'),(2343,'abc'),(2344,'abc'),(2345,'abc'),(2346,'abc'),(2347,'abc'),(2348,'abc'),(2349,'abc'),(2350,'abc'),(2351,'abc'),(2352,'abc'),(2353,'abc'),(2354,'abc'),(2355,'abc'),(2356,'abc'),(2357,'abc'),(2358,'abc'),(2359,'abc'),(2360,'abc'),(2361,'abc'),(2362,'abc'),(2363,'abc'),(2364,'abc'),(2365,'abc'),(2366,'abc'),(2367,'abc'),(2368,'abc'),(2369,'abc'),(2370,'abc'),(2371,'abc'),(2372,'abc'),(2373,'abc'),(2374,'abc'),(2375,'abc'),(2376,'abc'),(2377,'abc'),(2378,'abc'),(2379,'abc'),(2380,'abc'),(2381,'abc'),(2382,'abc'),(2383,'abc'),(2384,'abc'),(2385,'abc'),(2386,'abc'),(2387,'abc'),(2388,'abc'),(2389,'abc'),(2390,'abc'),(2391,'abc'),(2392,'abc'),(2393,'abc'),(2394,'abc'),(2395,'abc'),(2396,'abc'),(2397,'abc'),(2398,'abc'),(2399,'abc'),(2400,'abc'),(2401,'abc'),(2402,'abc'),(2403,'abc'),(2404,'abc'),(2405,'abc'),(2406,'abc'),(2407,'abc'),(2408,'abc'),(2409,'abc'),(2410,'abc'),(2411,'abc'),(2412,'abc'),(2413,'abc'),(2414,'abc'),(2415,'abc'),(2416,'abc'),(2417,'abc'),(2418,'abc'),(2419,'abc'),(2420,'abc'),(2421,'abc'),(2422,'abc'),(2423,'abc'),(2424,'abc'),(2425,'abc'),(2426,'abc'),(2427,'abc'),(2428,'abc'),(2429,'abc'),(2430,'abc'),(2431,'abc'),(2432,'abc'),(2433,'abc'),(2434,'abc'),(2435,'abc'),(2436,'abc'),(2437,'abc'),(2438,'abc'),(2439,'abc'),(2440,'abc'),(2441,'abc'),(2442,'abc'),(2443,'abc'),(2444,'abc'),(2445,'abc'),(2446,'abc'),(2447,'abc'),(2448,'abc'),(2449,'abc'),(2450,'abc'),(2451,'abc'),(2452,'abc'),(2453,'abc'),(2454,'abc'),(2455,'abc'),(2456,'abc'),(2457,'abc'),(2458,'abc'),(2459,'abc'),(2460,'abc'),(2461,'abc'),(2462,'abc'),(2463,'abc'),(2464,'abc'),(2465,'abc'),(2466,'abc'),(2467,'abc'),(2468,'abc'),(2469,'abc'),(2470,'abc'),(2471,'abc'),(2472,'abc'),(2473,'abc'),(2474,'abc'),(2475,'abc'),(2476,'abc'),(2477,'abc'),(2478,'abc'),(2479,'abc'),(2480,'abc'),(2481,'abc'),(2482,'abc'),(2483,'abc'),(2484,'abc'),(2485,'abc'),(2486,'abc'),(2487,'abc'),(2488,'abc'),(2489,'abc'),(2490,'abc'),(2491,'abc'),(2492,'abc'),(2493,'abc'),(2494,'abc'),(2495,'abc'),(2496,'abc'),(2497,'abc'),(2498,'abc'),(2499,'abc'),(2500,'abc'),(2501,'abc'),(2502,'abc'),(2503,'abc'),(2504,'abc'),(2505,'abc'),(2506,'abc'),(2507,'abc'),(2508,'abc'),(2509,'abc'),(2510,'abc'),(2511,'abc'),(2512,'abc'),(2513,'abc'),(2514,'abc'),(2515,'abc'),(2516,'abc'),(2517,'abc'),(2518,'abc'),(2519,'abc'),(2520,'abc'),(2521,'abc'),(2522,'abc'),(2523,'abc'),(2524,'abc'),(2525,'abc'),(2526,'abc'),(2527,'abc'),(2528,'abc'),(2529,'abc'),(2530,'abc'),(2531,'abc'),(2532,'abc'),(2533,'abc'),(2534,'abc'),(2535,'abc'),(2536,'abc'),(2537,'abc'),(2538,'abc'),(2539,'abc'),(2540,'abc'),(2541,'abc'),(2542,'abc'),(2543,'abc'),(2544,'abc'),(2545,'abc'),(2546,'abc'),(2547,'abc'),(2548,'abc'),(2549,'abc'),(2550,'abc'),(2551,'abc'),(2552,'abc'),(2553,'abc'),(2554,'abc'),(2555,'abc'),(2556,'abc'),(2557,'abc'),(2558,'abc'),(2559,'abc'),(2560,'abc'),(2561,'abc'),(2562,'abc'),(2563,'abc'),(2564,'abc'),(2565,'abc'),(2566,'abc'),(2567,'abc'),(2568,'abc'),(2569,'abc'),(2570,'abc'),(2571,'abc'),(2572,'abc'),(2573,'abc'),(2574,'abc'),(2575,'abc'),(2576,'abc'),(2577,'abc'),(2578,'abc'),(2579,'abc'),(2580,'abc'),(2581,'abc'),(2582,'abc'),(2583,'abc'),(2584,'abc'),(2585,'abc'),(2586,'abc'),(2587,'abc'),(2588,'abc'),(2589,'abc'),(2590,'abc'),(2591,'abc'),(2592,'abc'),(2593,'abc'),(2594,'abc'),(2595,'abc'),(2596,'abc'),(2597,'abc'),(2598,'abc'),(2599,'abc'),(2600,'abc'),(2601,'abc'),(2602,'abc'),(2603,'abc'),(2604,'abc'),(2605,'abc'),(2606,'abc'),(2607,'abc'),(2608,'abc'),(2609,'abc'),(2610,'abc'),(2611,'abc'),(2612,'abc'),(2613,'abc'),(2614,'abc'),(2615,'abc'),(2616,'abc'),(2617,'abc'),(2618,'abc'),(2619,'abc'),(2620,'abc'),(2621,'abc'),(2622,'abc'),(2623,'abc'),(2624,'abc'),(2625,'abc'),(2626,'abc'),(2627,'abc'),(2628,'abc'),(2629,'abc'),(2630,'abc'),(2631,'abc'),(2632,'abc'),(2633,'abc'),(2634,'abc'),(2635,'abc'),(2636,'abc'),(2637,'abc'),(2638,'abc'),(2639,'abc'),(2640,'abc'),(2641,'abc'),(2642,'abc'),(2643,'abc'),(2644,'abc'),(2645,'abc'),(2646,'abc'),(2647,'abc'),(2648,'abc'),(2649,'abc'),(2650,'abc'),(2651,'abc'),(2652,'abc'),(2653,'abc'),(2654,'abc'),(2655,'abc'),(2656,'abc'),(2657,'abc'),(2658,'abc'),(2659,'abc'),(2660,'abc'),(2661,'abc'),(2662,'abc'),(2663,'abc'),(2664,'abc'),(2665,'abc'),(2666,'abc'),(2667,'abc'),(2668,'abc'),(2669,'abc'),(2670,'abc'),(2671,'abc'),(2672,'abc'),(2673,'abc'),(2674,'abc'),(2675,'abc'),(2676,'abc'),(2677,'abc'),(2678,'abc'),(2679,'abc'),(2680,'abc'),(2681,'abc'),(2682,'abc'),(2683,'abc'),(2684,'abc'),(2685,'abc'),(2686,'abc'),(2687,'abc'),(2688,'abc'),(2689,'abc'),(2690,'abc'),(2691,'abc'),(2692,'abc'),(2693,'abc'),(2694,'abc'),(2695,'abc'),(2696,'abc'),(2697,'abc'),(2698,'abc'),(2699,'abc'),(2700,'abc'),(2701,'abc'),(2702,'abc'),(2703,'abc'),(2704,'abc'),(2705,'abc'),(2706,'abc'),(2707,'abc'),(2708,'abc'),(2709,'abc'),(2710,'abc'),(2711,'abc'),(2712,'abc'),(2713,'abc'),(2714,'abc'),(2715,'abc'),(2716,'abc'),(2717,'abc'),(2718,'abc'),(2719,'abc'),(2720,'abc'),(2721,'abc'),(2722,'abc'),(2723,'abc'),(2724,'abc'),(2725,'abc'),(2726,'abc'),(2727,'abc'),(2728,'abc'),(2729,'abc'),(2730,'abc'),(2731,'abc'),(2732,'abc'),(2733,'abc'),(2734,'abc'),(2735,'abc'),(2736,'abc'),(2737,'abc'),(2738,'abc'),(2739,'abc'),(2740,'abc'),(2741,'abc'),(2742,'abc'),(2743,'abc'),(2744,'abc'),(2745,'abc'),(2746,'abc'),(2747,'abc'),(2748,'abc'),(2749,'abc'),(2750,'abc'),(2751,'abc'),(2752,'abc'),(2753,'abc'),(2754,'abc'),(2755,'abc'),(2756,'abc'),(2757,'abc'),(2758,'abc'),(2759,'abc'),(2760,'abc'),(2761,'abc'),(2762,'abc'),(2763,'abc'),(2764,'abc'),(2765,'abc'),(2766,'abc'),(2767,'abc'),(2768,'abc'),(2769,'abc'),(2770,'abc'),(2771,'abc'),(2772,'abc'),(2773,'abc'),(2774,'abc'),(2775,'abc'),(2776,'abc'),(2777,'abc'),(2778,'abc'),(2779,'abc'),(2780,'abc'),(2781,'abc'),(2782,'abc'),(2783,'abc'),(2784,'abc'),(2785,'abc'),(2786,'abc'),(2787,'abc'),(2788,'abc'),(2789,'abc'),(2790,'abc'),(2791,'abc'),(2792,'abc'),(2793,'abc'),(2794,'abc'),(2795,'abc'),(2796,'abc'),(2797,'abc'),(2798,'abc'),(2799,'abc'),(2800,'abc'),(2801,'abc'),(2802,'abc'),(2803,'abc'),(2804,'abc'),(2805,'abc'),(2806,'abc'),(2807,'abc'),(2808,'abc'),(2809,'abc'),(2810,'abc'),(2811,'abc'),(2812,'abc'),(2813,'abc'),(2814,'abc'),(2815,'abc'),(2816,'abc'),(2817,'abc'),(2818,'abc'),(2819,'abc'),(2820,'abc'),(2821,'abc'),(2822,'abc'),(2823,'abc'),(2824,'abc'),(2825,'abc'),(2826,'abc'),(2827,'abc'),(2828,'abc'),(2829,'abc'),(2830,'abc'),(2831,'abc'),(2832,'abc'),(2833,'abc'),(2834,'abc'),(2835,'abc'),(2836,'abc'),(2837,'abc'),(2838,'abc'),(2839,'abc'),(2840,'abc'),(2841,'abc'),(2842,'abc'),(2843,'abc'),(2844,'abc'),(2845,'abc'),(2846,'abc'),(2847,'abc'),(2848,'abc'),(2849,'abc'),(2850,'abc'),(2851,'abc'),(2852,'abc'),(2853,'abc'),(2854,'abc'),(2855,'abc'),(2856,'abc'),(2857,'abc'),(2858,'abc'),(2859,'abc'),(2860,'abc'),(2861,'abc'),(2862,'abc'),(2863,'abc'),(2864,'abc'),(2865,'abc'),(2866,'abc'),(2867,'abc'),(2868,'abc'),(2869,'abc'),(2870,'abc'),(2871,'abc'),(2872,'abc'),(2873,'abc'),(2874,'abc'),(2875,'abc'),(2876,'abc'),(2877,'abc'),(2878,'abc'),(2879,'abc'),(2880,'abc'),(2881,'abc'),(2882,'abc'),(2883,'abc'),(2884,'abc'),(2885,'abc'),(2886,'abc'),(2887,'abc'),(2888,'abc'),(2889,'abc'),(2890,'abc'),(2891,'abc'),(2892,'abc'),(2893,'abc'),(2894,'abc'),(2895,'abc'),(2896,'abc'),(2897,'abc'),(2898,'abc'),(2899,'abc'),(2900,'abc'),(2901,'abc'),(2902,'abc'),(2903,'abc'),(2904,'abc'),(2905,'abc'),(2906,'abc'),(2907,'abc'),(2908,'abc'),(2909,'abc'),(2910,'abc'),(2911,'abc'),(2912,'abc'),(2913,'abc'),(2914,'abc'),(2915,'abc'),(2916,'abc'),(2917,'abc'),(2918,'abc'),(2919,'abc'),(2920,'abc'),(2921,'abc'),(2922,'abc'),(2923,'abc'),(2924,'abc'),(2925,'abc'),(2926,'abc'),(2927,'abc'),(2928,'abc'),(2929,'abc'),(2930,'abc'),(2931,'abc'),(2932,'abc'),(2933,'abc'),(2934,'abc'),(2935,'abc'),(2936,'abc'),(2937,'abc'),(2938,'abc'),(2939,'abc'),(2940,'abc'),(2941,'abc'),(2942,'abc'),(2943,'abc'),(2944,'abc'),(2945,'abc'),(2946,'abc'),(2947,'abc'),(2948,'abc'),(2949,'abc'),(2950,'abc'),(2951,'abc'),(2952,'abc'),(2953,'abc'),(2954,'abc'),(2955,'abc'),(2956,'abc'),(2957,'abc'),(2958,'abc'),(2959,'abc'),(2960,'abc'),(2961,'abc'),(2962,'abc'),(2963,'abc'),(2964,'abc'),(2965,'abc'),(2966,'abc'),(2967,'abc'),(2968,'abc'),(2969,'abc'),(2970,'abc'),(2971,'abc'),(2972,'abc'),(2973,'abc'),(2974,'abc'),(2975,'abc'),(2976,'abc'),(2977,'abc'),(2978,'abc'),(2979,'abc'),(2980,'abc'),(2981,'abc'),(2982,'abc'),(2983,'abc'),(2984,'abc'),(2985,'abc'),(2986,'abc'),(2987,'abc'),(2988,'abc'),(2989,'abc'),(2990,'abc'),(2991,'abc'),(2992,'abc'),(2993,'abc'),(2994,'abc'),(2995,'abc'),(2996,'abc'),(2997,'abc'),(2998,'abc'),(2999,'abc'),(3000,'abc'),(3001,'abc'),(3002,'abc'),(3003,'abc'),(3004,'abc'),(3005,'abc'),(3006,'abc'),(3007,'abc'),(3008,'abc'),(3009,'abc'),(3010,'abc'),(3011,'abc'),(3012,'abc'),(3013,'abc'),(3014,'abc'),(3015,'abc'),(3016,'abc'),(3017,'abc'),(3018,'abc'),(3019,'abc'),(3020,'abc'),(3021,'abc'),(3022,'abc'),(3023,'abc'),(3024,'abc'),(3025,'abc'),(3026,'abc'),(3027,'abc'),(3028,'abc'),(3029,'abc'),(3030,'abc'),(3031,'abc'),(3032,'abc'),(3033,'abc'),(3034,'abc'),(3035,'abc'),(3036,'abc'),(3037,'abc'),(3038,'abc'),(3039,'abc'),(3040,'abc'),(3041,'abc'),(3042,'abc'),(3043,'abc'),(3044,'abc'),(3045,'abc'),(3046,'abc'),(3047,'abc'),(3048,'abc'),(3049,'abc'),(3050,'abc'),(3051,'abc'),(3052,'abc'),(3053,'abc'),(3054,'abc'),(3055,'abc'),(3056,'abc'),(3057,'abc'),(3058,'abc'),(3059,'abc'),(3060,'abc'),(3061,'abc'),(3062,'abc'),(3063,'abc'),(3064,'abc'),(3065,'abc'),(3066,'abc'),(3067,'abc'),(3068,'abc'),(3069,'abc'),(3070,'abc'),(3071,'abc'),(3072,'abc'),(3073,'abc'),(3074,'abc'),(3075,'abc'),(3076,'abc'),(3077,'abc'),(3078,'abc'),(3079,'abc'),(3080,'abc'),(3081,'abc'),(3082,'abc'),(3083,'abc'),(3084,'abc'),(3085,'abc'),(3086,'abc'),(3087,'abc'),(3088,'abc'),(3089,'abc'),(3090,'abc'),(3091,'abc'),(3092,'abc'),(3093,'abc'),(3094,'abc'),(3095,'abc'),(3096,'abc'),(3097,'abc'),(3098,'abc'),(3099,'abc'),(3100,'abc'),(3101,'abc'),(3102,'abc'),(3103,'abc'),(3104,'abc'),(3105,'abc'),(3106,'abc'),(3107,'abc'),(3108,'abc'),(3109,'abc'),(3110,'abc'),(3111,'abc'),(3112,'abc'),(3113,'abc'),(3114,'abc'),(3115,'abc'),(3116,'abc'),(3117,'abc'),(3118,'abc'),(3119,'abc'),(3120,'abc'),(3121,'abc'),(3122,'abc'),(3123,'abc'),(3124,'abc'),(3125,'abc'),(3126,'abc'),(3127,'abc'),(3128,'abc'),(3129,'abc'),(3130,'abc'),(3131,'abc'),(3132,'abc'),(3133,'abc'),(3134,'abc'),(3135,'abc'),(3136,'abc'),(3137,'abc'),(3138,'abc'),(3139,'abc'),(3140,'abc'),(3141,'abc'),(3142,'abc'),(3143,'abc'),(3144,'abc'),(3145,'abc'),(3146,'abc'),(3147,'abc'),(3148,'abc'),(3149,'abc'),(3150,'abc'),(3151,'abc'),(3152,'abc'),(3153,'abc'),(3154,'abc'),(3155,'abc'),(3156,'abc'),(3157,'abc'),(3158,'abc'),(3159,'abc'),(3160,'abc'),(3161,'abc'),(3162,'abc'),(3163,'abc'),(3164,'abc'),(3165,'abc'),(3166,'abc'),(3167,'abc'),(3168,'abc'),(3169,'abc'),(3170,'abc'),(3171,'abc'),(3172,'abc'),(3173,'abc'),(3174,'abc'),(3175,'abc'),(3176,'abc'),(3177,'abc'),(3178,'abc'),(3179,'abc'),(3180,'abc'),(3181,'abc'),(3182,'abc'),(3183,'abc'),(3184,'abc'),(3185,'abc'),(3186,'abc'),(3187,'abc'),(3188,'abc'),(3189,'abc'),(3190,'abc'),(3191,'abc'),(3192,'abc'),(3193,'abc'),(3194,'abc'),(3195,'abc'),(3196,'abc'),(3197,'abc'),(3198,'abc'),(3199,'abc'),(3200,'abc'),(3201,'abc'),(3202,'abc'),(3203,'abc'),(3204,'abc'),(3205,'abc'),(3206,'abc'),(3207,'abc'),(3208,'abc'),(3209,'abc'),(3210,'abc'),(3211,'abc'),(3212,'abc'),(3213,'abc'),(3214,'abc'),(3215,'abc'),(3216,'abc'),(3217,'abc'),(3218,'abc'),(3219,'abc'),(3220,'abc'),(3221,'abc'),(3222,'abc'),(3223,'abc'),(3224,'abc'),(3225,'abc'),(3226,'abc'),(3227,'abc'),(3228,'abc'),(3229,'abc'),(3230,'abc'),(3231,'abc'),(3232,'abc'),(3233,'abc'),(3234,'abc'),(3235,'abc'),(3236,'abc'),(3237,'abc'),(3238,'abc'),(3239,'abc'),(3240,'abc'),(3241,'abc'),(3242,'abc'),(3243,'abc'),(3244,'abc'),(3245,'abc'),(3246,'abc'),(3247,'abc'),(3248,'abc'),(3249,'abc'),(3250,'abc'),(3251,'abc'),(3252,'abc'),(3253,'abc'),(3254,'abc'),(3255,'abc'),(3256,'abc'),(3257,'abc'),(3258,'abc'),(3259,'abc'),(3260,'abc'),(3261,'abc'),(3262,'abc'),(3263,'abc'),(3264,'abc'),(3265,'abc'),(3266,'abc'),(3267,'abc'),(3268,'abc'),(3269,'abc'),(3270,'abc'),(3271,'abc'),(3272,'abc'),(3273,'abc'),(3274,'abc'),(3275,'abc'),(3276,'abc'),(3277,'abc'),(3278,'abc'),(3279,'abc'),(3280,'abc'),(3281,'abc'),(3282,'abc'),(3283,'abc'),(3284,'abc'),(3285,'abc'),(3286,'abc'),(3287,'abc'),(3288,'abc'),(3289,'abc'),(3290,'abc'),(3291,'abc'),(3292,'abc'),(3293,'abc'),(3294,'abc'),(3295,'abc'),(3296,'abc'),(3297,'abc'),(3298,'abc'),(3299,'abc'),(3300,'abc'),(3301,'abc'),(3302,'abc'),(3303,'abc'),(3304,'abc'),(3305,'abc'),(3306,'abc'),(3307,'abc'),(3308,'abc'),(3309,'abc'),(3310,'abc'),(3311,'abc'),(3312,'abc'),(3313,'abc'),(3314,'abc'),(3315,'abc'),(3316,'abc'),(3317,'abc'),(3318,'abc'),(3319,'abc'),(3320,'abc'),(3321,'abc'),(3322,'abc'),(3323,'abc'),(3324,'abc'),(3325,'abc'),(3326,'abc'),(3327,'abc'),(3328,'abc'),(3329,'abc'),(3330,'abc'),(3331,'abc'),(3332,'abc'),(3333,'abc'),(3334,'abc'),(3335,'abc'),(3336,'abc'),(3337,'abc'),(3338,'abc'),(3339,'abc'),(3340,'abc'),(3341,'abc'),(3342,'abc'),(3343,'abc'),(3344,'abc'),(3345,'abc'),(3346,'abc'),(3347,'abc'),(3348,'abc'),(3349,'abc'),(3350,'abc'),(3351,'abc'),(3352,'abc'),(3353,'abc'),(3354,'abc'),(3355,'abc'),(3356,'abc'),(3357,'abc'),(3358,'abc'),(3359,'abc'),(3360,'abc'),(3361,'abc'),(3362,'abc'),(3363,'abc'),(3364,'abc'),(3365,'abc'),(3366,'abc'),(3367,'abc'),(3368,'abc'),(3369,'abc'),(3370,'abc'),(3371,'abc'),(3372,'abc'),(3373,'abc'),(3374,'abc'),(3375,'abc'),(3376,'abc'),(3377,'abc'),(3378,'abc'),(3379,'abc'),(3380,'abc'),(3381,'abc'),(3382,'abc'),(3383,'abc'),(3384,'abc'),(3385,'abc'),(3386,'abc'),(3387,'abc'),(3388,'abc'),(3389,'abc'),(3390,'abc'),(3391,'abc'),(3392,'abc'),(3393,'abc'),(3394,'abc'),(3395,'abc'),(3396,'abc'),(3397,'abc'),(3398,'abc'),(3399,'abc'),(3400,'abc'),(3401,'abc'),(3402,'abc'),(3403,'abc'),(3404,'abc'),(3405,'abc'),(3406,'abc'),(3407,'abc'),(3408,'abc'),(3409,'abc'),(3410,'abc'),(3411,'abc'),(3412,'abc'),(3413,'abc'),(3414,'abc'),(3415,'abc'),(3416,'abc'),(3417,'abc'),(3418,'abc'),(3419,'abc'),(3420,'abc'),(3421,'abc'),(3422,'abc'),(3423,'abc'),(3424,'abc'),(3425,'abc'),(3426,'abc'),(3427,'abc'),(3428,'abc'),(3429,'abc'),(3430,'abc'),(3431,'abc'),(3432,'abc'),(3433,'abc'),(3434,'abc'),(3435,'abc'),(3436,'abc'),(3437,'abc'),(3438,'abc'),(3439,'abc'),(3440,'abc'),(3441,'abc'),(3442,'abc'),(3443,'abc'),(3444,'abc'),(3445,'abc'),(3446,'abc'),(3447,'abc'),(3448,'abc'),(3449,'abc'),(3450,'abc'),(3451,'abc'),(3452,'abc'),(3453,'abc'),(3454,'abc'),(3455,'abc'),(3456,'abc'),(3457,'abc'),(3458,'abc'),(3459,'abc'),(3460,'abc'),(3461,'abc'),(3462,'abc'),(3463,'abc'),(3464,'abc'),(3465,'abc'),(3466,'abc'),(3467,'abc'),(3468,'abc'),(3469,'abc'),(3470,'abc'),(3471,'abc'),(3472,'abc'),(3473,'abc'),(3474,'abc'),(3475,'abc'),(3476,'abc'),(3477,'abc'),(3478,'abc'),(3479,'abc'),(3480,'abc'),(3481,'abc'),(3482,'abc'),(3483,'abc'),(3484,'abc'),(3485,'abc'),(3486,'abc'),(3487,'abc'),(3488,'abc'),(3489,'abc'),(3490,'abc'),(3491,'abc'),(3492,'abc'),(3493,'abc'),(3494,'abc'),(3495,'abc'),(3496,'abc'),(3497,'abc'),(3498,'abc'),(3499,'abc'),(3500,'abc'),(3501,'abc'),(3502,'abc'),(3503,'abc'),(3504,'abc'),(3505,'abc'),(3506,'abc'),(3507,'abc'),(3508,'abc'),(3509,'abc'),(3510,'abc'),(3511,'abc'),(3512,'abc'),(3513,'abc'),(3514,'abc'),(3515,'abc'),(3516,'abc'),(3517,'abc'),(3518,'abc'),(3519,'abc'),(3520,'abc'),(3521,'abc'),(3522,'abc'),(3523,'abc'),(3524,'abc'),(3525,'abc'),(3526,'abc'),(3527,'abc'),(3528,'abc'),(3529,'abc'),(3530,'abc'),(3531,'abc'),(3532,'abc'),(3533,'abc'),(3534,'abc'),(3535,'abc'),(3536,'abc'),(3537,'abc'),(3538,'abc'),(3539,'abc'),(3540,'abc'),(3541,'abc'),(3542,'abc'),(3543,'abc'),(3544,'abc'),(3545,'abc'),(3546,'abc'),(3547,'abc'),(3548,'abc'),(3549,'abc'),(3550,'abc'),(3551,'abc'),(3552,'abc'),(3553,'abc'),(3554,'abc'),(3555,'abc'),(3556,'abc'),(3557,'abc'),(3558,'abc'),(3559,'abc'),(3560,'abc'),(3561,'abc'),(3562,'abc'),(3563,'abc'),(3564,'abc'),(3565,'abc'),(3566,'abc'),(3567,'abc'),(3568,'abc'),(3569,'abc'),(3570,'abc'),(3571,'abc'),(3572,'abc'),(3573,'abc'),(3574,'abc'),(3575,'abc'),(3576,'abc'),(3577,'abc'),(3578,'abc'),(3579,'abc'),(3580,'abc'),(3581,'abc'),(3582,'abc'),(3583,'abc'),(3584,'abc'),(3585,'abc'),(3586,'abc'),(3587,'abc'),(3588,'abc'),(3589,'abc'),(3590,'abc'),(3591,'abc'),(3592,'abc'),(3593,'abc'),(3594,'abc'),(3595,'abc'),(3596,'abc'),(3597,'abc'),(3598,'abc'),(3599,'abc'),(3600,'abc'),(3601,'abc'),(3602,'abc'),(3603,'abc'),(3604,'abc'),(3605,'abc'),(3606,'abc'),(3607,'abc'),(3608,'abc'),(3609,'abc'),(3610,'abc'),(3611,'abc'),(3612,'abc'),(3613,'abc'),(3614,'abc'),(3615,'abc'),(3616,'abc'),(3617,'abc'),(3618,'abc'),(3619,'abc'),(3620,'abc'),(3621,'abc'),(3622,'abc'),(3623,'abc'),(3624,'abc'),(3625,'abc'),(3626,'abc'),(3627,'abc'),(3628,'abc'),(3629,'abc'),(3630,'abc'),(3631,'abc'),(3632,'abc'),(3633,'abc'),(3634,'abc'),(3635,'abc'),(3636,'abc'),(3637,'abc'),(3638,'abc'),(3639,'abc'),(3640,'abc'),(3641,'abc'),(3642,'abc'),(3643,'abc'),(3644,'abc'),(3645,'abc'),(3646,'abc'),(3647,'abc'),(3648,'abc'),(3649,'abc'),(3650,'abc'),(3651,'abc'),(3652,'abc'),(3653,'abc'),(3654,'abc'),(3655,'abc'),(3656,'abc'),(3657,'abc'),(3658,'abc'),(3659,'abc'),(3660,'abc'),(3661,'abc'),(3662,'abc'),(3663,'abc'),(3664,'abc'),(3665,'abc'),(3666,'abc'),(3667,'abc'),(3668,'abc'),(3669,'abc'),(3670,'abc'),(3671,'abc'),(3672,'abc'),(3673,'abc'),(3674,'abc'),(3675,'abc'),(3676,'abc'),(3677,'abc'),(3678,'abc'),(3679,'abc'),(3680,'abc'),(3681,'abc'),(3682,'abc'),(3683,'abc'),(3684,'abc'),(3685,'abc'),(3686,'abc'),(3687,'abc'),(3688,'abc'),(3689,'abc'),(3690,'abc'),(3691,'abc'),(3692,'abc'),(3693,'abc'),(3694,'abc'),(3695,'abc'),(3696,'abc'),(3697,'abc'),(3698,'abc'),(3699,'abc'),(3700,'abc'),(3701,'abc'),(3702,'abc'),(3703,'abc'),(3704,'abc'),(3705,'abc'),(3706,'abc'),(3707,'abc'),(3708,'abc'),(3709,'abc'),(3710,'abc'),(3711,'abc'),(3712,'abc'),(3713,'abc'),(3714,'abc'),(3715,'abc'),(3716,'abc'),(3717,'abc'),(3718,'abc'),(3719,'abc'),(3720,'abc'),(3721,'abc'),(3722,'abc'),(3723,'abc'),(3724,'abc'),(3725,'abc'),(3726,'abc'),(3727,'abc'),(3728,'abc'),(3729,'abc'),(3730,'abc'),(3731,'abc'),(3732,'abc'),(3733,'abc'),(3734,'abc'),(3735,'abc'),(3736,'abc'),(3737,'abc'),(3738,'abc'),(3739,'abc'),(3740,'abc'),(3741,'abc'),(3742,'abc'),(3743,'abc'),(3744,'abc'),(3745,'abc'),(3746,'abc'),(3747,'abc'),(3748,'abc'),(3749,'abc'),(3750,'abc'),(3751,'abc'),(3752,'abc'),(3753,'abc'),(3754,'abc'),(3755,'abc'),(3756,'abc'),(3757,'abc'),(3758,'abc'),(3759,'abc'),(3760,'abc'),(3761,'abc'),(3762,'abc'),(3763,'abc'),(3764,'abc'),(3765,'abc'),(3766,'abc'),(3767,'abc'),(3768,'abc'),(3769,'abc'),(3770,'abc'),(3771,'abc'),(3772,'abc'),(3773,'abc'),(3774,'abc'),(3775,'abc'),(3776,'abc'),(3777,'abc'),(3778,'abc'),(3779,'abc'),(3780,'abc'),(3781,'abc'),(3782,'abc'),(3783,'abc'),(3784,'abc'),(3785,'abc'),(3786,'abc'),(3787,'abc'),(3788,'abc'),(3789,'abc'),(3790,'abc'),(3791,'abc'),(3792,'abc'),(3793,'abc'),(3794,'abc'),(3795,'abc'),(3796,'abc'),(3797,'abc'),(3798,'abc'),(3799,'abc'),(3800,'abc'),(3801,'abc'),(3802,'abc'),(3803,'abc'),(3804,'abc'),(3805,'abc'),(3806,'abc'),(3807,'abc'),(3808,'abc'),(3809,'abc'),(3810,'abc'),(3811,'abc'),(3812,'abc'),(3813,'abc'),(3814,'abc'),(3815,'abc'),(3816,'abc'),(3817,'abc'),(3818,'abc'),(3819,'abc'),(3820,'abc'),(3821,'abc'),(3822,'abc'),(3823,'abc'),(3824,'abc'),(3825,'abc'),(3826,'abc'),(3827,'abc'),(3828,'abc'),(3829,'abc'),(3830,'abc'),(3831,'abc'),(3832,'abc'),(3833,'abc'),(3834,'abc'),(3835,'abc'),(3836,'abc'),(3837,'abc'),(3838,'abc'),(3839,'abc'),(3840,'abc'),(3841,'abc'),(3842,'abc'),(3843,'abc'),(3844,'abc'),(3845,'abc'),(3846,'abc'),(3847,'abc'),(3848,'abc'),(3849,'abc'),(3850,'abc'),(3851,'abc'),(3852,'abc'),(3853,'abc'),(3854,'abc'),(3855,'abc'),(3856,'abc'),(3857,'abc'),(3858,'abc'),(3859,'abc'),(3860,'abc'),(3861,'abc'),(3862,'abc'),(3863,'abc'),(3864,'abc'),(3865,'abc'),(3866,'abc'),(3867,'abc'),(3868,'abc'),(3869,'abc'),(3870,'abc'),(3871,'abc'),(3872,'abc'),(3873,'abc'),(3874,'abc'),(3875,'abc'),(3876,'abc'),(3877,'abc'),(3878,'abc'),(3879,'abc'),(3880,'abc'),(3881,'abc'),(3882,'abc'),(3883,'abc'),(3884,'abc'),(3885,'abc'),(3886,'abc'),(3887,'abc'),(3888,'abc'),(3889,'abc'),(3890,'abc'),(3891,'abc'),(3892,'abc'),(3893,'abc'),(3894,'abc'),(3895,'abc'),(3896,'abc'),(3897,'abc'),(3898,'abc'),(3899,'abc'),(3900,'abc'),(3901,'abc'),(3902,'abc'),(3903,'abc'),(3904,'abc'),(3905,'abc'),(3906,'abc'),(3907,'abc'),(3908,'abc'),(3909,'abc'),(3910,'abc'),(3911,'abc'),(3912,'abc'),(3913,'abc'),(3914,'abc'),(3915,'abc'),(3916,'abc'),(3917,'abc'),(3918,'abc'),(3919,'abc'),(3920,'abc'),(3921,'abc'),(3922,'abc'),(3923,'abc'),(3924,'abc'),(3925,'abc'),(3926,'abc'),(3927,'abc'),(3928,'abc'),(3929,'abc'),(3930,'abc'),(3931,'abc'),(3932,'abc'),(3933,'abc'),(3934,'abc'),(3935,'abc'),(3936,'abc'),(3937,'abc'),(3938,'abc'),(3939,'abc'),(3940,'abc'),(3941,'abc'),(3942,'abc'),(3943,'abc'),(3944,'abc'),(3945,'abc'),(3946,'abc'),(3947,'abc'),(3948,'abc'),(3949,'abc'),(3950,'abc'),(3951,'abc'),(3952,'abc'),(3953,'abc'),(3954,'abc'),(3955,'abc'),(3956,'abc'),(3957,'abc'),(3958,'abc'),(3959,'abc'),(3960,'abc'),(3961,'abc'),(3962,'abc'),(3963,'abc'),(3964,'abc'),(3965,'abc'),(3966,'abc'),(3967,'abc'),(3968,'abc'),(3969,'abc'),(3970,'abc'),(3971,'abc'),(3972,'abc'),(3973,'abc'),(3974,'abc'),(3975,'abc'),(3976,'abc'),(3977,'abc'),(3978,'abc'),(3979,'abc'),(3980,'abc'),(3981,'abc'),(3982,'abc'),(3983,'abc'),(3984,'abc'),(3985,'abc'),(3986,'abc'),(3987,'abc'),(3988,'abc'),(3989,'abc'),(3990,'abc'),(3991,'abc'),(3992,'abc'),(3993,'abc'),(3994,'abc'),(3995,'abc'),(3996,'abc'),(3997,'abc'),(3998,'abc'),(3999,'abc'),(4000,'abc'),(4001,'abc'),(4002,'abc'),(4003,'abc'),(4004,'abc'),(4005,'abc'),(4006,'abc'),(4007,'abc'),(4008,'abc'),(4009,'abc'),(4010,'abc'),(4011,'abc'),(4012,'abc'),(4013,'abc'),(4014,'abc'),(4015,'abc'),(4016,'abc'),(4017,'abc'),(4018,'abc'),(4019,'abc'),(4020,'abc'),(4021,'abc'),(4022,'abc'),(4023,'abc'),(4024,'abc'),(4025,'abc'),(4026,'abc'),(4027,'abc'),(4028,'abc'),(4029,'abc'),(4030,'abc'),(4031,'abc'),(4032,'abc'),(4033,'abc'),(4034,'abc'),(4035,'abc'),(4036,'abc'),(4037,'abc'),(4038,'abc'),(4039,'abc'),(4040,'abc'),(4041,'abc'),(4042,'abc'),(4043,'abc'),(4044,'abc'),(4045,'abc'),(4046,'abc'),(4047,'abc'),(4048,'abc'),(4049,'abc'),(4050,'abc'),(4051,'abc'),(4052,'abc'),(4053,'abc'),(4054,'abc'),(4055,'abc'),(4056,'abc'),(4057,'abc'),(4058,'abc'),(4059,'abc'),(4060,'abc'),(4061,'abc'),(4062,'abc'),(4063,'abc'),(4064,'abc'),(4065,'abc'),(4066,'abc'),(4067,'abc'),(4068,'abc'),(4069,'abc'),(4070,'abc'),(4071,'abc'),(4072,'abc'),(4073,'abc'),(4074,'abc'),(4075,'abc'),(4076,'abc'),(4077,'abc'),(4078,'abc'),(4079,'abc'),(4080,'abc'),(4081,'abc'),(4082,'abc'),(4083,'abc'),(4084,'abc'),(4085,'abc'),(4086,'abc'),(4087,'abc'),(4088,'abc'),(4089,'abc'),(4090,'abc'),(4091,'abc'),(4092,'abc'),(4093,'abc'),(4094,'abc'),(4095,'abc'),(4096,'abc'),(4097,'abc'),(4098,'abc'),(4099,'abc'),(4100,'abc'),(4101,'abc'),(4102,'abc'),(4103,'abc'),(4104,'abc'),(4105,'abc'),(4106,'abc'),(4107,'abc'),(4108,'abc'),(4109,'abc'),(4110,'abc'),(4111,'abc'),(4112,'abc'),(4113,'abc'),(4114,'abc'),(4115,'abc'),(4116,'abc'),(4117,'abc'),(4118,'abc'),(4119,'abc'),(4120,'abc'),(4121,'abc'),(4122,'abc'),(4123,'abc'),(4124,'abc'),(4125,'abc'),(4126,'abc'),(4127,'abc'),(4128,'abc'),(4129,'abc'),(4130,'abc'),(4131,'abc'),(4132,'abc'),(4133,'abc'),(4134,'abc'),(4135,'abc'),(4136,'abc'),(4137,'abc'),(4138,'abc'),(4139,'abc'),(4140,'abc'),(4141,'abc'),(4142,'abc'),(4143,'abc'),(4144,'abc'),(4145,'abc'),(4146,'abc'),(4147,'abc'),(4148,'abc'),(4149,'abc'),(4150,'abc'),(4151,'abc'),(4152,'abc'),(4153,'abc'),(4154,'abc'),(4155,'abc'),(4156,'abc'),(4157,'abc'),(4158,'abc'),(4159,'abc'),(4160,'abc'),(4161,'abc'),(4162,'abc'),(4163,'abc'),(4164,'abc'),(4165,'abc'),(4166,'abc'),(4167,'abc'),(4168,'abc'),(4169,'abc'),(4170,'abc'),(4171,'abc'),(4172,'abc'),(4173,'abc'),(4174,'abc'),(4175,'abc'),(4176,'abc'),(4177,'abc'),(4178,'abc'),(4179,'abc'),(4180,'abc'),(4181,'abc'),(4182,'abc'),(4183,'abc'),(4184,'abc'),(4185,'abc'),(4186,'abc'),(4187,'abc'),(4188,'abc'),(4189,'abc'),(4190,'abc'),(4191,'abc'),(4192,'abc'),(4193,'abc'),(4194,'abc'),(4195,'abc'),(4196,'abc'),(4197,'abc'),(4198,'abc'),(4199,'abc'),(4200,'abc'),(4201,'abc'),(4202,'abc'),(4203,'abc'),(4204,'abc'),(4205,'abc'),(4206,'abc'),(4207,'abc'),(4208,'abc'),(4209,'abc'),(4210,'abc'),(4211,'abc'),(4212,'abc'),(4213,'abc'),(4214,'abc'),(4215,'abc'),(4216,'abc'),(4217,'abc'),(4218,'abc'),(4219,'abc'),(4220,'abc'),(4221,'abc'),(4222,'abc'),(4223,'abc'),(4224,'abc'),(4225,'abc'),(4226,'abc'),(4227,'abc'),(4228,'abc'),(4229,'abc'),(4230,'abc'),(4231,'abc'),(4232,'abc'),(4233,'abc'),(4234,'abc'),(4235,'abc'),(4236,'abc'),(4237,'abc'),(4238,'abc'),(4239,'abc'),(4240,'abc'),(4241,'abc'),(4242,'abc'),(4243,'abc'),(4244,'abc'),(4245,'abc'),(4246,'abc'),(4247,'abc'),(4248,'abc'),(4249,'abc'),(4250,'abc'),(4251,'abc'),(4252,'abc'),(4253,'abc'),(4254,'abc'),(4255,'abc'),(4256,'abc'),(4257,'abc'),(4258,'abc'),(4259,'abc'),(4260,'abc'),(4261,'abc'),(4262,'abc'),(4263,'abc'),(4264,'abc'),(4265,'abc'),(4266,'abc'),(4267,'abc'),(4268,'abc'),(4269,'abc'),(4270,'abc'),(4271,'abc'),(4272,'abc'),(4273,'abc'),(4274,'abc'),(4275,'abc'),(4276,'abc'),(4277,'abc'),(4278,'abc'),(4279,'abc'),(4280,'abc'),(4281,'abc'),(4282,'abc'),(4283,'abc'),(4284,'abc'),(4285,'abc'),(4286,'abc'),(4287,'abc'),(4288,'abc'),(4289,'abc'),(4290,'abc'),(4291,'abc'),(4292,'abc'),(4293,'abc'),(4294,'abc'),(4295,'abc'),(4296,'abc'),(4297,'abc'),(4298,'abc'),(4299,'abc'),(4300,'abc'),(4301,'abc'),(4302,'abc'),(4303,'abc'),(4304,'abc'),(4305,'abc'),(4306,'abc'),(4307,'abc'),(4308,'abc'),(4309,'abc'),(4310,'abc'),(4311,'abc'),(4312,'abc'),(4313,'abc'),(4314,'abc'),(4315,'abc'),(4316,'abc'),(4317,'abc'),(4318,'abc'),(4319,'abc'),(4320,'abc'),(4321,'abc'),(4322,'abc'),(4323,'abc'),(4324,'abc'),(4325,'abc'),(4326,'abc'),(4327,'abc'),(4328,'abc'),(4329,'abc'),(4330,'abc'),(4331,'abc'),(4332,'abc'),(4333,'abc'),(4334,'abc'),(4335,'abc'),(4336,'abc'),(4337,'abc'),(4338,'abc'),(4339,'abc'),(4340,'abc'),(4341,'abc'),(4342,'abc'),(4343,'abc'),(4344,'abc'),(4345,'abc'),(4346,'abc'),(4347,'abc'),(4348,'abc'),(4349,'abc'),(4350,'abc'),(4351,'abc'),(4352,'abc'),(4353,'abc'),(4354,'abc'),(4355,'abc'),(4356,'abc'),(4357,'abc'),(4358,'abc'),(4359,'abc'),(4360,'abc'),(4361,'abc'),(4362,'abc'),(4363,'abc'),(4364,'abc'),(4365,'abc'),(4366,'abc'),(4367,'abc'),(4368,'abc'),(4369,'abc'),(4370,'abc'),(4371,'abc'),(4372,'abc'),(4373,'abc');

/*Table structure for table `urights` */

DROP TABLE IF EXISTS `urights`;

CREATE TABLE `urights` (
  `uId` int(3) DEFAULT NULL,
  `mmenuId` int(2) DEFAULT NULL,
  `smenuId` int(2) DEFAULT NULL,
  `cAdd` int(1) DEFAULT NULL,
  `cEdit` int(1) DEFAULT NULL,
  `cDelete` int(1) DEFAULT NULL,
  `cPrint` int(1) DEFAULT NULL
) ENGINE=MyISAM DEFAULT CHARSET=latin1 ROW_FORMAT=FIXED;

/*Data for the table `urights` */

insert  into `urights`(`uId`,`mmenuId`,`smenuId`,`cAdd`,`cEdit`,`cDelete`,`cPrint`) values (1,1,1,1,1,1,1),(1,2,5,1,1,1,1),(1,4,14,1,1,1,1),(2,1,1,1,1,1,1),(2,2,5,1,1,1,1),(2,1,3,1,1,1,1),(2,2,6,1,1,1,1),(2,2,7,1,1,1,1),(2,2,8,1,1,1,1),(2,2,9,1,1,1,1),(2,3,10,1,1,1,1),(2,3,4,1,1,1,1),(1,1,2,1,1,1,1),(1,1,3,1,1,1,1),(1,2,18,1,1,1,1),(1,2,8,1,1,1,1),(1,2,9,1,1,1,1),(1,3,10,1,1,1,1),(1,3,4,1,1,1,1),(1,4,11,1,1,1,1),(1,4,12,1,1,1,1),(1,4,13,1,1,1,1),(2,1,2,1,1,1,1),(2,2,15,1,1,1,1),(0,1,1,1,1,1,1),(0,1,2,1,1,1,1),(0,1,3,1,1,1,1),(0,2,5,1,1,1,1),(0,2,6,1,1,1,1),(0,2,7,1,1,1,1),(0,2,8,1,1,1,1),(0,2,9,1,1,1,1),(0,2,15,1,1,0,0),(0,3,10,1,1,1,1),(0,3,4,1,1,1,1),(0,4,11,1,1,1,1),(0,4,12,1,1,1,1),(0,4,13,1,1,1,1),(0,4,14,1,1,1,1),(1,2,15,1,1,1,1),(38,1,1,1,1,0,0),(1,2,17,1,1,1,1),(42,1,1,1,1,1,1),(42,1,2,1,1,1,1),(42,1,3,1,1,1,1),(42,2,5,1,1,1,1),(42,2,17,1,1,1,1),(42,2,6,1,1,1,1),(42,2,7,1,1,1,1),(42,2,8,1,1,1,1),(42,2,18,1,1,1,1),(42,2,9,1,1,1,1),(42,2,15,1,1,1,1),(42,3,10,1,1,1,1),(42,3,19,1,1,1,1);

/*Table structure for table `users` */

DROP TABLE IF EXISTS `users`;

CREATE TABLE `users` (
  `uId` int(3) NOT NULL AUTO_INCREMENT,
  `uDesc` varchar(50) DEFAULT NULL,
  `uPass` varchar(50) DEFAULT NULL,
  `deptId` int(3) DEFAULT NULL,
  `userType` varchar(5) DEFAULT NULL,
  `hrisId` int(100) NOT NULL,
  `RecordStatus` tinyint(1) NOT NULL DEFAULT '1',
  PRIMARY KEY (`uId`)
) ENGINE=MyISAM AUTO_INCREMENT=43 DEFAULT CHARSET=latin1;

/*Data for the table `users` */

insert  into `users`(`uId`,`uDesc`,`uPass`,`deptId`,`userType`,`hrisId`,`RecordStatus`) values (1,'admin','bsrkhan8',17,'Admin',46464,1),(42,'muqeem','ntdc12345',NULL,'User',6893,1);

/*Table structure for table `usertablelog` */

DROP TABLE IF EXISTS `usertablelog`;

CREATE TABLE `usertablelog` (
  `UserTableLog_PK` int(11) NOT NULL AUTO_INCREMENT,
  `UserId` int(200) NOT NULL,
  `DateTime` timestamp NOT NULL DEFAULT CURRENT_TIMESTAMP,
  `Action` varchar(1) NOT NULL,
  `uId` int(200) NOT NULL,
  PRIMARY KEY (`UserTableLog_PK`)
) ENGINE=InnoDB AUTO_INCREMENT=22 DEFAULT CHARSET=latin1;

/*Data for the table `usertablelog` */

insert  into `usertablelog`(`UserTableLog_PK`,`UserId`,`DateTime`,`Action`,`uId`) values (1,1,'2018-03-03 04:39:07','0',1),(2,1,'2018-03-03 04:40:20','0',41),(3,1,'2018-03-03 04:45:40','0',37),(4,1,'2018-03-03 04:45:45','0',39),(5,1,'2018-03-03 04:46:00','0',22),(6,1,'2018-03-03 04:46:48','0',25),(7,1,'2018-03-03 06:24:25','0',1),(8,1,'2018-03-03 06:38:20','0',5),(9,1,'2018-03-03 06:38:24','0',14),(10,1,'2018-03-03 06:38:30','0',8),(11,1,'2018-03-03 06:38:33','0',11),(12,1,'2018-03-03 06:38:38','0',6),(13,1,'2018-03-03 06:38:41','0',28),(14,1,'2019-02-07 05:41:33','E',41),(15,1,'2019-02-25 10:27:55','E',1),(16,1,'2019-03-13 09:42:35','E',1),(17,1,'2019-03-13 09:43:35','D',41),(18,1,'2019-03-13 09:43:38','D',27),(19,1,'2019-03-13 09:43:41','D',38),(20,1,'2019-03-13 09:43:45','D',40),(21,1,'2019-03-19 16:31:07','E',1);

/*!40101 SET SQL_MODE=@OLD_SQL_MODE */;
/*!40014 SET FOREIGN_KEY_CHECKS=@OLD_FOREIGN_KEY_CHECKS */;
/*!40014 SET UNIQUE_CHECKS=@OLD_UNIQUE_CHECKS */;
/*!40111 SET SQL_NOTES=@OLD_SQL_NOTES */;
tsgportalexaminations